id,name,brand,category,type,price,description
1001,Samsung Smartphone Prime 100,Samsung,Electronics,Smartphone,10149,This smartphone from Samsung is a budget friendly option designed for daily use. It offers long battery life, lightweight and portable and fast charging support. Ideal choice for customers looking for a reliable smartphone in the electronics category at around 10149 rupees.
1002,Xiaomi Laptop Pro 107,Xiaomi,Electronics,Laptop,8959,This laptop from Xiaomi is a premium quality product designed for daily use. It offers fast charging support, excellent camera quality and low latency wireless connection. Ideal choice for customers looking for a reliable laptop in the electronics category at around 8959 rupees.
1003,HP Headphones Edge 114,HP,Electronics,Headphones,10745,This headphones from HP is a mid range value for money pick designed for daily use. It offers high refresh rate display, long battery life and suitable for gaming. Ideal choice for customers looking for a reliable headphones in the electronics category at around 10745 rupees.
1004,Realme Smartwatch Elite 121,Realme,Electronics,Smartwatch,19854,This smartwatch from Realme is a entry level basic model designed for daily use. It offers noise cancellation, noise cancellation and high refresh rate display. Ideal choice for customers looking for a reliable smartwatch in the electronics category at around 19854 rupees.
1005,OnePlus Tablet Elite 128,OnePlus,Electronics,Tablet,13049,This tablet from OnePlus is a professional grade performance designed for daily use. It offers lightweight and portable, great for online classes and durable metal body. Ideal choice for customers looking for a reliable tablet in the electronics category at around 13049 rupees.
1006,Dell Power Bank Pro 135,Dell,Electronics,Power Bank,5010,This power bank from Dell is a budget friendly option designed for daily use. It offers suitable for gaming, durable metal body and great for online classes. Ideal choice for customers looking for a reliable power bank in the electronics category at around 5010 rupees.
1007,Boat Bluetooth Speaker Nova 142,Boat,Electronics,Bluetooth Speaker,8680,This bluetooth speaker from Boat is a premium quality product designed for daily use. It offers great for online classes, high refresh rate display and noise cancellation. Ideal choice for customers looking for a reliable bluetooth speaker in the electronics category at around 8680 rupees.
1008,Apple Monitor Neo 149,Apple,Electronics,Monitor,4599,This monitor from Apple is a mid range value for money pick designed for daily use. It offers excellent camera quality, suitable for gaming and long battery life. Ideal choice for customers looking for a reliable monitor in the electronics category at around 4599 rupees.
1009,Sony Keyboard Neo 156,Sony,Electronics,Keyboard,4576,This keyboard from Sony is a entry level basic model designed for daily use. It offers low latency wireless connection, low latency wireless connection and excellent camera quality. Ideal choice for customers looking for a reliable keyboard in the electronics category at around 4576 rupees.
1010,Lenovo Mouse Pro 163,Lenovo,Electronics,Mouse,550,This mouse from Lenovo is a professional grade performance designed for daily use. It offers durable metal body, fast charging support and lightweight and portable. Ideal choice for customers looking for a reliable mouse in the electronics category at around 550 rupees.
1011,Samsung Camera Core 170,Samsung,Electronics,Camera,55248,This camera from Samsung is a budget friendly option designed for daily use. It offers long battery life, lightweight and portable and fast charging support. Ideal choice for customers looking for a reliable camera in the electronics category at around 55248 rupees.
1012,Xiaomi Earbuds Elite 177,Xiaomi,Electronics,Earbuds,14880,This earbuds from Xiaomi is a premium quality product designed for daily use. It offers fast charging support, excellent camera quality and low latency wireless connection. Ideal choice for customers looking for a reliable earbuds in the electronics category at around 14880 rupees.
1013,Apple Smartphone Lite 184,Apple,Electronics,Smartphone,42909,This smartphone from Apple is a mid range value for money pick designed for daily use. It offers high refresh rate display, long battery life and suitable for gaming. Ideal choice for customers looking for a reliable smartphone in the electronics category at around 42909 rupees.
1014,Sony Laptop Plus 191,Sony,Electronics,Laptop,90859,This laptop from Sony is a entry level basic model designed for daily use. It offers noise cancellation, noise cancellation and high refresh rate display. Ideal choice for customers looking for a reliable laptop in the electronics category at around 90859 rupees.
1015,Lenovo Headphones Plus 198,Lenovo,Electronics,Headphones,11375,This headphones from Lenovo is a professional grade performance designed for daily use. It offers lightweight and portable, great for online classes and durable metal body. Ideal choice for customers looking for a reliable headphones in the electronics category at around 11375 rupees.
1016,Samsung Smartwatch Pro 205,Samsung,Electronics,Smartwatch,7974,This smartwatch from Samsung is a budget friendly option designed for daily use. It offers suitable for gaming, durable metal body and great for online classes. Ideal choice for customers looking for a reliable smartwatch in the electronics category at around 7974 rupees.
1017,Xiaomi Tablet Neo 212,Xiaomi,Electronics,Tablet,3329,This tablet from Xiaomi is a premium quality product designed for daily use. It offers great for online classes, high refresh rate display and noise cancellation. Ideal choice for customers looking for a reliable tablet in the electronics category at around 3329 rupees.
1018,HP Power Bank Core 219,HP,Electronics,Power Bank,5280,This power bank from HP is a mid range value for money pick designed for daily use. It offers excellent camera quality, suitable for gaming and long battery life. Ideal choice for customers looking for a reliable power bank in the electronics category at around 5280 rupees.
1019,Realme Bluetooth Speaker Lite 226,Realme,Electronics,Bluetooth Speaker,28480,This bluetooth speaker from Realme is a entry level basic model designed for daily use. It offers low latency wireless connection, low latency wireless connection and excellent camera quality. Ideal choice for customers looking for a reliable bluetooth speaker in the electronics category at around 28480 rupees.
1020,OnePlus Monitor Plus 233,OnePlus,Electronics,Monitor,28899,This monitor from OnePlus is a professional grade performance designed for daily use. It offers durable metal body, fast charging support and lightweight and portable. Ideal choice for customers looking for a reliable monitor in the electronics category at around 28899 rupees.
1021,Dell Keyboard Neo 240,Dell,Electronics,Keyboard,9130,This keyboard from Dell is a budget friendly option designed for daily use. It offers long battery life, lightweight and portable and fast charging support. Ideal choice for customers looking for a reliable keyboard in the electronics category at around 9130 rupees.
1022,Boat Mouse Max 247,Boat,Electronics,Mouse,3430,This mouse from Boat is a premium quality product designed for daily use. It offers fast charging support, excellent camera quality and low latency wireless connection. Ideal choice for customers looking for a reliable mouse in the electronics category at around 3430 rupees.
1023,Apple Camera Plus 254,Apple,Electronics,Camera,46068,This camera from Apple is a mid range value for money pick designed for daily use. It offers high refresh rate display, long battery life and suitable for gaming. Ideal choice for customers looking for a reliable camera in the electronics category at around 46068 rupees.
1024,Sony Earbuds Classic 261,Sony,Electronics,Earbuds,18120,This earbuds from Sony is a entry level basic model designed for daily use. It offers noise cancellation, noise cancellation and high refresh rate display. Ideal choice for customers looking for a reliable earbuds in the electronics category at around 18120 rupees.
1025,OnePlus Smartphone Pro 268,OnePlus,Electronics,Smartphone,46689,This smartphone from OnePlus is a professional grade performance designed for daily use. It offers lightweight and portable, great for online classes and durable metal body. Ideal choice for customers looking for a reliable smartphone in the electronics category at around 46689 rupees.
1026,Dell Laptop Neo 275,Dell,Electronics,Laptop,37939,This laptop from Dell is a budget friendly option designed for daily use. It offers suitable for gaming, durable metal body and great for online classes. Ideal choice for customers looking for a reliable laptop in the electronics category at around 37939 rupees.
1027,Boat Headphones Edge 282,Boat,Electronics,Headphones,17045,This headphones from Boat is a premium quality product designed for daily use. It offers great for online classes, high refresh rate display and noise cancellation. Ideal choice for customers looking for a reliable headphones in the electronics category at around 17045 rupees.
1028,Apple Smartwatch Ultra 289,Apple,Electronics,Smartwatch,5004,This smartwatch from Apple is a mid range value for money pick designed for daily use. It offers excellent camera quality, suitable for gaming and long battery life. Ideal choice for customers looking for a reliable smartwatch in the electronics category at around 5004 rupees.
1029,Sony Tablet Lite 296,Sony,Electronics,Tablet,27629,This tablet from Sony is a entry level basic model designed for daily use. It offers low latency wireless connection, low latency wireless connection and excellent camera quality. Ideal choice for customers looking for a reliable tablet in the electronics category at around 27629 rupees.
1030,Lenovo Power Bank Core 303,Lenovo,Electronics,Power Bank,7575,This power bank from Lenovo is a professional grade performance designed for daily use. It offers durable metal body, fast charging support and lightweight and portable. Ideal choice for customers looking for a reliable power bank in the electronics category at around 7575 rupees.
1031,Samsung Bluetooth Speaker Lite 310,Samsung,Electronics,Bluetooth Speaker,7600,This bluetooth speaker from Samsung is a budget friendly option designed for daily use. It offers long battery life, lightweight and portable and fast charging support. Ideal choice for customers looking for a reliable bluetooth speaker in the electronics category at around 7600 rupees.
1032,Xiaomi Monitor Ultra 317,Xiaomi,Electronics,Monitor,9099,This monitor from Xiaomi is a premium quality product designed for daily use. It offers fast charging support, excellent camera quality and low latency wireless connection. Ideal choice for customers looking for a reliable monitor in the electronics category at around 9099 rupees.
1033,HP Keyboard Air 324,HP,Electronics,Keyboard,4972,This keyboard from HP is a mid range value for money pick designed for daily use. It offers high refresh rate display, long battery life and suitable for gaming. Ideal choice for customers looking for a reliable keyboard in the electronics category at around 4972 rupees.
1034,Realme Mouse Air 331,Realme,Electronics,Mouse,6850,This mouse from Realme is a entry level basic model designed for daily use. It offers noise cancellation, noise cancellation and high refresh rate display. Ideal choice for customers looking for a reliable mouse in the electronics category at around 6850 rupees.
1035,OnePlus Camera Ultra 338,OnePlus,Electronics,Camera,52188,This camera from OnePlus is a professional grade performance designed for daily use. It offers lightweight and portable, great for online classes and durable metal body. Ideal choice for customers looking for a reliable camera in the electronics category at around 52188 rupees.
1036,Dell Earbuds Sport 345,Dell,Electronics,Earbuds,21090,This earbuds from Dell is a budget friendly option designed for daily use. It offers suitable for gaming, durable metal body and great for online classes. Ideal choice for customers looking for a reliable earbuds in the electronics category at around 21090 rupees.
1037,Xiaomi Smartphone Air 352,Xiaomi,Electronics,Smartphone,15819,This smartphone from Xiaomi is a premium quality product designed for daily use. It offers great for online classes, high refresh rate display and noise cancellation. Ideal choice for customers looking for a reliable smartphone in the electronics category at around 15819 rupees.
1038,HP Laptop Ultra 359,HP,Electronics,Laptop,36679,This laptop from HP is a mid range value for money pick designed for daily use. It offers excellent camera quality, suitable for gaming and long battery life. Ideal choice for customers looking for a reliable laptop in the electronics category at around 36679 rupees.
1039,Realme Headphones Pro 366,Realme,Electronics,Headphones,11690,This headphones from Realme is a entry level basic model designed for daily use. It offers low latency wireless connection, low latency wireless connection and excellent camera quality. Ideal choice for customers looking for a reliable headphones in the electronics category at around 11690 rupees.
1040,OnePlus Smartwatch Air 373,OnePlus,Electronics,Smartwatch,11439,This smartwatch from OnePlus is a professional grade performance designed for daily use. It offers durable metal body, fast charging support and lightweight and portable. Ideal choice for customers looking for a reliable smartwatch in the electronics category at around 11439 rupees.
1041,Dell Tablet Plus 380,Dell,Electronics,Tablet,47879,This tablet from Dell is a budget friendly option designed for daily use. It offers long battery life, lightweight and portable and fast charging support. Ideal choice for customers looking for a reliable tablet in the electronics category at around 47879 rupees.
1042,Boat Power Bank Ultra 387,Boat,Electronics,Power Bank,555,This power bank from Boat is a premium quality product designed for daily use. It offers fast charging support, excellent camera quality and low latency wireless connection. Ideal choice for customers looking for a reliable power bank in the electronics category at around 555 rupees.
1043,Apple Bluetooth Speaker Elite 394,Apple,Electronics,Bluetooth Speaker,24880,This bluetooth speaker from Apple is a mid range value for money pick designed for daily use. It offers high refresh rate display, long battery life and suitable for gaming. Ideal choice for customers looking for a reliable bluetooth speaker in the electronics category at around 24880 rupees.
1044,Sony Monitor Nova 401,Sony,Electronics,Monitor,67599,This monitor from Sony is a entry level basic model designed for daily use. It offers noise cancellation, noise cancellation and high refresh rate display. Ideal choice for customers looking for a reliable monitor in the electronics category at around 67599 rupees.
1045,Lenovo Keyboard Edge 408,Lenovo,Electronics,Keyboard,15862,This keyboard from Lenovo is a professional grade performance designed for daily use. It offers lightweight and portable, great for online classes and durable metal body. Ideal choice for customers looking for a reliable keyboard in the electronics category at around 15862 rupees.
1046,Samsung Mouse Air 415,Samsung,Electronics,Mouse,6580,This mouse from Samsung is a budget friendly option designed for daily use. It offers suitable for gaming, durable metal body and great for online classes. Ideal choice for customers looking for a reliable mouse in the electronics category at around 6580 rupees.
1047,Xiaomi Camera Classic 422,Xiaomi,Electronics,Camera,101148,This camera from Xiaomi is a premium quality product designed for daily use. It offers great for online classes, high refresh rate display and noise cancellation. Ideal choice for customers looking for a reliable camera in the electronics category at around 101148 rupees.
1048,HP Earbuds Plus 429,HP,Electronics,Earbuds,3810,This earbuds from HP is a mid range value for money pick designed for daily use. It offers excellent camera quality, suitable for gaming and long battery life. Ideal choice for customers looking for a reliable earbuds in the electronics category at around 3810 rupees.
1049,Sony Smartphone Neo 436,Sony,Electronics,Smartphone,30939,This smartphone from Sony is a entry level basic model designed for daily use. It offers low latency wireless connection, low latency wireless connection and excellent camera quality. Ideal choice for customers looking for a reliable smartphone in the electronics category at around 30939 rupees.
1050,Lenovo Laptop Nova 443,Lenovo,Electronics,Laptop,92119,This laptop from Lenovo is a professional grade performance designed for daily use. It offers durable metal body, fast charging support and lightweight and portable. Ideal choice for customers looking for a reliable laptop in the electronics category at around 92119 rupees.
1051,Samsung Headphones Neo 450,Samsung,Electronics,Headphones,6020,This headphones from Samsung is a budget friendly option designed for daily use. It offers long battery life, lightweight and portable and fast charging support. Ideal choice for customers looking for a reliable headphones in the electronics category at around 6020 rupees.
1052,Xiaomi Smartwatch Max 457,Xiaomi,Electronics,Smartwatch,4014,This smartwatch from Xiaomi is a premium quality product designed for daily use. It offers fast charging support, excellent camera quality and low latency wireless connection. Ideal choice for customers looking for a reliable smartwatch in the electronics category at around 4014 rupees.
1053,HP Tablet Zen 464,HP,Electronics,Tablet,9809,This tablet from HP is a mid range value for money pick designed for daily use. It offers high refresh rate display, long battery life and suitable for gaming. Ideal choice for customers looking for a reliable tablet in the electronics category at around 9809 rupees.
1054,Realme Power Bank Classic 471,Realme,Electronics,Power Bank,10140,This power bank from Realme is a entry level basic model designed for daily use. It offers noise cancellation, noise cancellation and high refresh rate display. Ideal choice for customers looking for a reliable power bank in the electronics category at around 10140 rupees.
1055,OnePlus Bluetooth Speaker Pro 478,OnePlus,Electronics,Bluetooth Speaker,14440,This bluetooth speaker from OnePlus is a professional grade performance designed for daily use. It offers lightweight and portable, great for online classes and durable metal body. Ideal choice for customers looking for a reliable bluetooth speaker in the electronics category at around 14440 rupees.
1056,Dell Monitor Plus 485,Dell,Electronics,Monitor,46899,This monitor from Dell is a budget friendly option designed for daily use. It offers suitable for gaming, durable metal body and great for online classes. Ideal choice for customers looking for a reliable monitor in the electronics category at around 46899 rupees.
1057,Boat Keyboard Zen 492,Boat,Electronics,Keyboard,15466,This keyboard from Boat is a premium quality product designed for daily use. It offers great for online classes, high refresh rate display and noise cancellation. Ideal choice for customers looking for a reliable keyboard in the electronics category at around 15466 rupees.
1058,Apple Mouse Air 499,Apple,Electronics,Mouse,4150,This mouse from Apple is a mid range value for money pick designed for daily use. It offers excellent camera quality, suitable for gaming and long battery life. Ideal choice for customers looking for a reliable mouse in the electronics category at around 4150 rupees.
1059,Sony Camera Pro 506,Sony,Electronics,Camera,116448,This camera from Sony is a entry level basic model designed for daily use. It offers low latency wireless connection, low latency wireless connection and excellent camera quality. Ideal choice for customers looking for a reliable camera in the electronics category at around 116448 rupees.
1060,Lenovo Earbuds Edge 513,Lenovo,Electronics,Earbuds,14880,This earbuds from Lenovo is a professional grade performance designed for daily use. It offers durable metal body, fast charging support and lightweight and portable. Ideal choice for customers looking for a reliable earbuds in the electronics category at around 14880 rupees.
1061,Dell Smartphone Zen 520,Dell,Electronics,Smartphone,20859,This smartphone from Dell is a budget friendly option designed for daily use. It offers long battery life, lightweight and portable and fast charging support. Ideal choice for customers looking for a reliable smartphone in the electronics category at around 20859 rupees.
1062,Boat Laptop Sport 527,Boat,Electronics,Laptop,21559,This laptop from Boat is a premium quality product designed for daily use. It offers fast charging support, excellent camera quality and low latency wireless connection. Ideal choice for customers looking for a reliable laptop in the electronics category at around 21559 rupees.
1063,Apple Headphones Sport 534,Apple,Electronics,Headphones,22400,This headphones from Apple is a mid range value for money pick designed for daily use. It offers high refresh rate display, long battery life and suitable for gaming. Ideal choice for customers looking for a reliable headphones in the electronics category at around 22400 rupees.
1064,Sony Smartwatch Max 541,Sony,Electronics,Smartwatch,21339,This smartwatch from Sony is a entry level basic model designed for daily use. It offers noise cancellation, noise cancellation and high refresh rate display. Ideal choice for customers looking for a reliable smartwatch in the electronics category at around 21339 rupees.
1065,Lenovo Tablet Plus 548,Lenovo,Electronics,Tablet,54359,This tablet from Lenovo is a professional grade performance designed for daily use. It offers lightweight and portable, great for online classes and durable metal body. Ideal choice for customers looking for a reliable tablet in the electronics category at around 54359 rupees.
1066,Samsung Power Bank Neo 555,Samsung,Electronics,Power Bank,10680,This power bank from Samsung is a budget friendly option designed for daily use. It offers suitable for gaming, durable metal body and great for online classes. Ideal choice for customers looking for a reliable power bank in the electronics category at around 10680 rupees.
1067,Xiaomi Bluetooth Speaker Elite 562,Xiaomi,Electronics,Bluetooth Speaker,16240,This bluetooth speaker from Xiaomi is a premium quality product designed for daily use. It offers great for online classes, high refresh rate display and noise cancellation. Ideal choice for customers looking for a reliable bluetooth speaker in the electronics category at around 16240 rupees.
1068,HP Monitor Classic 569,HP,Electronics,Monitor,22599,This monitor from HP is a mid range value for money pick designed for daily use. It offers excellent camera quality, suitable for gaming and long battery life. Ideal choice for customers looking for a reliable monitor in the electronics category at around 22599 rupees.
1069,Realme Keyboard Zen 576,Realme,Electronics,Keyboard,4180,This keyboard from Realme is a entry level basic model designed for daily use. It offers low latency wireless connection, low latency wireless connection and excellent camera quality. Ideal choice for customers looking for a reliable keyboard in the electronics category at around 4180 rupees.
1070,OnePlus Mouse Pro 583,OnePlus,Electronics,Mouse,5050,This mouse from OnePlus is a professional grade performance designed for daily use. It offers durable metal body, fast charging support and lightweight and portable. Ideal choice for customers looking for a reliable mouse in the electronics category at around 5050 rupees.
1071,Dell Camera Zen 590,Dell,Electronics,Camera,78198,This camera from Dell is a budget friendly option designed for daily use. It offers long battery life, lightweight and portable and fast charging support. Ideal choice for customers looking for a reliable camera in the electronics category at around 78198 rupees.
1072,Boat Earbuds Lite 597,Boat,Electronics,Earbuds,5160,This earbuds from Boat is a premium quality product designed for daily use. It offers fast charging support, excellent camera quality and low latency wireless connection. Ideal choice for customers looking for a reliable earbuds in the electronics category at around 5160 rupees.
1073,HP Smartphone Prime 604,HP,Electronics,Smartphone,37239,This smartphone from HP is a mid range value for money pick designed for daily use. It offers high refresh rate display, long battery life and suitable for gaming. Ideal choice for customers looking for a reliable smartphone in the electronics category at around 37239 rupees.
1074,Realme Laptop Core 611,Realme,Electronics,Laptop,93379,This laptop from Realme is a entry level basic model designed for daily use. It offers noise cancellation, noise cancellation and high refresh rate display. Ideal choice for customers looking for a reliable laptop in the electronics category at around 93379 rupees.
1075,OnePlus Headphones Edge 618,OnePlus,Electronics,Headphones,20825,This headphones from OnePlus is a professional grade performance designed for daily use. It offers lightweight and portable, great for online classes and durable metal body. Ideal choice for customers looking for a reliable headphones in the electronics category at around 20825 rupees.
1076,Dell Smartwatch Nova 625,Dell,Electronics,Smartwatch,14904,This smartwatch from Dell is a budget friendly option designed for daily use. It offers suitable for gaming, durable metal body and great for online classes. Ideal choice for customers looking for a reliable smartwatch in the electronics category at around 14904 rupees.
1077,Boat Tablet Edge 632,Boat,Electronics,Tablet,55169,This tablet from Boat is a premium quality product designed for daily use. It offers great for online classes, high refresh rate display and noise cancellation. Ideal choice for customers looking for a reliable tablet in the electronics category at around 55169 rupees.
1078,Apple Power Bank Neo 639,Apple,Electronics,Power Bank,7710,This power bank from Apple is a mid range value for money pick designed for daily use. It offers excellent camera quality, suitable for gaming and long battery life. Ideal choice for customers looking for a reliable power bank in the electronics category at around 7710 rupees.
1079,Sony Bluetooth Speaker Edge 646,Sony,Electronics,Bluetooth Speaker,6520,This bluetooth speaker from Sony is a entry level basic model designed for daily use. It offers low latency wireless connection, low latency wireless connection and excellent camera quality. Ideal choice for customers looking for a reliable bluetooth speaker in the electronics category at around 6520 rupees.
1080,Lenovo Monitor Neo 653,Lenovo,Electronics,Monitor,54099,This monitor from Lenovo is a professional grade performance designed for daily use. It offers durable metal body, fast charging support and lightweight and portable. Ideal choice for customers looking for a reliable monitor in the electronics category at around 54099 rupees.
1081,Samsung Keyboard Zen 660,Samsung,Electronics,Keyboard,15466,This keyboard from Samsung is a budget friendly option designed for daily use. It offers long battery life, lightweight and portable and fast charging support. Ideal choice for customers looking for a reliable keyboard in the electronics category at around 15466 rupees.
1082,Xiaomi Mouse Ultra 667,Xiaomi,Electronics,Mouse,3610,This mouse from Xiaomi is a premium quality product designed for daily use. It offers fast charging support, excellent camera quality and low latency wireless connection. Ideal choice for customers looking for a reliable mouse in the electronics category at around 3610 rupees.
1083,HP Camera Neo 674,HP,Electronics,Camera,90438,This camera from HP is a mid range value for money pick designed for daily use. It offers high refresh rate display, long battery life and suitable for gaming. Ideal choice for customers looking for a reliable camera in the electronics category at around 90438 rupees.
1084,Realme Earbuds Edge 681,Realme,Electronics,Earbuds,17040,This earbuds from Realme is a entry level basic model designed for daily use. It offers noise cancellation, noise cancellation and high refresh rate display. Ideal choice for customers looking for a reliable earbuds in the electronics category at around 17040 rupees.
1085,Lenovo Smartphone Pro 688,Lenovo,Electronics,Smartphone,8889,This smartphone from Lenovo is a professional grade performance designed for daily use. It offers lightweight and portable, great for online classes and durable metal body. Ideal choice for customers looking for a reliable smartphone in the electronics category at around 8889 rupees.
1086,Samsung Laptop Zen 695,Samsung,Electronics,Laptop,25339,This laptop from Samsung is a budget friendly option designed for daily use. It offers suitable for gaming, durable metal body and great for online classes. Ideal choice for customers looking for a reliable laptop in the electronics category at around 25339 rupees.
1087,Xiaomi Headphones Max 702,Xiaomi,Electronics,Headphones,13580,This headphones from Xiaomi is a premium quality product designed for daily use. It offers great for online classes, high refresh rate display and noise cancellation. Ideal choice for customers looking for a reliable headphones in the electronics category at around 13580 rupees.
1088,HP Smartwatch Zen 709,HP,Electronics,Smartwatch,12924,This smartwatch from HP is a mid range value for money pick designed for daily use. It offers excellent camera quality, suitable for gaming and long battery life. Ideal choice for customers looking for a reliable smartwatch in the electronics category at around 12924 rupees.
1089,Realme Tablet Prime 716,Realme,Electronics,Tablet,25199,This tablet from Realme is a entry level basic model designed for daily use. It offers low latency wireless connection, low latency wireless connection and excellent camera quality. Ideal choice for customers looking for a reliable tablet in the electronics category at around 25199 rupees.
1090,OnePlus Power Bank Prime 723,OnePlus,Electronics,Power Bank,7440,This power bank from OnePlus is a professional grade performance designed for daily use. It offers durable metal body, fast charging support and lightweight and portable. Ideal choice for customers looking for a reliable power bank in the electronics category at around 7440 rupees.
1091,Dell Bluetooth Speaker Edge 730,Dell,Electronics,Bluetooth Speaker,4720,This bluetooth speaker from Dell is a budget friendly option designed for daily use. It offers long battery life, lightweight and portable and fast charging support. Ideal choice for customers looking for a reliable bluetooth speaker in the electronics category at around 4720 rupees.
1092,Boat Monitor Classic 737,Boat,Electronics,Monitor,24399,This monitor from Boat is a premium quality product designed for daily use. It offers fast charging support, excellent camera quality and low latency wireless connection. Ideal choice for customers looking for a reliable monitor in the electronics category at around 24399 rupees.
1093,Apple Keyboard Pro 744,Apple,Electronics,Keyboard,8536,This keyboard from Apple is a mid range value for money pick designed for daily use. It offers high refresh rate display, long battery life and suitable for gaming. Ideal choice for customers looking for a reliable keyboard in the electronics category at around 8536 rupees.
1094,Sony Mouse Sport 751,Sony,Electronics,Mouse,2170,This mouse from Sony is a entry level basic model designed for daily use. It offers noise cancellation, noise cancellation and high refresh rate display. Ideal choice for customers looking for a reliable mouse in the electronics category at around 2170 rupees.
1095,Lenovo Camera Neo 758,Lenovo,Electronics,Camera,108798,This camera from Lenovo is a professional grade performance designed for daily use. It offers lightweight and portable, great for online classes and durable metal body. Ideal choice for customers looking for a reliable camera in the electronics category at around 108798 rupees.
1096,Samsung Earbuds Prime 765,Samsung,Electronics,Earbuds,8670,This earbuds from Samsung is a budget friendly option designed for daily use. It offers suitable for gaming, durable metal body and great for online classes. Ideal choice for customers looking for a reliable earbuds in the electronics category at around 8670 rupees.
1097,Boat Smartphone Core 772,Boat,Electronics,Smartphone,32199,This smartphone from Boat is a premium quality product designed for daily use. It offers great for online classes, high refresh rate display and noise cancellation. Ideal choice for customers looking for a reliable smartphone in the electronics category at around 32199 rupees.
1098,Apple Laptop Prime 779,Apple,Electronics,Laptop,66919,This laptop from Apple is a mid range value for money pick designed for daily use. It offers excellent camera quality, suitable for gaming and long battery life. Ideal choice for customers looking for a reliable laptop in the electronics category at around 66919 rupees.
1099,Sony Headphones Zen 786,Sony,Electronics,Headphones,14525,This headphones from Sony is a entry level basic model designed for daily use. It offers low latency wireless connection, low latency wireless connection and excellent camera quality. Ideal choice for customers looking for a reliable headphones in the electronics category at around 14525 rupees.
1100,Lenovo Smartwatch Plus 793,Lenovo,Electronics,Smartwatch,14409,This smartwatch from Lenovo is a professional grade performance designed for daily use. It offers durable metal body, fast charging support and lightweight and portable. Ideal choice for customers looking for a reliable smartwatch in the electronics category at around 14409 rupees.
1101,Samsung Tablet Max 800,Samsung,Electronics,Tablet,18719,This tablet from Samsung is a budget friendly option designed for daily use. It offers long battery life, lightweight and portable and fast charging support. Ideal choice for customers looking for a reliable tablet in the electronics category at around 18719 rupees.
1102,Xiaomi Power Bank Core 807,Xiaomi,Electronics,Power Bank,3255,This power bank from Xiaomi is a premium quality product designed for daily use. It offers fast charging support, excellent camera quality and low latency wireless connection. Ideal choice for customers looking for a reliable power bank in the electronics category at around 3255 rupees.
1103,HP Bluetooth Speaker Ultra 814,HP,Electronics,Bluetooth Speaker,7600,This bluetooth speaker from HP is a mid range value for money pick designed for daily use. It offers high refresh rate display, long battery life and suitable for gaming. Ideal choice for customers looking for a reliable bluetooth speaker in the electronics category at around 7600 rupees.
1104,Realme Monitor Plus 821,Realme,Electronics,Monitor,49599,This monitor from Realme is a entry level basic model designed for daily use. It offers noise cancellation, noise cancellation and high refresh rate display. Ideal choice for customers looking for a reliable monitor in the electronics category at around 49599 rupees.
1105,OnePlus Keyboard Plus 828,OnePlus,Electronics,Keyboard,5566,This keyboard from OnePlus is a professional grade performance designed for daily use. It offers lightweight and portable, great for online classes and durable metal body. Ideal choice for customers looking for a reliable keyboard in the electronics category at around 5566 rupees.
1106,Dell Mouse Sport 835,Dell,Electronics,Mouse,550,This mouse from Dell is a budget friendly option designed for daily use. It offers suitable for gaming, durable metal body and great for online classes. Ideal choice for customers looking for a reliable mouse in the electronics category at around 550 rupees.
1107,Boat Camera Nova 842,Boat,Electronics,Camera,13938,This camera from Boat is a premium quality product designed for daily use. It offers great for online classes, high refresh rate display and noise cancellation. Ideal choice for customers looking for a reliable camera in the electronics category at around 13938 rupees.
1108,Apple Earbuds Air 849,Apple,Electronics,Earbuds,12990,This earbuds from Apple is a mid range value for money pick designed for daily use. It offers excellent camera quality, suitable for gaming and long battery life. Ideal choice for customers looking for a reliable earbuds in the electronics category at around 12990 rupees.
1109,Realme Smartphone Core 856,Realme,Electronics,Smartphone,32829,This smartphone from Realme is a entry level basic model designed for daily use. It offers low latency wireless connection, low latency wireless connection and excellent camera quality. Ideal choice for customers looking for a reliable smartphone in the electronics category at around 32829 rupees.
1110,OnePlus Laptop Max 863,OnePlus,Electronics,Laptop,46759,This laptop from OnePlus is a professional grade performance designed for daily use. It offers durable metal body, fast charging support and lightweight and portable. Ideal choice for customers looking for a reliable laptop in the electronics category at around 46759 rupees.
1111,Dell Headphones Lite 870,Dell,Electronics,Headphones,10115,This headphones from Dell is a budget friendly option designed for daily use. It offers long battery life, lightweight and portable and fast charging support. Ideal choice for customers looking for a reliable headphones in the electronics category at around 10115 rupees.
1112,Boat Smartwatch Air 877,Boat,Electronics,Smartwatch,30249,This smartwatch from Boat is a premium quality product designed for daily use. It offers fast charging support, excellent camera quality and low latency wireless connection. Ideal choice for customers looking for a reliable smartwatch in the electronics category at around 30249 rupees.
1113,Apple Tablet Edge 884,Apple,Electronics,Tablet,38159,This tablet from Apple is a mid range value for money pick designed for daily use. It offers high refresh rate display, long battery life and suitable for gaming. Ideal choice for customers looking for a reliable tablet in the electronics category at around 38159 rupees.
1114,Sony Power Bank Classic 891,Sony,Electronics,Power Bank,9870,This power bank from Sony is a entry level basic model designed for daily use. It offers noise cancellation, noise cancellation and high refresh rate display. Ideal choice for customers looking for a reliable power bank in the electronics category at around 9870 rupees.
1115,Lenovo Bluetooth Speaker Neo 898,Lenovo,Electronics,Bluetooth Speaker,5080,This bluetooth speaker from Lenovo is a professional grade performance designed for daily use. It offers lightweight and portable, great for online classes and durable metal body. Ideal choice for customers looking for a reliable bluetooth speaker in the electronics category at around 5080 rupees.
1116,Samsung Monitor Zen 905,Samsung,Electronics,Monitor,7299,This monitor from Samsung is a budget friendly option designed for daily use. It offers suitable for gaming, durable metal body and great for online classes. Ideal choice for customers looking for a reliable monitor in the electronics category at around 7299 rupees.
1117,Xiaomi Keyboard Sport 912,Xiaomi,Electronics,Keyboard,2596,This keyboard from Xiaomi is a premium quality product designed for daily use. It offers great for online classes, high refresh rate display and noise cancellation. Ideal choice for customers looking for a reliable keyboard in the electronics category at around 2596 rupees.
1118,HP Mouse Core 919,HP,Electronics,Mouse,6580,This mouse from HP is a mid range value for money pick designed for daily use. It offers excellent camera quality, suitable for gaming and long battery life. Ideal choice for customers looking for a reliable mouse in the electronics category at around 6580 rupees.
1119,Realme Camera Sport 926,Realme,Electronics,Camera,46068,This camera from Realme is a entry level basic model designed for daily use. It offers low latency wireless connection, low latency wireless connection and excellent camera quality. Ideal choice for customers looking for a reliable camera in the electronics category at around 46068 rupees.
1120,OnePlus Earbuds Plus 933,OnePlus,Electronics,Earbuds,6240,This earbuds from OnePlus is a professional grade performance designed for daily use. It offers durable metal body, fast charging support and lightweight and portable. Ideal choice for customers looking for a reliable earbuds in the electronics category at around 6240 rupees.
1121,Samsung Smartphone Ultra 940,Samsung,Electronics,Smartphone,44169,This smartphone from Samsung is a budget friendly option designed for daily use. It offers long battery life, lightweight and portable and fast charging support. Ideal choice for customers looking for a reliable smartphone in the electronics category at around 44169 rupees.
1122,Xiaomi Laptop Plus 947,Xiaomi,Electronics,Laptop,10219,This laptop from Xiaomi is a premium quality product designed for daily use. It offers fast charging support, excellent camera quality and low latency wireless connection. Ideal choice for customers looking for a reliable laptop in the electronics category at around 10219 rupees.
1123,HP Headphones Air 954,HP,Electronics,Headphones,665,This headphones from HP is a mid range value for money pick designed for daily use. It offers high refresh rate display, long battery life and suitable for gaming. Ideal choice for customers looking for a reliable headphones in the electronics category at around 665 rupees.
1124,Realme Smartwatch Lite 961,Realme,Electronics,Smartwatch,20349,This smartwatch from Realme is a entry level basic model designed for daily use. It offers noise cancellation, noise cancellation and high refresh rate display. Ideal choice for customers looking for a reliable smartwatch in the electronics category at around 20349 rupees.
1125,OnePlus Tablet Neo 968,OnePlus,Electronics,Tablet,10619,This tablet from OnePlus is a professional grade performance designed for daily use. It offers lightweight and portable, great for online classes and durable metal body. Ideal choice for customers looking for a reliable tablet in the electronics category at around 10619 rupees.
1126,Dell Power Bank Pro 975,Dell,Electronics,Power Bank,6765,This power bank from Dell is a budget friendly option designed for daily use. It offers suitable for gaming, durable metal body and great for online classes. Ideal choice for customers looking for a reliable power bank in the electronics category at around 6765 rupees.
1127,Boat Bluetooth Speaker Lite 982,Boat,Electronics,Bluetooth Speaker,3640,This bluetooth speaker from Boat is a premium quality product designed for daily use. It offers great for online classes, high refresh rate display and noise cancellation. Ideal choice for customers looking for a reliable bluetooth speaker in the electronics category at around 3640 rupees.
1128,Apple Monitor Zen 989,Apple,Electronics,Monitor,7299,This monitor from Apple is a mid range value for money pick designed for daily use. It offers excellent camera quality, suitable for gaming and long battery life. Ideal choice for customers looking for a reliable monitor in the electronics category at around 7299 rupees.
1129,Sony Keyboard Core 996,Sony,Electronics,Keyboard,418,This keyboard from Sony is a entry level basic model designed for daily use. It offers low latency wireless connection, low latency wireless connection and excellent camera quality. Ideal choice for customers looking for a reliable keyboard in the electronics category at around 418 rupees.
1130,Lenovo Mouse Sport 103,Lenovo,Electronics,Mouse,6760,This mouse from Lenovo is a professional grade performance designed for daily use. It offers durable metal body, fast charging support and lightweight and portable. Ideal choice for customers looking for a reliable mouse in the electronics category at around 6760 rupees.
1131,Samsung Camera Plus 110,Samsung,Electronics,Camera,95028,This camera from Samsung is a budget friendly option designed for daily use. It offers long battery life, lightweight and portable and fast charging support. Ideal choice for customers looking for a reliable camera in the electronics category at around 95028 rupees.
1132,Xiaomi Earbuds Elite 117,Xiaomi,Electronics,Earbuds,10290,This earbuds from Xiaomi is a premium quality product designed for daily use. It offers fast charging support, excellent camera quality and low latency wireless connection. Ideal choice for customers looking for a reliable earbuds in the electronics category at around 10290 rupees.
1133,Apple Smartphone Lite 124,Apple,Electronics,Smartphone,49839,This smartphone from Apple is a mid range value for money pick designed for daily use. It offers high refresh rate display, long battery life and suitable for gaming. Ideal choice for customers looking for a reliable smartphone in the electronics category at around 49839 rupees.
1134,Sony Laptop Pro 131,Sony,Electronics,Laptop,97159,This laptop from Sony is a entry level basic model designed for daily use. It offers noise cancellation, noise cancellation and high refresh rate display. Ideal choice for customers looking for a reliable laptop in the electronics category at around 97159 rupees.
1135,Lenovo Headphones Lite 138,Lenovo,Electronics,Headphones,13580,This headphones from Lenovo is a professional grade performance designed for daily use. It offers lightweight and portable, great for online classes and durable metal body. Ideal choice for customers looking for a reliable headphones in the electronics category at around 13580 rupees.
1136,Samsung Smartwatch Ultra 145,Samsung,Electronics,Smartwatch,36189,This smartwatch from Samsung is a budget friendly option designed for daily use. It offers suitable for gaming, durable metal body and great for online classes. Ideal choice for customers looking for a reliable smartwatch in the electronics category at around 36189 rupees.
1137,Xiaomi Tablet Zen 152,Xiaomi,Electronics,Tablet,31679,This tablet from Xiaomi is a premium quality product designed for daily use. It offers great for online classes, high refresh rate display and noise cancellation. Ideal choice for customers looking for a reliable tablet in the electronics category at around 31679 rupees.
1138,HP Power Bank Max 159,HP,Electronics,Power Bank,10545,This power bank from HP is a mid range value for money pick designed for daily use. It offers excellent camera quality, suitable for gaming and long battery life. Ideal choice for customers looking for a reliable power bank in the electronics category at around 10545 rupees.
1139,Realme Bluetooth Speaker Edge 166,Realme,Electronics,Bluetooth Speaker,9760,This bluetooth speaker from Realme is a entry level basic model designed for daily use. It offers low latency wireless connection, low latency wireless connection and excellent camera quality. Ideal choice for customers looking for a reliable bluetooth speaker in the electronics category at around 9760 rupees.
1140,OnePlus Monitor Sport 173,OnePlus,Electronics,Monitor,20799,This monitor from OnePlus is a professional grade performance designed for daily use. It offers durable metal body, fast charging support and lightweight and portable. Ideal choice for customers looking for a reliable monitor in the electronics category at around 20799 rupees.
1141,Dell Keyboard Lite 180,Dell,Electronics,Keyboard,6754,This keyboard from Dell is a budget friendly option designed for daily use. It offers long battery life, lightweight and portable and fast charging support. Ideal choice for customers looking for a reliable keyboard in the electronics category at around 6754 rupees.
1142,Boat Mouse Prime 187,Boat,Electronics,Mouse,3790,This mouse from Boat is a premium quality product designed for daily use. It offers fast charging support, excellent camera quality and low latency wireless connection. Ideal choice for customers looking for a reliable mouse in the electronics category at around 3790 rupees.
1143,Apple Camera Prime 194,Apple,Electronics,Camera,13938,This camera from Apple is a mid range value for money pick designed for daily use. It offers high refresh rate display, long battery life and suitable for gaming. Ideal choice for customers looking for a reliable camera in the electronics category at around 13938 rupees.
1144,LG Washing Machine Max 100,LG,Home Appliances,Washing Machine,61439,This washing machine from LG is a budget friendly option designed for daily use. It offers energy efficient five star rating, easy to clean design and low noise operation. Ideal choice for customers looking for a reliable washing machine in the home appliances category at around 61439 rupees.
1145,Bosch Refrigerator Elite 107,Bosch,Home Appliances,Refrigerator,10238,This refrigerator from Bosch is a premium quality product designed for daily use. It offers low noise operation, suitable for small apartments and inverter technology saves electricity. Ideal choice for customers looking for a reliable refrigerator in the home appliances category at around 10238 rupees.
1146,Blue Star Air Conditioner Classic 114,Blue Star,Home Appliances,Air Conditioner,43198,This air conditioner from Blue Star is a mid range value for money pick designed for daily use. It offers large capacity for big families, energy efficient five star rating and copper condenser for durability. Ideal choice for customers looking for a reliable air conditioner in the home appliances category at around 43198 rupees.
1147,Haier Microwave Oven Classic 121,Haier,Home Appliances,Microwave Oven,5759,This microwave oven from Haier is a entry level basic model designed for daily use. It offers quick cooling performance, quick cooling performance and large capacity for big families. Ideal choice for customers looking for a reliable microwave oven in the home appliances category at around 5759 rupees.
1148,Voltas Vacuum Cleaner Edge 128,Voltas,Home Appliances,Vacuum Cleaner,6400,This vacuum cleaner from Voltas is a professional grade performance designed for daily use. It offers easy to clean design, child lock safety feature and one year onsite warranty. Ideal choice for customers looking for a reliable vacuum cleaner in the home appliances category at around 6400 rupees.
1149,Havells Water Purifier Sport 135,Havells,Home Appliances,Water Purifier,8839,This water purifier from Havells is a budget friendly option designed for daily use. It offers copper condenser for durability, one year onsite warranty and child lock safety feature. Ideal choice for customers looking for a reliable water purifier in the home appliances category at around 8839 rupees.
1150,Philips Ceiling Fan Neo 142,Philips,Home Appliances,Ceiling Fan,3480,This ceiling fan from Philips is a premium quality product designed for daily use. It offers child lock safety feature, large capacity for big families and quick cooling performance. Ideal choice for customers looking for a reliable ceiling fan in the home appliances category at around 3480 rupees.
1151,Whirlpool Air Purifier Max 149,Whirlpool,Home Appliances,Air Purifier,11559,This air purifier from Whirlpool is a mid range value for money pick designed for daily use. It offers suitable for small apartments, copper condenser for durability and energy efficient five star rating. Ideal choice for customers looking for a reliable air purifier in the home appliances category at around 11559 rupees.
1152,Godrej Geyser Ultra 156,Godrej,Home Appliances,Geyser,4800,This geyser from Godrej is a entry level basic model designed for daily use. It offers inverter technology saves electricity, inverter technology saves electricity and suitable for small apartments. Ideal choice for customers looking for a reliable geyser in the home appliances category at around 4800 rupees.
1153,IFB Dishwasher Sport 163,IFB,Home Appliances,Dishwasher,15679,This dishwasher from IFB is a professional grade performance designed for daily use. It offers one year onsite warranty, low noise operation and easy to clean design. Ideal choice for customers looking for a reliable dishwasher in the home appliances category at around 15679 rupees.
1154,Whirlpool Washing Machine Elite 170,Whirlpool,Home Appliances,Washing Machine,31679,This washing machine from Whirlpool is a budget friendly option designed for daily use. It offers energy efficient five star rating, easy to clean design and low noise operation. Ideal choice for customers looking for a reliable washing machine in the home appliances category at around 31679 rupees.
1155,Godrej Refrigerator Classic 177,Godrej,Home Appliances,Refrigerator,70398,This refrigerator from Godrej is a premium quality product designed for daily use. It offers low noise operation, suitable for small apartments and inverter technology saves electricity. Ideal choice for customers looking for a reliable refrigerator in the home appliances category at around 70398 rupees.
1156,IFB Air Conditioner Edge 184,IFB,Home Appliances,Air Conditioner,46078,This air conditioner from IFB is a mid range value for money pick designed for daily use. It offers large capacity for big families, energy efficient five star rating and copper condenser for durability. Ideal choice for customers looking for a reliable air conditioner in the home appliances category at around 46078 rupees.
1157,LG Microwave Oven Max 191,LG,Home Appliances,Microwave Oven,12959,This microwave oven from LG is a entry level basic model designed for daily use. It offers quick cooling performance, quick cooling performance and large capacity for big families. Ideal choice for customers looking for a reliable microwave oven in the home appliances category at around 12959 rupees.
1158,Bosch Vacuum Cleaner Max 198,Bosch,Home Appliances,Vacuum Cleaner,16400,This vacuum cleaner from Bosch is a professional grade performance designed for daily use. It offers easy to clean design, child lock safety feature and one year onsite warranty. Ideal choice for customers looking for a reliable vacuum cleaner in the home appliances category at around 16400 rupees.
1159,Blue Star Water Purifier Zen 205,Blue Star,Home Appliances,Water Purifier,8839,This water purifier from Blue Star is a budget friendly option designed for daily use. It offers copper condenser for durability, one year onsite warranty and child lock safety feature. Ideal choice for customers looking for a reliable water purifier in the home appliances category at around 8839 rupees.
1160,Haier Ceiling Fan Air 212,Haier,Home Appliances,Ceiling Fan,840,This ceiling fan from Haier is a premium quality product designed for daily use. It offers child lock safety feature, large capacity for big families and quick cooling performance. Ideal choice for customers looking for a reliable ceiling fan in the home appliances category at around 840 rupees.
1161,Voltas Air Purifier Prime 219,Voltas,Home Appliances,Air Purifier,16319,This air purifier from Voltas is a mid range value for money pick designed for daily use. It offers suitable for small apartments, copper condenser for durability and energy efficient five star rating. Ideal choice for customers looking for a reliable air purifier in the home appliances category at around 16319 rupees.
1162,Havells Geyser Classic 226,Havells,Home Appliances,Geyser,10400,This geyser from Havells is a entry level basic model designed for daily use. It offers inverter technology saves electricity, inverter technology saves electricity and suitable for small apartments. Ideal choice for customers looking for a reliable geyser in the home appliances category at around 10400 rupees.
1163,Philips Dishwasher Lite 233,Philips,Home Appliances,Dishwasher,62719,This dishwasher from Philips is a professional grade performance designed for daily use. It offers one year onsite warranty, low noise operation and easy to clean design. Ideal choice for customers looking for a reliable dishwasher in the home appliances category at around 62719 rupees.
1164,Voltas Washing Machine Elite 240,Voltas,Home Appliances,Washing Machine,37439,This washing machine from Voltas is a budget friendly option designed for daily use. It offers energy efficient five star rating, easy to clean design and low noise operation. Ideal choice for customers looking for a reliable washing machine in the home appliances category at around 37439 rupees.
1165,Havells Refrigerator Pro 247,Havells,Home Appliances,Refrigerator,34558,This refrigerator from Havells is a premium quality product designed for daily use. It offers low noise operation, suitable for small apartments and inverter technology saves electricity. Ideal choice for customers looking for a reliable refrigerator in the home appliances category at around 34558 rupees.
1166,Philips Air Conditioner Sport 254,Philips,Home Appliances,Air Conditioner,92158,This air conditioner from Philips is a mid range value for money pick designed for daily use. It offers large capacity for big families, energy efficient five star rating and copper condenser for durability. Ideal choice for customers looking for a reliable air conditioner in the home appliances category at around 92158 rupees.
1167,Whirlpool Microwave Oven Lite 261,Whirlpool,Home Appliances,Microwave Oven,8159,This microwave oven from Whirlpool is a entry level basic model designed for daily use. It offers quick cooling performance, quick cooling performance and large capacity for big families. Ideal choice for customers looking for a reliable microwave oven in the home appliances category at around 8159 rupees.
1168,Godrej Vacuum Cleaner Zen 268,Godrej,Home Appliances,Vacuum Cleaner,22800,This vacuum cleaner from Godrej is a professional grade performance designed for daily use. It offers easy to clean design, child lock safety feature and one year onsite warranty. Ideal choice for customers looking for a reliable vacuum cleaner in the home appliances category at around 22800 rupees.
1169,IFB Water Purifier Neo 275,IFB,Home Appliances,Water Purifier,17679,This water purifier from IFB is a budget friendly option designed for daily use. It offers copper condenser for durability, one year onsite warranty and child lock safety feature. Ideal choice for customers looking for a reliable water purifier in the home appliances category at around 17679 rupees.
1170,LG Ceiling Fan Zen 282,LG,Home Appliances,Ceiling Fan,2520,This ceiling fan from LG is a premium quality product designed for daily use. It offers child lock safety feature, large capacity for big families and quick cooling performance. Ideal choice for customers looking for a reliable ceiling fan in the home appliances category at around 2520 rupees.
1171,Bosch Air Purifier Elite 289,Bosch,Home Appliances,Air Purifier,28559,This air purifier from Bosch is a mid range value for money pick designed for daily use. It offers suitable for small apartments, copper condenser for durability and energy efficient five star rating. Ideal choice for customers looking for a reliable air purifier in the home appliances category at around 28559 rupees.
1172,Blue Star Geyser Ultra 296,Blue Star,Home Appliances,Geyser,20800,This geyser from Blue Star is a entry level basic model designed for daily use. It offers inverter technology saves electricity, inverter technology saves electricity and suitable for small apartments. Ideal choice for customers looking for a reliable geyser in the home appliances category at around 20800 rupees.
1173,Haier Dishwasher Air 303,Haier,Home Appliances,Dishwasher,50399,This dishwasher from Haier is a professional grade performance designed for daily use. It offers one year onsite warranty, low noise operation and easy to clean design. Ideal choice for customers looking for a reliable dishwasher in the home appliances category at around 50399 rupees.
1174,Bosch Washing Machine Air 310,Bosch,Home Appliances,Washing Machine,55679,This washing machine from Bosch is a budget friendly option designed for daily use. It offers energy efficient five star rating, easy to clean design and low noise operation. Ideal choice for customers looking for a reliable washing machine in the home appliances category at around 55679 rupees.
1175,Blue Star Refrigerator Pro 317,Blue Star,Home Appliances,Refrigerator,76798,This refrigerator from Blue Star is a premium quality product designed for daily use. It offers low noise operation, suitable for small apartments and inverter technology saves electricity. Ideal choice for customers looking for a reliable refrigerator in the home appliances category at around 76798 rupees.
1176,Haier Air Conditioner Max 324,Haier,Home Appliances,Air Conditioner,21598,This air conditioner from Haier is a mid range value for money pick designed for daily use. It offers large capacity for big families, energy efficient five star rating and copper condenser for durability. Ideal choice for customers looking for a reliable air conditioner in the home appliances category at around 21598 rupees.
1177,Voltas Microwave Oven Nova 331,Voltas,Home Appliances,Microwave Oven,8639,This microwave oven from Voltas is a entry level basic model designed for daily use. It offers quick cooling performance, quick cooling performance and large capacity for big families. Ideal choice for customers looking for a reliable microwave oven in the home appliances category at around 8639 rupees.
1178,Havells Vacuum Cleaner Prime 338,Havells,Home Appliances,Vacuum Cleaner,15600,This vacuum cleaner from Havells is a professional grade performance designed for daily use. It offers easy to clean design, child lock safety feature and one year onsite warranty. Ideal choice for customers looking for a reliable vacuum cleaner in the home appliances category at around 15600 rupees.
1179,Philips Water Purifier Nova 345,Philips,Home Appliances,Water Purifier,9359,This water purifier from Philips is a budget friendly option designed for daily use. It offers copper condenser for durability, one year onsite warranty and child lock safety feature. Ideal choice for customers looking for a reliable water purifier in the home appliances category at around 9359 rupees.
1180,Whirlpool Ceiling Fan Zen 352,Whirlpool,Home Appliances,Ceiling Fan,5040,This ceiling fan from Whirlpool is a premium quality product designed for daily use. It offers child lock safety feature, large capacity for big families and quick cooling performance. Ideal choice for customers looking for a reliable ceiling fan in the home appliances category at around 5040 rupees.
1181,Godrej Air Purifier Ultra 359,Godrej,Home Appliances,Air Purifier,34679,This air purifier from Godrej is a mid range value for money pick designed for daily use. It offers suitable for small apartments, copper condenser for durability and energy efficient five star rating. Ideal choice for customers looking for a reliable air purifier in the home appliances category at around 34679 rupees.
1182,IFB Geyser Ultra 366,IFB,Home Appliances,Geyser,2000,This geyser from IFB is a entry level basic model designed for daily use. It offers inverter technology saves electricity, inverter technology saves electricity and suitable for small apartments. Ideal choice for customers looking for a reliable geyser in the home appliances category at around 2000 rupees.
1183,LG Dishwasher Nova 373,LG,Home Appliances,Dishwasher,58239,This dishwasher from LG is a professional grade performance designed for daily use. It offers one year onsite warranty, low noise operation and easy to clean design. Ideal choice for customers looking for a reliable dishwasher in the home appliances category at around 58239 rupees.
1184,Godrej Washing Machine Zen 380,Godrej,Home Appliances,Washing Machine,8639,This washing machine from Godrej is a budget friendly option designed for daily use. It offers energy efficient five star rating, easy to clean design and low noise operation. Ideal choice for customers looking for a reliable washing machine in the home appliances category at around 8639 rupees.
1185,IFB Refrigerator Core 387,IFB,Home Appliances,Refrigerator,61438,This refrigerator from IFB is a premium quality product designed for daily use. It offers low noise operation, suitable for small apartments and inverter technology saves electricity. Ideal choice for customers looking for a reliable refrigerator in the home appliances category at around 61438 rupees.
1186,LG Air Conditioner Prime 394,LG,Home Appliances,Air Conditioner,90718,This air conditioner from LG is a mid range value for money pick designed for daily use. It offers large capacity for big families, energy efficient five star rating and copper condenser for durability. Ideal choice for customers looking for a reliable air conditioner in the home appliances category at around 90718 rupees.
1187,Bosch Microwave Oven Nova 401,Bosch,Home Appliances,Microwave Oven,15839,This microwave oven from Bosch is a entry level basic model designed for daily use. It offers quick cooling performance, quick cooling performance and large capacity for big families. Ideal choice for customers looking for a reliable microwave oven in the home appliances category at around 15839 rupees.
1188,Blue Star Vacuum Cleaner Plus 408,Blue Star,Home Appliances,Vacuum Cleaner,2400,This vacuum cleaner from Blue Star is a professional grade performance designed for daily use. It offers easy to clean design, child lock safety feature and one year onsite warranty. Ideal choice for customers looking for a reliable vacuum cleaner in the home appliances category at around 2400 rupees.
1189,Haier Water Purifier Plus 415,Haier,Home Appliances,Water Purifier,8839,This water purifier from Haier is a budget friendly option designed for daily use. It offers copper condenser for durability, one year onsite warranty and child lock safety feature. Ideal choice for customers looking for a reliable water purifier in the home appliances category at around 8839 rupees.
1190,Voltas Ceiling Fan Nova 422,Voltas,Home Appliances,Ceiling Fan,5760,This ceiling fan from Voltas is a premium quality product designed for daily use. It offers child lock safety feature, large capacity for big families and quick cooling performance. Ideal choice for customers looking for a reliable ceiling fan in the home appliances category at around 5760 rupees.
1191,Havells Air Purifier Plus 429,Havells,Home Appliances,Air Purifier,10879,This air purifier from Havells is a mid range value for money pick designed for daily use. It offers suitable for small apartments, copper condenser for durability and energy efficient five star rating. Ideal choice for customers looking for a reliable air purifier in the home appliances category at around 10879 rupees.
1192,Philips Geyser Pro 436,Philips,Home Appliances,Geyser,6000,This geyser from Philips is a entry level basic model designed for daily use. It offers inverter technology saves electricity, inverter technology saves electricity and suitable for small apartments. Ideal choice for customers looking for a reliable geyser in the home appliances category at around 6000 rupees.
1193,Whirlpool Dishwasher Edge 443,Whirlpool,Home Appliances,Dishwasher,51519,This dishwasher from Whirlpool is a professional grade performance designed for daily use. It offers one year onsite warranty, low noise operation and easy to clean design. Ideal choice for customers looking for a reliable dishwasher in the home appliances category at around 51519 rupees.
1194,Havells Washing Machine Max 450,Havells,Home Appliances,Washing Machine,54719,This washing machine from Havells is a budget friendly option designed for daily use. It offers energy efficient five star rating, easy to clean design and low noise operation. Ideal choice for customers looking for a reliable washing machine in the home appliances category at around 54719 rupees.
1195,Philips Refrigerator Prime 457,Philips,Home Appliances,Refrigerator,71678,This refrigerator from Philips is a premium quality product designed for daily use. It offers low noise operation, suitable for small apartments and inverter technology saves electricity. Ideal choice for customers looking for a reliable refrigerator in the home appliances category at around 71678 rupees.
1196,Whirlpool Air Conditioner Edge 464,Whirlpool,Home Appliances,Air Conditioner,12958,This air conditioner from Whirlpool is a mid range value for money pick designed for daily use. It offers large capacity for big families, energy efficient five star rating and copper condenser for durability. Ideal choice for customers looking for a reliable air conditioner in the home appliances category at around 12958 rupees.
1197,Godrej Microwave Oven Core 471,Godrej,Home Appliances,Microwave Oven,18719,This microwave oven from Godrej is a entry level basic model designed for daily use. It offers quick cooling performance, quick cooling performance and large capacity for big families. Ideal choice for customers looking for a reliable microwave oven in the home appliances category at around 18719 rupees.
1198,IFB Vacuum Cleaner Lite 478,IFB,Home Appliances,Vacuum Cleaner,13200,This vacuum cleaner from IFB is a professional grade performance designed for daily use. It offers easy to clean design, child lock safety feature and one year onsite warranty. Ideal choice for customers looking for a reliable vacuum cleaner in the home appliances category at around 13200 rupees.
1199,LG Water Purifier Nova 485,LG,Home Appliances,Water Purifier,30679,This water purifier from LG is a budget friendly option designed for daily use. It offers copper condenser for durability, one year onsite warranty and child lock safety feature. Ideal choice for customers looking for a reliable water purifier in the home appliances category at around 30679 rupees.
1200,Bosch Ceiling Fan Lite 492,Bosch,Home Appliances,Ceiling Fan,2880,This ceiling fan from Bosch is a premium quality product designed for daily use. It offers child lock safety feature, large capacity for big families and quick cooling performance. Ideal choice for customers looking for a reliable ceiling fan in the home appliances category at around 2880 rupees.
1201,Blue Star Air Purifier Air 499,Blue Star,Home Appliances,Air Purifier,19039,This air purifier from Blue Star is a mid range value for money pick designed for daily use. It offers suitable for small apartments, copper condenser for durability and energy efficient five star rating. Ideal choice for customers looking for a reliable air purifier in the home appliances category at around 19039 rupees.
1202,Haier Geyser Air 506,Haier,Home Appliances,Geyser,2800,This geyser from Haier is a entry level basic model designed for daily use. It offers inverter technology saves electricity, inverter technology saves electricity and suitable for small apartments. Ideal choice for customers looking for a reliable geyser in the home appliances category at around 2800 rupees.
1203,Voltas Dishwasher Max 513,Voltas,Home Appliances,Dishwasher,33599,This dishwasher from Voltas is a professional grade performance designed for daily use. It offers one year onsite warranty, low noise operation and easy to clean design. Ideal choice for customers looking for a reliable dishwasher in the home appliances category at around 33599 rupees.
1204,Blue Star Washing Machine Core 520,Blue Star,Home Appliances,Washing Machine,8639,This washing machine from Blue Star is a budget friendly option designed for daily use. It offers energy efficient five star rating, easy to clean design and low noise operation. Ideal choice for customers looking for a reliable washing machine in the home appliances category at around 8639 rupees.
1205,Haier Refrigerator Zen 527,Haier,Home Appliances,Refrigerator,29438,This refrigerator from Haier is a premium quality product designed for daily use. It offers low noise operation, suitable for small apartments and inverter technology saves electricity. Ideal choice for customers looking for a reliable refrigerator in the home appliances category at around 29438 rupees.
1206,Voltas Air Conditioner Lite 534,Voltas,Home Appliances,Air Conditioner,38878,This air conditioner from Voltas is a mid range value for money pick designed for daily use. It offers large capacity for big families, energy efficient five star rating and copper condenser for durability. Ideal choice for customers looking for a reliable air conditioner in the home appliances category at around 38878 rupees.
1207,Havells Microwave Oven Sport 541,Havells,Home Appliances,Microwave Oven,20639,This microwave oven from Havells is a entry level basic model designed for daily use. It offers quick cooling performance, quick cooling performance and large capacity for big families. Ideal choice for customers looking for a reliable microwave oven in the home appliances category at around 20639 rupees.
1208,Philips Vacuum Cleaner Zen 548,Philips,Home Appliances,Vacuum Cleaner,3200,This vacuum cleaner from Philips is a professional grade performance designed for daily use. It offers easy to clean design, child lock safety feature and one year onsite warranty. Ideal choice for customers looking for a reliable vacuum cleaner in the home appliances category at around 3200 rupees.
1209,Whirlpool Water Purifier Classic 555,Whirlpool,Home Appliances,Water Purifier,30679,This water purifier from Whirlpool is a budget friendly option designed for daily use. It offers copper condenser for durability, one year onsite warranty and child lock safety feature. Ideal choice for customers looking for a reliable water purifier in the home appliances category at around 30679 rupees.
1210,Godrej Ceiling Fan Classic 562,Godrej,Home Appliances,Ceiling Fan,3600,This ceiling fan from Godrej is a premium quality product designed for daily use. It offers child lock safety feature, large capacity for big families and quick cooling performance. Ideal choice for customers looking for a reliable ceiling fan in the home appliances category at around 3600 rupees.
1211,IFB Air Purifier Zen 569,IFB,Home Appliances,Air Purifier,8159,This air purifier from IFB is a mid range value for money pick designed for daily use. It offers suitable for small apartments, copper condenser for durability and energy efficient five star rating. Ideal choice for customers looking for a reliable air purifier in the home appliances category at around 8159 rupees.
1212,LG Geyser Edge 576,LG,Home Appliances,Geyser,14000,This geyser from LG is a entry level basic model designed for daily use. It offers inverter technology saves electricity, inverter technology saves electricity and suitable for small apartments. Ideal choice for customers looking for a reliable geyser in the home appliances category at around 14000 rupees.
1213,Bosch Dishwasher Classic 583,Bosch,Home Appliances,Dishwasher,50399,This dishwasher from Bosch is a professional grade performance designed for daily use. It offers one year onsite warranty, low noise operation and easy to clean design. Ideal choice for customers looking for a reliable dishwasher in the home appliances category at around 50399 rupees.
1214,IFB Washing Machine Pro 590,IFB,Home Appliances,Washing Machine,39359,This washing machine from IFB is a budget friendly option designed for daily use. It offers energy efficient five star rating, easy to clean design and low noise operation. Ideal choice for customers looking for a reliable washing machine in the home appliances category at around 39359 rupees.
1215,LG Refrigerator Classic 597,LG,Home Appliances,Refrigerator,62718,This refrigerator from LG is a premium quality product designed for daily use. It offers low noise operation, suitable for small apartments and inverter technology saves electricity. Ideal choice for customers looking for a reliable refrigerator in the home appliances category at around 62718 rupees.
1216,Bosch Air Conditioner Classic 604,Bosch,Home Appliances,Air Conditioner,71998,This air conditioner from Bosch is a mid range value for money pick designed for daily use. It offers large capacity for big families, energy efficient five star rating and copper condenser for durability. Ideal choice for customers looking for a reliable air conditioner in the home appliances category at around 71998 rupees.
1217,Blue Star Microwave Oven Core 611,Blue Star,Home Appliances,Microwave Oven,8639,This microwave oven from Blue Star is a entry level basic model designed for daily use. It offers quick cooling performance, quick cooling performance and large capacity for big families. Ideal choice for customers looking for a reliable microwave oven in the home appliances category at around 8639 rupees.
1218,Haier Vacuum Cleaner Pro 618,Haier,Home Appliances,Vacuum Cleaner,13200,This vacuum cleaner from Haier is a professional grade performance designed for daily use. It offers easy to clean design, child lock safety feature and one year onsite warranty. Ideal choice for customers looking for a reliable vacuum cleaner in the home appliances category at around 13200 rupees.
1219,Voltas Water Purifier Edge 625,Voltas,Home Appliances,Water Purifier,32239,This water purifier from Voltas is a budget friendly option designed for daily use. It offers copper condenser for durability, one year onsite warranty and child lock safety feature. Ideal choice for customers looking for a reliable water purifier in the home appliances category at around 32239 rupees.
1220,Havells Ceiling Fan Edge 632,Havells,Home Appliances,Ceiling Fan,3600,This ceiling fan from Havells is a premium quality product designed for daily use. It offers child lock safety feature, large capacity for big families and quick cooling performance. Ideal choice for customers looking for a reliable ceiling fan in the home appliances category at around 3600 rupees.
1221,Philips Air Purifier Classic 639,Philips,Home Appliances,Air Purifier,31279,This air purifier from Philips is a mid range value for money pick designed for daily use. It offers suitable for small apartments, copper condenser for durability and energy efficient five star rating. Ideal choice for customers looking for a reliable air purifier in the home appliances category at around 31279 rupees.
1222,Whirlpool Geyser Core 646,Whirlpool,Home Appliances,Geyser,13200,This geyser from Whirlpool is a entry level basic model designed for daily use. It offers inverter technology saves electricity, inverter technology saves electricity and suitable for small apartments. Ideal choice for customers looking for a reliable geyser in the home appliances category at around 13200 rupees.
1223,Godrej Dishwasher Classic 653,Godrej,Home Appliances,Dishwasher,64959,This dishwasher from Godrej is a professional grade performance designed for daily use. It offers one year onsite warranty, low noise operation and easy to clean design. Ideal choice for customers looking for a reliable dishwasher in the home appliances category at around 64959 rupees.
1224,Philips Washing Machine Elite 660,Philips,Home Appliances,Washing Machine,44159,This washing machine from Philips is a budget friendly option designed for daily use. It offers energy efficient five star rating, easy to clean design and low noise operation. Ideal choice for customers looking for a reliable washing machine in the home appliances category at around 44159 rupees.
1225,Whirlpool Refrigerator Air 667,Whirlpool,Home Appliances,Refrigerator,46078,This refrigerator from Whirlpool is a premium quality product designed for daily use. It offers low noise operation, suitable for small apartments and inverter technology saves electricity. Ideal choice for customers looking for a reliable refrigerator in the home appliances category at around 46078 rupees.
1226,Godrej Air Conditioner Pro 674,Godrej,Home Appliances,Air Conditioner,40318,This air conditioner from Godrej is a mid range value for money pick designed for daily use. It offers large capacity for big families, energy efficient five star rating and copper condenser for durability. Ideal choice for customers looking for a reliable air conditioner in the home appliances category at around 40318 rupees.
1227,IFB Microwave Oven Pro 681,IFB,Home Appliances,Microwave Oven,29759,This microwave oven from IFB is a entry level basic model designed for daily use. It offers quick cooling performance, quick cooling performance and large capacity for big families. Ideal choice for customers looking for a reliable microwave oven in the home appliances category at around 29759 rupees.
1228,LG Vacuum Cleaner Nova 688,LG,Home Appliances,Vacuum Cleaner,12800,This vacuum cleaner from LG is a professional grade performance designed for daily use. It offers easy to clean design, child lock safety feature and one year onsite warranty. Ideal choice for customers looking for a reliable vacuum cleaner in the home appliances category at around 12800 rupees.
1229,Bosch Water Purifier Plus 695,Bosch,Home Appliances,Water Purifier,14559,This water purifier from Bosch is a budget friendly option designed for daily use. It offers copper condenser for durability, one year onsite warranty and child lock safety feature. Ideal choice for customers looking for a reliable water purifier in the home appliances category at around 14559 rupees.
1230,Blue Star Ceiling Fan Core 702,Blue Star,Home Appliances,Ceiling Fan,2280,This ceiling fan from Blue Star is a premium quality product designed for daily use. It offers child lock safety feature, large capacity for big families and quick cooling performance. Ideal choice for customers looking for a reliable ceiling fan in the home appliances category at around 2280 rupees.
1231,Haier Air Purifier Classic 709,Haier,Home Appliances,Air Purifier,26519,This air purifier from Haier is a mid range value for money pick designed for daily use. It offers suitable for small apartments, copper condenser for durability and energy efficient five star rating. Ideal choice for customers looking for a reliable air purifier in the home appliances category at around 26519 rupees.
1232,Voltas Geyser Ultra 716,Voltas,Home Appliances,Geyser,4400,This geyser from Voltas is a entry level basic model designed for daily use. It offers inverter technology saves electricity, inverter technology saves electricity and suitable for small apartments. Ideal choice for customers looking for a reliable geyser in the home appliances category at around 4400 rupees.
1233,Havells Dishwasher Lite 723,Havells,Home Appliances,Dishwasher,53759,This dishwasher from Havells is a professional grade performance designed for daily use. It offers one year onsite warranty, low noise operation and easy to clean design. Ideal choice for customers looking for a reliable dishwasher in the home appliances category at around 53759 rupees.
1234,Haier Washing Machine Air 730,Haier,Home Appliances,Washing Machine,16319,This washing machine from Haier is a budget friendly option designed for daily use. It offers energy efficient five star rating, easy to clean design and low noise operation. Ideal choice for customers looking for a reliable washing machine in the home appliances category at around 16319 rupees.
1235,Voltas Refrigerator Neo 737,Voltas,Home Appliances,Refrigerator,61438,This refrigerator from Voltas is a premium quality product designed for daily use. It offers low noise operation, suitable for small apartments and inverter technology saves electricity. Ideal choice for customers looking for a reliable refrigerator in the home appliances category at around 61438 rupees.
1236,Havells Air Conditioner Prime 744,Havells,Home Appliances,Air Conditioner,54718,This air conditioner from Havells is a mid range value for money pick designed for daily use. It offers large capacity for big families, energy efficient five star rating and copper condenser for durability. Ideal choice for customers looking for a reliable air conditioner in the home appliances category at around 54718 rupees.
1237,Philips Microwave Oven Prime 751,Philips,Home Appliances,Microwave Oven,19679,This microwave oven from Philips is a entry level basic model designed for daily use. It offers quick cooling performance, quick cooling performance and large capacity for big families. Ideal choice for customers looking for a reliable microwave oven in the home appliances category at around 19679 rupees.
1238,Whirlpool Vacuum Cleaner Elite 758,Whirlpool,Home Appliances,Vacuum Cleaner,13600,This vacuum cleaner from Whirlpool is a professional grade performance designed for daily use. It offers easy to clean design, child lock safety feature and one year onsite warranty. Ideal choice for customers looking for a reliable vacuum cleaner in the home appliances category at around 13600 rupees.
1239,Godrej Water Purifier Sport 765,Godrej,Home Appliances,Water Purifier,15079,This water purifier from Godrej is a budget friendly option designed for daily use. It offers copper condenser for durability, one year onsite warranty and child lock safety feature. Ideal choice for customers looking for a reliable water purifier in the home appliances category at around 15079 rupees.
1240,IFB Ceiling Fan Edge 772,IFB,Home Appliances,Ceiling Fan,3720,This ceiling fan from IFB is a premium quality product designed for daily use. It offers child lock safety feature, large capacity for big families and quick cooling performance. Ideal choice for customers looking for a reliable ceiling fan in the home appliances category at around 3720 rupees.
1241,LG Air Purifier Classic 779,LG,Home Appliances,Air Purifier,12239,This air purifier from LG is a mid range value for money pick designed for daily use. It offers suitable for small apartments, copper condenser for durability and energy efficient five star rating. Ideal choice for customers looking for a reliable air purifier in the home appliances category at around 12239 rupees.
1242,Bosch Geyser Nova 786,Bosch,Home Appliances,Geyser,12800,This geyser from Bosch is a entry level basic model designed for daily use. It offers inverter technology saves electricity, inverter technology saves electricity and suitable for small apartments. Ideal choice for customers looking for a reliable geyser in the home appliances category at around 12800 rupees.
1243,Blue Star Dishwasher Sport 793,Blue Star,Home Appliances,Dishwasher,58239,This dishwasher from Blue Star is a professional grade performance designed for daily use. It offers one year onsite warranty, low noise operation and easy to clean design. Ideal choice for customers looking for a reliable dishwasher in the home appliances category at around 58239 rupees.
1244,LG Washing Machine Zen 800,LG,Home Appliances,Washing Machine,50879,This washing machine from LG is a budget friendly option designed for daily use. It offers energy efficient five star rating, easy to clean design and low noise operation. Ideal choice for customers looking for a reliable washing machine in the home appliances category at around 50879 rupees.
1245,Bosch Refrigerator Nova 807,Bosch,Home Appliances,Refrigerator,56318,This refrigerator from Bosch is a premium quality product designed for daily use. It offers low noise operation, suitable for small apartments and inverter technology saves electricity. Ideal choice for customers looking for a reliable refrigerator in the home appliances category at around 56318 rupees.
1246,Blue Star Air Conditioner Ultra 814,Blue Star,Home Appliances,Air Conditioner,77758,This air conditioner from Blue Star is a mid range value for money pick designed for daily use. It offers large capacity for big families, energy efficient five star rating and copper condenser for durability. Ideal choice for customers looking for a reliable air conditioner in the home appliances category at around 77758 rupees.
1247,Haier Microwave Oven Prime 821,Haier,Home Appliances,Microwave Oven,24479,This microwave oven from Haier is a entry level basic model designed for daily use. It offers quick cooling performance, quick cooling performance and large capacity for big families. Ideal choice for customers looking for a reliable microwave oven in the home appliances category at around 24479 rupees.
1248,Voltas Vacuum Cleaner Lite 828,Voltas,Home Appliances,Vacuum Cleaner,2800,This vacuum cleaner from Voltas is a professional grade performance designed for daily use. It offers easy to clean design, child lock safety feature and one year onsite warranty. Ideal choice for customers looking for a reliable vacuum cleaner in the home appliances category at around 2800 rupees.
1249,Havells Water Purifier Air 835,Havells,Home Appliances,Water Purifier,18719,This water purifier from Havells is a budget friendly option designed for daily use. It offers copper condenser for durability, one year onsite warranty and child lock safety feature. Ideal choice for customers looking for a reliable water purifier in the home appliances category at around 18719 rupees.
1250,Philips Ceiling Fan Classic 842,Philips,Home Appliances,Ceiling Fan,7440,This ceiling fan from Philips is a premium quality product designed for daily use. It offers child lock safety feature, large capacity for big families and quick cooling performance. Ideal choice for customers looking for a reliable ceiling fan in the home appliances category at around 7440 rupees.
1251,Whirlpool Air Purifier Air 849,Whirlpool,Home Appliances,Air Purifier,8159,This air purifier from Whirlpool is a mid range value for money pick designed for daily use. It offers suitable for small apartments, copper condenser for durability and energy efficient five star rating. Ideal choice for customers looking for a reliable air purifier in the home appliances category at around 8159 rupees.
1252,Godrej Geyser Core 856,Godrej,Home Appliances,Geyser,5200,This geyser from Godrej is a entry level basic model designed for daily use. It offers inverter technology saves electricity, inverter technology saves electricity and suitable for small apartments. Ideal choice for customers looking for a reliable geyser in the home appliances category at around 5200 rupees.
1253,IFB Dishwasher Prime 863,IFB,Home Appliances,Dishwasher,8959,This dishwasher from IFB is a professional grade performance designed for daily use. It offers one year onsite warranty, low noise operation and easy to clean design. Ideal choice for customers looking for a reliable dishwasher in the home appliances category at around 8959 rupees.
1254,Whirlpool Washing Machine Neo 870,Whirlpool,Home Appliances,Washing Machine,52799,This washing machine from Whirlpool is a budget friendly option designed for daily use. It offers energy efficient five star rating, easy to clean design and low noise operation. Ideal choice for customers looking for a reliable washing machine in the home appliances category at around 52799 rupees.
1255,Godrej Refrigerator Neo 877,Godrej,Home Appliances,Refrigerator,34558,This refrigerator from Godrej is a premium quality product designed for daily use. It offers low noise operation, suitable for small apartments and inverter technology saves electricity. Ideal choice for customers looking for a reliable refrigerator in the home appliances category at around 34558 rupees.
1256,IFB Air Conditioner Neo 884,IFB,Home Appliances,Air Conditioner,48958,This air conditioner from IFB is a mid range value for money pick designed for daily use. It offers large capacity for big families, energy efficient five star rating and copper condenser for durability. Ideal choice for customers looking for a reliable air conditioner in the home appliances category at around 48958 rupees.
1257,LG Microwave Oven Classic 891,LG,Home Appliances,Microwave Oven,18719,This microwave oven from LG is a entry level basic model designed for daily use. It offers quick cooling performance, quick cooling performance and large capacity for big families. Ideal choice for customers looking for a reliable microwave oven in the home appliances category at around 18719 rupees.
1258,Bosch Vacuum Cleaner Elite 898,Bosch,Home Appliances,Vacuum Cleaner,12800,This vacuum cleaner from Bosch is a professional grade performance designed for daily use. It offers easy to clean design, child lock safety feature and one year onsite warranty. Ideal choice for customers looking for a reliable vacuum cleaner in the home appliances category at around 12800 rupees.
1259,Blue Star Water Purifier Edge 905,Blue Star,Home Appliances,Water Purifier,10399,This water purifier from Blue Star is a budget friendly option designed for daily use. It offers copper condenser for durability, one year onsite warranty and child lock safety feature. Ideal choice for customers looking for a reliable water purifier in the home appliances category at around 10399 rupees.
1260,Haier Ceiling Fan Prime 912,Haier,Home Appliances,Ceiling Fan,4200,This ceiling fan from Haier is a premium quality product designed for daily use. It offers child lock safety feature, large capacity for big families and quick cooling performance. Ideal choice for customers looking for a reliable ceiling fan in the home appliances category at around 4200 rupees.
1261,Voltas Air Purifier Classic 919,Voltas,Home Appliances,Air Purifier,24479,This air purifier from Voltas is a mid range value for money pick designed for daily use. It offers suitable for small apartments, copper condenser for durability and energy efficient five star rating. Ideal choice for customers looking for a reliable air purifier in the home appliances category at around 24479 rupees.
1262,Havells Geyser Plus 926,Havells,Home Appliances,Geyser,16800,This geyser from Havells is a entry level basic model designed for daily use. It offers inverter technology saves electricity, inverter technology saves electricity and suitable for small apartments. Ideal choice for customers looking for a reliable geyser in the home appliances category at around 16800 rupees.
1263,Philips Dishwasher Zen 933,Philips,Home Appliances,Dishwasher,16799,This dishwasher from Philips is a professional grade performance designed for daily use. It offers one year onsite warranty, low noise operation and easy to clean design. Ideal choice for customers looking for a reliable dishwasher in the home appliances category at around 16799 rupees.
1264,Voltas Washing Machine Lite 940,Voltas,Home Appliances,Washing Machine,34559,This washing machine from Voltas is a budget friendly option designed for daily use. It offers energy efficient five star rating, easy to clean design and low noise operation. Ideal choice for customers looking for a reliable washing machine in the home appliances category at around 34559 rupees.
1265,Havells Refrigerator Classic 947,Havells,Home Appliances,Refrigerator,25598,This refrigerator from Havells is a premium quality product designed for daily use. It offers low noise operation, suitable for small apartments and inverter technology saves electricity. Ideal choice for customers looking for a reliable refrigerator in the home appliances category at around 25598 rupees.
1266,Philips Air Conditioner Classic 954,Philips,Home Appliances,Air Conditioner,37438,This air conditioner from Philips is a mid range value for money pick designed for daily use. It offers large capacity for big families, energy efficient five star rating and copper condenser for durability. Ideal choice for customers looking for a reliable air conditioner in the home appliances category at around 37438 rupees.
1267,Whirlpool Microwave Oven Neo 961,Whirlpool,Home Appliances,Microwave Oven,30239,This microwave oven from Whirlpool is a entry level basic model designed for daily use. It offers quick cooling performance, quick cooling performance and large capacity for big families. Ideal choice for customers looking for a reliable microwave oven in the home appliances category at around 30239 rupees.
1268,Godrej Vacuum Cleaner Lite 968,Godrej,Home Appliances,Vacuum Cleaner,10000,This vacuum cleaner from Godrej is a professional grade performance designed for daily use. It offers easy to clean design, child lock safety feature and one year onsite warranty. Ideal choice for customers looking for a reliable vacuum cleaner in the home appliances category at around 10000 rupees.
1269,IFB Water Purifier Neo 975,IFB,Home Appliances,Water Purifier,6759,This water purifier from IFB is a budget friendly option designed for daily use. It offers copper condenser for durability, one year onsite warranty and child lock safety feature. Ideal choice for customers looking for a reliable water purifier in the home appliances category at around 6759 rupees.
1270,LG Ceiling Fan Pro 982,LG,Home Appliances,Ceiling Fan,1560,This ceiling fan from LG is a premium quality product designed for daily use. It offers child lock safety feature, large capacity for big families and quick cooling performance. Ideal choice for customers looking for a reliable ceiling fan in the home appliances category at around 1560 rupees.
1271,Bosch Air Purifier Classic 989,Bosch,Home Appliances,Air Purifier,28559,This air purifier from Bosch is a mid range value for money pick designed for daily use. It offers suitable for small apartments, copper condenser for durability and energy efficient five star rating. Ideal choice for customers looking for a reliable air purifier in the home appliances category at around 28559 rupees.
1272,Blue Star Geyser Lite 996,Blue Star,Home Appliances,Geyser,25200,This geyser from Blue Star is a entry level basic model designed for daily use. It offers inverter technology saves electricity, inverter technology saves electricity and suitable for small apartments. Ideal choice for customers looking for a reliable geyser in the home appliances category at around 25200 rupees.
1273,Haier Dishwasher Core 103,Haier,Home Appliances,Dishwasher,59359,This dishwasher from Haier is a professional grade performance designed for daily use. It offers one year onsite warranty, low noise operation and easy to clean design. Ideal choice for customers looking for a reliable dishwasher in the home appliances category at around 59359 rupees.
1274,Bosch Washing Machine Air 110,Bosch,Home Appliances,Washing Machine,53759,This washing machine from Bosch is a budget friendly option designed for daily use. It offers energy efficient five star rating, easy to clean design and low noise operation. Ideal choice for customers looking for a reliable washing machine in the home appliances category at around 53759 rupees.
1275,Blue Star Refrigerator Lite 117,Blue Star,Home Appliances,Refrigerator,81918,This refrigerator from Blue Star is a premium quality product designed for daily use. It offers low noise operation, suitable for small apartments and inverter technology saves electricity. Ideal choice for customers looking for a reliable refrigerator in the home appliances category at around 81918 rupees.
1276,Haier Air Conditioner Elite 124,Haier,Home Appliances,Air Conditioner,20158,This air conditioner from Haier is a mid range value for money pick designed for daily use. It offers large capacity for big families, energy efficient five star rating and copper condenser for durability. Ideal choice for customers looking for a reliable air conditioner in the home appliances category at around 20158 rupees.
1277,Voltas Microwave Oven Air 131,Voltas,Home Appliances,Microwave Oven,22559,This microwave oven from Voltas is a entry level basic model designed for daily use. It offers quick cooling performance, quick cooling performance and large capacity for big families. Ideal choice for customers looking for a reliable microwave oven in the home appliances category at around 22559 rupees.
1278,Havells Vacuum Cleaner Prime 138,Havells,Home Appliances,Vacuum Cleaner,10400,This vacuum cleaner from Havells is a professional grade performance designed for daily use. It offers easy to clean design, child lock safety feature and one year onsite warranty. Ideal choice for customers looking for a reliable vacuum cleaner in the home appliances category at around 10400 rupees.
1279,Philips Water Purifier Elite 145,Philips,Home Appliances,Water Purifier,7799,This water purifier from Philips is a budget friendly option designed for daily use. It offers copper condenser for durability, one year onsite warranty and child lock safety feature. Ideal choice for customers looking for a reliable water purifier in the home appliances category at around 7799 rupees.
1280,Whirlpool Ceiling Fan Prime 152,Whirlpool,Home Appliances,Ceiling Fan,1680,This ceiling fan from Whirlpool is a premium quality product designed for daily use. It offers child lock safety feature, large capacity for big families and quick cooling performance. Ideal choice for customers looking for a reliable ceiling fan in the home appliances category at around 1680 rupees.
1281,Godrej Air Purifier Max 159,Godrej,Home Appliances,Air Purifier,10879,This air purifier from Godrej is a mid range value for money pick designed for daily use. It offers suitable for small apartments, copper condenser for durability and energy efficient five star rating. Ideal choice for customers looking for a reliable air purifier in the home appliances category at around 10879 rupees.
1282,IFB Geyser Prime 166,IFB,Home Appliances,Geyser,17600,This geyser from IFB is a entry level basic model designed for daily use. It offers inverter technology saves electricity, inverter technology saves electricity and suitable for small apartments. Ideal choice for customers looking for a reliable geyser in the home appliances category at around 17600 rupees.
1283,LG Dishwasher Prime 173,LG,Home Appliances,Dishwasher,27999,This dishwasher from LG is a professional grade performance designed for daily use. It offers one year onsite warranty, low noise operation and easy to clean design. Ideal choice for customers looking for a reliable dishwasher in the home appliances category at around 27999 rupees.
1284,Godrej Washing Machine Elite 180,Godrej,Home Appliances,Washing Machine,7679,This washing machine from Godrej is a budget friendly option designed for daily use. It offers energy efficient five star rating, easy to clean design and low noise operation. Ideal choice for customers looking for a reliable washing machine in the home appliances category at around 7679 rupees.
1285,IFB Refrigerator Nova 187,IFB,Home Appliances,Refrigerator,46078,This refrigerator from IFB is a premium quality product designed for daily use. It offers low noise operation, suitable for small apartments and inverter technology saves electricity. Ideal choice for customers looking for a reliable refrigerator in the home appliances category at around 46078 rupees.
1286,LG Air Conditioner Air 194,LG,Home Appliances,Air Conditioner,37438,This air conditioner from LG is a mid range value for money pick designed for daily use. It offers large capacity for big families, energy efficient five star rating and copper condenser for durability. Ideal choice for customers looking for a reliable air conditioner in the home appliances category at around 37438 rupees.
1287,Lakme Face Wash Sport 100,Lakme,Beauty,Face Wash,490,This face wash from Lakme is a budget friendly option designed for daily use. It offers suitable for oily skin, long lasting fragrance and dermatologically tested formula. Ideal choice for customers looking for a reliable face wash in the beauty category at around 490 rupees.
1288,Loreal Shampoo Classic 107,Loreal,Beauty,Shampoo,239,This shampoo from Loreal is a premium quality product designed for daily use. It offers dermatologically tested formula, enriched with natural ingredients and lightweight non sticky texture. Ideal choice for customers looking for a reliable shampoo in the beauty category at around 239 rupees.
1289,Biotique Moisturizer Prime 114,Biotique,Beauty,Moisturizer,302,This moisturizer from Biotique is a mid range value for money pick designed for daily use. It offers paraben free and safe daily use, suitable for oily skin and protects against sun damage. Ideal choice for customers looking for a reliable moisturizer in the beauty category at around 302 rupees.
1290,WOW Lipstick Lite 121,WOW,Beauty,Lipstick,141,This lipstick from WOW is a entry level basic model designed for daily use. It offers deep hydration for dry skin, deep hydration for dry skin and paraben free and safe daily use. Ideal choice for customers looking for a reliable lipstick in the beauty category at around 141 rupees.
1291,Mamaearth Sunscreen Zen 128,Mamaearth,Beauty,Sunscreen,649,This sunscreen from Mamaearth is a professional grade performance designed for daily use. It offers long lasting fragrance, reduces acne and pimples and suitable for sensitive skin. Ideal choice for customers looking for a reliable sunscreen in the beauty category at around 649 rupees.
1292,Dove Hair Oil Core 135,Dove,Beauty,Hair Oil,300,This hair oil from Dove is a budget friendly option designed for daily use. It offers protects against sun damage, suitable for sensitive skin and reduces acne and pimples. Ideal choice for customers looking for a reliable hair oil in the beauty category at around 300 rupees.
1293,Maybelline Perfume Lite 142,Maybelline,Beauty,Perfume,734,This perfume from Maybelline is a premium quality product designed for daily use. It offers reduces acne and pimples, paraben free and safe daily use and deep hydration for dry skin. Ideal choice for customers looking for a reliable perfume in the beauty category at around 734 rupees.
1294,Nivea Face Serum Elite 149,Nivea,Beauty,Face Serum,1891,This face serum from Nivea is a mid range value for money pick designed for daily use. It offers enriched with natural ingredients, protects against sun damage and suitable for oily skin. Ideal choice for customers looking for a reliable face serum in the beauty category at around 1891 rupees.
1295,Himalaya Body Lotion Max 156,Himalaya,Beauty,Body Lotion,510,This body lotion from Himalaya is a entry level basic model designed for daily use. It offers lightweight non sticky texture, lightweight non sticky texture and enriched with natural ingredients. Ideal choice for customers looking for a reliable body lotion in the beauty category at around 510 rupees.
1296,Plum Conditioner Core 163,Plum,Beauty,Conditioner,724,This conditioner from Plum is a professional grade performance designed for daily use. It offers suitable for sensitive skin, dermatologically tested formula and long lasting fragrance. Ideal choice for customers looking for a reliable conditioner in the beauty category at around 724 rupees.
1297,Nivea Face Wash Edge 170,Nivea,Beauty,Face Wash,598,This face wash from Nivea is a budget friendly option designed for daily use. It offers suitable for oily skin, long lasting fragrance and dermatologically tested formula. Ideal choice for customers looking for a reliable face wash in the beauty category at around 598 rupees.
1298,Himalaya Shampoo Neo 177,Himalaya,Beauty,Shampoo,271,This shampoo from Himalaya is a premium quality product designed for daily use. It offers dermatologically tested formula, enriched with natural ingredients and lightweight non sticky texture. Ideal choice for customers looking for a reliable shampoo in the beauty category at around 271 rupees.
1299,Plum Moisturizer Max 184,Plum,Beauty,Moisturizer,707,This moisturizer from Plum is a mid range value for money pick designed for daily use. It offers paraben free and safe daily use, suitable for oily skin and protects against sun damage. Ideal choice for customers looking for a reliable moisturizer in the beauty category at around 707 rupees.
1300,Lakme Lipstick Nova 191,Lakme,Beauty,Lipstick,358,This lipstick from Lakme is a entry level basic model designed for daily use. It offers deep hydration for dry skin, deep hydration for dry skin and paraben free and safe daily use. Ideal choice for customers looking for a reliable lipstick in the beauty category at around 358 rupees.
1301,Loreal Sunscreen Max 198,Loreal,Beauty,Sunscreen,113,This sunscreen from Loreal is a professional grade performance designed for daily use. It offers long lasting fragrance, reduces acne and pimples and suitable for sensitive skin. Ideal choice for customers looking for a reliable sunscreen in the beauty category at around 113 rupees.
1302,Biotique Hair Oil Edge 205,Biotique,Beauty,Hair Oil,57,This hair oil from Biotique is a budget friendly option designed for daily use. It offers protects against sun damage, suitable for sensitive skin and reduces acne and pimples. Ideal choice for customers looking for a reliable hair oil in the beauty category at around 57 rupees.
1303,WOW Perfume Zen 212,WOW,Beauty,Perfume,590,This perfume from WOW is a premium quality product designed for daily use. It offers reduces acne and pimples, paraben free and safe daily use and deep hydration for dry skin. Ideal choice for customers looking for a reliable perfume in the beauty category at around 590 rupees.
1304,Mamaearth Face Serum Max 219,Mamaearth,Beauty,Face Serum,1346,This face serum from Mamaearth is a mid range value for money pick designed for daily use. It offers enriched with natural ingredients, protects against sun damage and suitable for oily skin. Ideal choice for customers looking for a reliable face serum in the beauty category at around 1346 rupees.
1305,Dove Body Lotion Sport 226,Dove,Beauty,Body Lotion,288,This body lotion from Dove is a entry level basic model designed for daily use. It offers lightweight non sticky texture, lightweight non sticky texture and enriched with natural ingredients. Ideal choice for customers looking for a reliable body lotion in the beauty category at around 288 rupees.
1306,Maybelline Conditioner Ultra 233,Maybelline,Beauty,Conditioner,40,This conditioner from Maybelline is a professional grade performance designed for daily use. It offers suitable for sensitive skin, dermatologically tested formula and long lasting fragrance. Ideal choice for customers looking for a reliable conditioner in the beauty category at around 40 rupees.
1307,Mamaearth Face Wash Air 240,Mamaearth,Beauty,Face Wash,310,This face wash from Mamaearth is a budget friendly option designed for daily use. It offers suitable for oily skin, long lasting fragrance and dermatologically tested formula. Ideal choice for customers looking for a reliable face wash in the beauty category at around 310 rupees.
1308,Dove Shampoo Pro 247,Dove,Beauty,Shampoo,239,This shampoo from Dove is a premium quality product designed for daily use. It offers dermatologically tested formula, enriched with natural ingredients and lightweight non sticky texture. Ideal choice for customers looking for a reliable shampoo in the beauty category at around 239 rupees.
1309,Maybelline Moisturizer Core 254,Maybelline,Beauty,Moisturizer,977,This moisturizer from Maybelline is a mid range value for money pick designed for daily use. It offers paraben free and safe daily use, suitable for oily skin and protects against sun damage. Ideal choice for customers looking for a reliable moisturizer in the beauty category at around 977 rupees.
1310,Nivea Lipstick Max 261,Nivea,Beauty,Lipstick,398,This lipstick from Nivea is a entry level basic model designed for daily use. It offers deep hydration for dry skin, deep hydration for dry skin and paraben free and safe daily use. Ideal choice for customers looking for a reliable lipstick in the beauty category at around 398 rupees.
1311,Himalaya Sunscreen Max 268,Himalaya,Beauty,Sunscreen,271,This sunscreen from Himalaya is a professional grade performance designed for daily use. It offers long lasting fragrance, reduces acne and pimples and suitable for sensitive skin. Ideal choice for customers looking for a reliable sunscreen in the beauty category at around 271 rupees.
1312,Plum Hair Oil Edge 275,Plum,Beauty,Hair Oil,381,This hair oil from Plum is a budget friendly option designed for daily use. It offers protects against sun damage, suitable for sensitive skin and reduces acne and pimples. Ideal choice for customers looking for a reliable hair oil in the beauty category at around 381 rupees.
1313,Lakme Perfume Neo 282,Lakme,Beauty,Perfume,1958,This perfume from Lakme is a premium quality product designed for daily use. It offers reduces acne and pimples, paraben free and safe daily use and deep hydration for dry skin. Ideal choice for customers looking for a reliable perfume in the beauty category at around 1958 rupees.
1314,Loreal Face Serum Pro 289,Loreal,Beauty,Face Serum,1742,This face serum from Loreal is a mid range value for money pick designed for daily use. It offers enriched with natural ingredients, protects against sun damage and suitable for oily skin. Ideal choice for customers looking for a reliable face serum in the beauty category at around 1742 rupees.
1315,Biotique Body Lotion Edge 296,Biotique,Beauty,Body Lotion,166,This body lotion from Biotique is a entry level basic model designed for daily use. It offers lightweight non sticky texture, lightweight non sticky texture and enriched with natural ingredients. Ideal choice for customers looking for a reliable body lotion in the beauty category at around 166 rupees.
1316,WOW Conditioner Neo 303,WOW,Beauty,Conditioner,76,This conditioner from WOW is a professional grade performance designed for daily use. It offers suitable for sensitive skin, dermatologically tested formula and long lasting fragrance. Ideal choice for customers looking for a reliable conditioner in the beauty category at around 76 rupees.
1317,Loreal Face Wash Max 310,Loreal,Beauty,Face Wash,688,This face wash from Loreal is a budget friendly option designed for daily use. It offers suitable for oily skin, long lasting fragrance and dermatologically tested formula. Ideal choice for customers looking for a reliable face wash in the beauty category at around 688 rupees.
1318,Biotique Shampoo Elite 317,Biotique,Beauty,Shampoo,444,This shampoo from Biotique is a premium quality product designed for daily use. It offers dermatologically tested formula, enriched with natural ingredients and lightweight non sticky texture. Ideal choice for customers looking for a reliable shampoo in the beauty category at around 444 rupees.
1319,WOW Moisturizer Core 324,WOW,Beauty,Moisturizer,140,This moisturizer from WOW is a mid range value for money pick designed for daily use. It offers paraben free and safe daily use, suitable for oily skin and protects against sun damage. Ideal choice for customers looking for a reliable moisturizer in the beauty category at around 140 rupees.
1320,Mamaearth Lipstick Prime 331,Mamaearth,Beauty,Lipstick,398,This lipstick from Mamaearth is a entry level basic model designed for daily use. It offers deep hydration for dry skin, deep hydration for dry skin and paraben free and safe daily use. Ideal choice for customers looking for a reliable lipstick in the beauty category at around 398 rupees.
1321,Dove Sunscreen Neo 338,Dove,Beauty,Sunscreen,334,This sunscreen from Dove is a professional grade performance designed for daily use. It offers long lasting fragrance, reduces acne and pimples and suitable for sensitive skin. Ideal choice for customers looking for a reliable sunscreen in the beauty category at around 334 rupees.
1322,Maybelline Hair Oil Air 345,Maybelline,Beauty,Hair Oil,286,This hair oil from Maybelline is a budget friendly option designed for daily use. It offers protects against sun damage, suitable for sensitive skin and reduces acne and pimples. Ideal choice for customers looking for a reliable hair oil in the beauty category at around 286 rupees.
1323,Nivea Perfume Edge 352,Nivea,Beauty,Perfume,518,This perfume from Nivea is a premium quality product designed for daily use. It offers reduces acne and pimples, paraben free and safe daily use and deep hydration for dry skin. Ideal choice for customers looking for a reliable perfume in the beauty category at around 518 rupees.
1324,Himalaya Face Serum Max 359,Himalaya,Beauty,Face Serum,257,This face serum from Himalaya is a mid range value for money pick designed for daily use. It offers enriched with natural ingredients, protects against sun damage and suitable for oily skin. Ideal choice for customers looking for a reliable face serum in the beauty category at around 257 rupees.
1325,Plum Body Lotion Prime 366,Plum,Beauty,Body Lotion,693,This body lotion from Plum is a entry level basic model designed for daily use. It offers lightweight non sticky texture, lightweight non sticky texture and enriched with natural ingredients. Ideal choice for customers looking for a reliable body lotion in the beauty category at around 693 rupees.
1326,Lakme Conditioner Air 373,Lakme,Beauty,Conditioner,76,This conditioner from Lakme is a professional grade performance designed for daily use. It offers suitable for sensitive skin, dermatologically tested formula and long lasting fragrance. Ideal choice for customers looking for a reliable conditioner in the beauty category at around 76 rupees.
1327,Himalaya Face Wash Air 380,Himalaya,Beauty,Face Wash,346,This face wash from Himalaya is a budget friendly option designed for daily use. It offers suitable for oily skin, long lasting fragrance and dermatologically tested formula. Ideal choice for customers looking for a reliable face wash in the beauty category at around 346 rupees.
1328,Plum Shampoo Classic 387,Plum,Beauty,Shampoo,145,This shampoo from Plum is a premium quality product designed for daily use. It offers dermatologically tested formula, enriched with natural ingredients and lightweight non sticky texture. Ideal choice for customers looking for a reliable shampoo in the beauty category at around 145 rupees.
1329,Lakme Moisturizer Prime 394,Lakme,Beauty,Moisturizer,410,This moisturizer from Lakme is a mid range value for money pick designed for daily use. It offers paraben free and safe daily use, suitable for oily skin and protects against sun damage. Ideal choice for customers looking for a reliable moisturizer in the beauty category at around 410 rupees.
1330,Loreal Lipstick Air 401,Loreal,Beauty,Lipstick,180,This lipstick from Loreal is a entry level basic model designed for daily use. It offers deep hydration for dry skin, deep hydration for dry skin and paraben free and safe daily use. Ideal choice for customers looking for a reliable lipstick in the beauty category at around 180 rupees.
1331,Biotique Sunscreen Nova 408,Biotique,Beauty,Sunscreen,365,This sunscreen from Biotique is a professional grade performance designed for daily use. It offers long lasting fragrance, reduces acne and pimples and suitable for sensitive skin. Ideal choice for customers looking for a reliable sunscreen in the beauty category at around 365 rupees.
1332,WOW Hair Oil Nova 415,WOW,Beauty,Hair Oil,246,This hair oil from WOW is a budget friendly option designed for daily use. It offers protects against sun damage, suitable for sensitive skin and reduces acne and pimples. Ideal choice for customers looking for a reliable hair oil in the beauty category at around 246 rupees.
1333,Mamaearth Perfume Pro 422,Mamaearth,Beauty,Perfume,2822,This perfume from Mamaearth is a premium quality product designed for daily use. It offers reduces acne and pimples, paraben free and safe daily use and deep hydration for dry skin. Ideal choice for customers looking for a reliable perfume in the beauty category at around 2822 rupees.
1334,Dove Face Serum Plus 429,Dove,Beauty,Face Serum,1693,This face serum from Dove is a mid range value for money pick designed for daily use. It offers enriched with natural ingredients, protects against sun damage and suitable for oily skin. Ideal choice for customers looking for a reliable face serum in the beauty category at around 1693 rupees.
1335,Maybelline Body Lotion Nova 436,Maybelline,Beauty,Body Lotion,227,This body lotion from Maybelline is a entry level basic model designed for daily use. It offers lightweight non sticky texture, lightweight non sticky texture and enriched with natural ingredients. Ideal choice for customers looking for a reliable body lotion in the beauty category at around 227 rupees.
1336,Nivea Conditioner Zen 443,Nivea,Beauty,Conditioner,616,This conditioner from Nivea is a professional grade performance designed for daily use. It offers suitable for sensitive skin, dermatologically tested formula and long lasting fragrance. Ideal choice for customers looking for a reliable conditioner in the beauty category at around 616 rupees.
1337,Dove Face Wash Prime 450,Dove,Beauty,Face Wash,220,This face wash from Dove is a budget friendly option designed for daily use. It offers suitable for oily skin, long lasting fragrance and dermatologically tested formula. Ideal choice for customers looking for a reliable face wash in the beauty category at around 220 rupees.
1338,Maybelline Shampoo Zen 457,Maybelline,Beauty,Shampoo,192,This shampoo from Maybelline is a premium quality product designed for daily use. It offers dermatologically tested formula, enriched with natural ingredients and lightweight non sticky texture. Ideal choice for customers looking for a reliable shampoo in the beauty category at around 192 rupees.
1339,Nivea Moisturizer Prime 464,Nivea,Beauty,Moisturizer,815,This moisturizer from Nivea is a mid range value for money pick designed for daily use. It offers paraben free and safe daily use, suitable for oily skin and protects against sun damage. Ideal choice for customers looking for a reliable moisturizer in the beauty category at around 815 rupees.
1340,Himalaya Lipstick Ultra 471,Himalaya,Beauty,Lipstick,210,This lipstick from Himalaya is a entry level basic model designed for daily use. It offers deep hydration for dry skin, deep hydration for dry skin and paraben free and safe daily use. Ideal choice for customers looking for a reliable lipstick in the beauty category at around 210 rupees.
1341,Plum Sunscreen Neo 478,Plum,Beauty,Sunscreen,129,This sunscreen from Plum is a professional grade performance designed for daily use. It offers long lasting fragrance, reduces acne and pimples and suitable for sensitive skin. Ideal choice for customers looking for a reliable sunscreen in the beauty category at around 129 rupees.
1342,Lakme Hair Oil Classic 485,Lakme,Beauty,Hair Oil,340,This hair oil from Lakme is a budget friendly option designed for daily use. It offers protects against sun damage, suitable for sensitive skin and reduces acne and pimples. Ideal choice for customers looking for a reliable hair oil in the beauty category at around 340 rupees.
1343,Loreal Perfume Classic 492,Loreal,Beauty,Perfume,1670,This perfume from Loreal is a premium quality product designed for daily use. It offers reduces acne and pimples, paraben free and safe daily use and deep hydration for dry skin. Ideal choice for customers looking for a reliable perfume in the beauty category at around 1670 rupees.
1344,Biotique Face Serum Plus 499,Biotique,Beauty,Face Serum,1643,This face serum from Biotique is a mid range value for money pick designed for daily use. It offers enriched with natural ingredients, protects against sun damage and suitable for oily skin. Ideal choice for customers looking for a reliable face serum in the beauty category at around 1643 rupees.
1345,WOW Body Lotion Air 506,WOW,Beauty,Body Lotion,693,This body lotion from WOW is a entry level basic model designed for daily use. It offers lightweight non sticky texture, lightweight non sticky texture and enriched with natural ingredients. Ideal choice for customers looking for a reliable body lotion in the beauty category at around 693 rupees.
1346,Mamaearth Conditioner Zen 513,Mamaearth,Beauty,Conditioner,166,This conditioner from Mamaearth is a professional grade performance designed for daily use. It offers suitable for sensitive skin, dermatologically tested formula and long lasting fragrance. Ideal choice for customers looking for a reliable conditioner in the beauty category at around 166 rupees.
1347,Biotique Face Wash Nova 520,Biotique,Beauty,Face Wash,724,This face wash from Biotique is a budget friendly option designed for daily use. It offers suitable for oily skin, long lasting fragrance and dermatologically tested formula. Ideal choice for customers looking for a reliable face wash in the beauty category at around 724 rupees.
1348,WOW Shampoo Pro 527,WOW,Beauty,Shampoo,539,This shampoo from WOW is a premium quality product designed for daily use. It offers dermatologically tested formula, enriched with natural ingredients and lightweight non sticky texture. Ideal choice for customers looking for a reliable shampoo in the beauty category at around 539 rupees.
1349,Mamaearth Moisturizer Neo 534,Mamaearth,Beauty,Moisturizer,518,This moisturizer from Mamaearth is a mid range value for money pick designed for daily use. It offers paraben free and safe daily use, suitable for oily skin and protects against sun damage. Ideal choice for customers looking for a reliable moisturizer in the beauty category at around 518 rupees.
1350,Dove Lipstick Ultra 541,Dove,Beauty,Lipstick,190,This lipstick from Dove is a entry level basic model designed for daily use. It offers deep hydration for dry skin, deep hydration for dry skin and paraben free and safe daily use. Ideal choice for customers looking for a reliable lipstick in the beauty category at around 190 rupees.
1351,Maybelline Sunscreen Ultra 548,Maybelline,Beauty,Sunscreen,271,This sunscreen from Maybelline is a professional grade performance designed for daily use. It offers long lasting fragrance, reduces acne and pimples and suitable for sensitive skin. Ideal choice for customers looking for a reliable sunscreen in the beauty category at around 271 rupees.
1352,Nivea Hair Oil Plus 555,Nivea,Beauty,Hair Oil,448,This hair oil from Nivea is a budget friendly option designed for daily use. It offers protects against sun damage, suitable for sensitive skin and reduces acne and pimples. Ideal choice for customers looking for a reliable hair oil in the beauty category at around 448 rupees.
1353,Himalaya Perfume Classic 562,Himalaya,Beauty,Perfume,2174,This perfume from Himalaya is a premium quality product designed for daily use. It offers reduces acne and pimples, paraben free and safe daily use and deep hydration for dry skin. Ideal choice for customers looking for a reliable perfume in the beauty category at around 2174 rupees.
1354,Plum Face Serum Pro 569,Plum,Beauty,Face Serum,1099,This face serum from Plum is a mid range value for money pick designed for daily use. It offers enriched with natural ingredients, protects against sun damage and suitable for oily skin. Ideal choice for customers looking for a reliable face serum in the beauty category at around 1099 rupees.
1355,Lakme Body Lotion Pro 576,Lakme,Beauty,Body Lotion,612,This body lotion from Lakme is a entry level basic model designed for daily use. It offers lightweight non sticky texture, lightweight non sticky texture and enriched with natural ingredients. Ideal choice for customers looking for a reliable body lotion in the beauty category at around 612 rupees.
1356,Loreal Conditioner Max 583,Loreal,Beauty,Conditioner,472,This conditioner from Loreal is a professional grade performance designed for daily use. It offers suitable for sensitive skin, dermatologically tested formula and long lasting fragrance. Ideal choice for customers looking for a reliable conditioner in the beauty category at around 472 rupees.
1357,Plum Face Wash Max 590,Plum,Beauty,Face Wash,328,This face wash from Plum is a budget friendly option designed for daily use. It offers suitable for oily skin, long lasting fragrance and dermatologically tested formula. Ideal choice for customers looking for a reliable face wash in the beauty category at around 328 rupees.
1358,Lakme Shampoo Core 597,Lakme,Beauty,Shampoo,287,This shampoo from Lakme is a premium quality product designed for daily use. It offers dermatologically tested formula, enriched with natural ingredients and lightweight non sticky texture. Ideal choice for customers looking for a reliable shampoo in the beauty category at around 287 rupees.
1359,Loreal Moisturizer Classic 604,Loreal,Beauty,Moisturizer,491,This moisturizer from Loreal is a mid range value for money pick designed for daily use. It offers paraben free and safe daily use, suitable for oily skin and protects against sun damage. Ideal choice for customers looking for a reliable moisturizer in the beauty category at around 491 rupees.
1360,Biotique Lipstick Core 611,Biotique,Beauty,Lipstick,150,This lipstick from Biotique is a entry level basic model designed for daily use. It offers deep hydration for dry skin, deep hydration for dry skin and paraben free and safe daily use. Ideal choice for customers looking for a reliable lipstick in the beauty category at around 150 rupees.
1361,WOW Sunscreen Lite 618,WOW,Beauty,Sunscreen,192,This sunscreen from WOW is a professional grade performance designed for daily use. It offers long lasting fragrance, reduces acne and pimples and suitable for sensitive skin. Ideal choice for customers looking for a reliable sunscreen in the beauty category at around 192 rupees.
1362,Mamaearth Hair Oil Core 625,Mamaearth,Beauty,Hair Oil,529,This hair oil from Mamaearth is a budget friendly option designed for daily use. It offers protects against sun damage, suitable for sensitive skin and reduces acne and pimples. Ideal choice for customers looking for a reliable hair oil in the beauty category at around 529 rupees.
1363,Dove Perfume Max 632,Dove,Beauty,Perfume,1310,This perfume from Dove is a premium quality product designed for daily use. It offers reduces acne and pimples, paraben free and safe daily use and deep hydration for dry skin. Ideal choice for customers looking for a reliable perfume in the beauty category at around 1310 rupees.
1364,Maybelline Face Serum Plus 639,Maybelline,Beauty,Face Serum,1643,This face serum from Maybelline is a mid range value for money pick designed for daily use. It offers enriched with natural ingredients, protects against sun damage and suitable for oily skin. Ideal choice for customers looking for a reliable face serum in the beauty category at around 1643 rupees.
1365,Nivea Body Lotion Nova 646,Nivea,Beauty,Body Lotion,571,This body lotion from Nivea is a entry level basic model designed for daily use. It offers lightweight non sticky texture, lightweight non sticky texture and enriched with natural ingredients. Ideal choice for customers looking for a reliable body lotion in the beauty category at around 571 rupees.
1366,Himalaya Conditioner Ultra 653,Himalaya,Beauty,Conditioner,130,This conditioner from Himalaya is a professional grade performance designed for daily use. It offers suitable for sensitive skin, dermatologically tested formula and long lasting fragrance. Ideal choice for customers looking for a reliable conditioner in the beauty category at around 130 rupees.
1367,Maybelline Face Wash Ultra 660,Maybelline,Beauty,Face Wash,598,This face wash from Maybelline is a budget friendly option designed for daily use. It offers suitable for oily skin, long lasting fragrance and dermatologically tested formula. Ideal choice for customers looking for a reliable face wash in the beauty category at around 598 rupees.
1368,Nivea Shampoo Ultra 667,Nivea,Beauty,Shampoo,302,This shampoo from Nivea is a premium quality product designed for daily use. It offers dermatologically tested formula, enriched with natural ingredients and lightweight non sticky texture. Ideal choice for customers looking for a reliable shampoo in the beauty category at around 302 rupees.
1369,Himalaya Moisturizer Zen 674,Himalaya,Beauty,Moisturizer,653,This moisturizer from Himalaya is a mid range value for money pick designed for daily use. It offers paraben free and safe daily use, suitable for oily skin and protects against sun damage. Ideal choice for customers looking for a reliable moisturizer in the beauty category at around 653 rupees.
1370,Plum Lipstick Zen 681,Plum,Beauty,Lipstick,210,This lipstick from Plum is a entry level basic model designed for daily use. It offers deep hydration for dry skin, deep hydration for dry skin and paraben free and safe daily use. Ideal choice for customers looking for a reliable lipstick in the beauty category at around 210 rupees.
1371,Lakme Sunscreen Max 688,Lakme,Beauty,Sunscreen,460,This sunscreen from Lakme is a professional grade performance designed for daily use. It offers long lasting fragrance, reduces acne and pimples and suitable for sensitive skin. Ideal choice for customers looking for a reliable sunscreen in the beauty category at around 460 rupees.
1372,Loreal Hair Oil Prime 695,Loreal,Beauty,Hair Oil,435,This hair oil from Loreal is a budget friendly option designed for daily use. It offers protects against sun damage, suitable for sensitive skin and reduces acne and pimples. Ideal choice for customers looking for a reliable hair oil in the beauty category at around 435 rupees.
1373,Biotique Perfume Air 702,Biotique,Beauty,Perfume,1814,This perfume from Biotique is a premium quality product designed for daily use. It offers reduces acne and pimples, paraben free and safe daily use and deep hydration for dry skin. Ideal choice for customers looking for a reliable perfume in the beauty category at around 1814 rupees.
1374,WOW Face Serum Core 709,WOW,Beauty,Face Serum,653,This face serum from WOW is a mid range value for money pick designed for daily use. It offers enriched with natural ingredients, protects against sun damage and suitable for oily skin. Ideal choice for customers looking for a reliable face serum in the beauty category at around 653 rupees.
1375,Mamaearth Body Lotion Air 716,Mamaearth,Beauty,Body Lotion,288,This body lotion from Mamaearth is a entry level basic model designed for daily use. It offers lightweight non sticky texture, lightweight non sticky texture and enriched with natural ingredients. Ideal choice for customers looking for a reliable body lotion in the beauty category at around 288 rupees.
1376,Dove Conditioner Edge 723,Dove,Beauty,Conditioner,40,This conditioner from Dove is a professional grade performance designed for daily use. It offers suitable for sensitive skin, dermatologically tested formula and long lasting fragrance. Ideal choice for customers looking for a reliable conditioner in the beauty category at around 40 rupees.
1377,WOW Face Wash Air 730,WOW,Beauty,Face Wash,634,This face wash from WOW is a budget friendly option designed for daily use. It offers suitable for oily skin, long lasting fragrance and dermatologically tested formula. Ideal choice for customers looking for a reliable face wash in the beauty category at around 634 rupees.
1378,Mamaearth Shampoo Classic 737,Mamaearth,Beauty,Shampoo,98,This shampoo from Mamaearth is a premium quality product designed for daily use. It offers dermatologically tested formula, enriched with natural ingredients and lightweight non sticky texture. Ideal choice for customers looking for a reliable shampoo in the beauty category at around 98 rupees.
1379,Dove Moisturizer Plus 744,Dove,Beauty,Moisturizer,977,This moisturizer from Dove is a mid range value for money pick designed for daily use. It offers paraben free and safe daily use, suitable for oily skin and protects against sun damage. Ideal choice for customers looking for a reliable moisturizer in the beauty category at around 977 rupees.
1380,Maybelline Lipstick Elite 751,Maybelline,Beauty,Lipstick,210,This lipstick from Maybelline is a entry level basic model designed for daily use. It offers deep hydration for dry skin, deep hydration for dry skin and paraben free and safe daily use. Ideal choice for customers looking for a reliable lipstick in the beauty category at around 210 rupees.
1381,Nivea Sunscreen Nova 758,Nivea,Beauty,Sunscreen,334,This sunscreen from Nivea is a professional grade performance designed for daily use. It offers long lasting fragrance, reduces acne and pimples and suitable for sensitive skin. Ideal choice for customers looking for a reliable sunscreen in the beauty category at around 334 rupees.
1382,Himalaya Hair Oil Elite 765,Himalaya,Beauty,Hair Oil,475,This hair oil from Himalaya is a budget friendly option designed for daily use. It offers protects against sun damage, suitable for sensitive skin and reduces acne and pimples. Ideal choice for customers looking for a reliable hair oil in the beauty category at around 475 rupees.
1383,Plum Perfume Max 772,Plum,Beauty,Perfume,302,This perfume from Plum is a premium quality product designed for daily use. It offers reduces acne and pimples, paraben free and safe daily use and deep hydration for dry skin. Ideal choice for customers looking for a reliable perfume in the beauty category at around 302 rupees.
1384,Lakme Face Serum Core 779,Lakme,Beauty,Face Serum,1693,This face serum from Lakme is a mid range value for money pick designed for daily use. It offers enriched with natural ingredients, protects against sun damage and suitable for oily skin. Ideal choice for customers looking for a reliable face serum in the beauty category at around 1693 rupees.
1385,Loreal Body Lotion Nova 786,Loreal,Beauty,Body Lotion,531,This body lotion from Loreal is a entry level basic model designed for daily use. It offers lightweight non sticky texture, lightweight non sticky texture and enriched with natural ingredients. Ideal choice for customers looking for a reliable body lotion in the beauty category at around 531 rupees.
1386,Biotique Conditioner Pro 793,Biotique,Beauty,Conditioner,310,This conditioner from Biotique is a professional grade performance designed for daily use. It offers suitable for sensitive skin, dermatologically tested formula and long lasting fragrance. Ideal choice for customers looking for a reliable conditioner in the beauty category at around 310 rupees.
1387,Lakme Face Wash Max 800,Lakme,Beauty,Face Wash,256,This face wash from Lakme is a budget friendly option designed for daily use. It offers suitable for oily skin, long lasting fragrance and dermatologically tested formula. Ideal choice for customers looking for a reliable face wash in the beauty category at around 256 rupees.
1388,Loreal Shampoo Core 807,Loreal,Beauty,Shampoo,523,This shampoo from Loreal is a premium quality product designed for daily use. It offers dermatologically tested formula, enriched with natural ingredients and lightweight non sticky texture. Ideal choice for customers looking for a reliable shampoo in the beauty category at around 523 rupees.
1389,Biotique Moisturizer Ultra 814,Biotique,Beauty,Moisturizer,140,This moisturizer from Biotique is a mid range value for money pick designed for daily use. It offers paraben free and safe daily use, suitable for oily skin and protects against sun damage. Ideal choice for customers looking for a reliable moisturizer in the beauty category at around 140 rupees.
1390,WOW Lipstick Plus 821,WOW,Beauty,Lipstick,289,This lipstick from WOW is a entry level basic model designed for daily use. It offers deep hydration for dry skin, deep hydration for dry skin and paraben free and safe daily use. Ideal choice for customers looking for a reliable lipstick in the beauty category at around 289 rupees.
1391,Mamaearth Sunscreen Elite 828,Mamaearth,Beauty,Sunscreen,334,This sunscreen from Mamaearth is a professional grade performance designed for daily use. It offers long lasting fragrance, reduces acne and pimples and suitable for sensitive skin. Ideal choice for customers looking for a reliable sunscreen in the beauty category at around 334 rupees.
1392,Dove Hair Oil Neo 835,Dove,Beauty,Hair Oil,462,This hair oil from Dove is a budget friendly option designed for daily use. It offers protects against sun damage, suitable for sensitive skin and reduces acne and pimples. Ideal choice for customers looking for a reliable hair oil in the beauty category at around 462 rupees.
1393,Maybelline Perfume Sport 842,Maybelline,Beauty,Perfume,1454,This perfume from Maybelline is a premium quality product designed for daily use. It offers reduces acne and pimples, paraben free and safe daily use and deep hydration for dry skin. Ideal choice for customers looking for a reliable perfume in the beauty category at around 1454 rupees.
1394,Nivea Face Serum Classic 849,Nivea,Beauty,Face Serum,851,This face serum from Nivea is a mid range value for money pick designed for daily use. It offers enriched with natural ingredients, protects against sun damage and suitable for oily skin. Ideal choice for customers looking for a reliable face serum in the beauty category at around 851 rupees.
1395,Himalaya Body Lotion Pro 856,Himalaya,Beauty,Body Lotion,713,This body lotion from Himalaya is a entry level basic model designed for daily use. It offers lightweight non sticky texture, lightweight non sticky texture and enriched with natural ingredients. Ideal choice for customers looking for a reliable body lotion in the beauty category at around 713 rupees.
1396,Plum Conditioner Nova 863,Plum,Beauty,Conditioner,634,This conditioner from Plum is a professional grade performance designed for daily use. It offers suitable for sensitive skin, dermatologically tested formula and long lasting fragrance. Ideal choice for customers looking for a reliable conditioner in the beauty category at around 634 rupees.
1397,Nivea Face Wash Nova 870,Nivea,Beauty,Face Wash,400,This face wash from Nivea is a budget friendly option designed for daily use. It offers suitable for oily skin, long lasting fragrance and dermatologically tested formula. Ideal choice for customers looking for a reliable face wash in the beauty category at around 400 rupees.
1398,Himalaya Shampoo Edge 877,Himalaya,Beauty,Shampoo,82,This shampoo from Himalaya is a premium quality product designed for daily use. It offers dermatologically tested formula, enriched with natural ingredients and lightweight non sticky texture. Ideal choice for customers looking for a reliable shampoo in the beauty category at around 82 rupees.
1399,Plum Moisturizer Zen 884,Plum,Beauty,Moisturizer,842,This moisturizer from Plum is a mid range value for money pick designed for daily use. It offers paraben free and safe daily use, suitable for oily skin and protects against sun damage. Ideal choice for customers looking for a reliable moisturizer in the beauty category at around 842 rupees.
1400,Lakme Lipstick Air 891,Lakme,Beauty,Lipstick,71,This lipstick from Lakme is a entry level basic model designed for daily use. It offers deep hydration for dry skin, deep hydration for dry skin and paraben free and safe daily use. Ideal choice for customers looking for a reliable lipstick in the beauty category at around 71 rupees.
1401,Loreal Sunscreen Max 898,Loreal,Beauty,Sunscreen,539,This sunscreen from Loreal is a professional grade performance designed for daily use. It offers long lasting fragrance, reduces acne and pimples and suitable for sensitive skin. Ideal choice for customers looking for a reliable sunscreen in the beauty category at around 539 rupees.
1402,Biotique Hair Oil Sport 905,Biotique,Beauty,Hair Oil,394,This hair oil from Biotique is a budget friendly option designed for daily use. It offers protects against sun damage, suitable for sensitive skin and reduces acne and pimples. Ideal choice for customers looking for a reliable hair oil in the beauty category at around 394 rupees.
1403,WOW Perfume Edge 912,WOW,Beauty,Perfume,446,This perfume from WOW is a premium quality product designed for daily use. It offers reduces acne and pimples, paraben free and safe daily use and deep hydration for dry skin. Ideal choice for customers looking for a reliable perfume in the beauty category at around 446 rupees.
1404,Mamaearth Face Serum Prime 919,Mamaearth,Beauty,Face Serum,1990,This face serum from Mamaearth is a mid range value for money pick designed for daily use. It offers enriched with natural ingredients, protects against sun damage and suitable for oily skin. Ideal choice for customers looking for a reliable face serum in the beauty category at around 1990 rupees.
1405,Dove Body Lotion Elite 926,Dove,Beauty,Body Lotion,429,This body lotion from Dove is a entry level basic model designed for daily use. It offers lightweight non sticky texture, lightweight non sticky texture and enriched with natural ingredients. Ideal choice for customers looking for a reliable body lotion in the beauty category at around 429 rupees.
1406,Maybelline Conditioner Neo 933,Maybelline,Beauty,Conditioner,508,This conditioner from Maybelline is a professional grade performance designed for daily use. It offers suitable for sensitive skin, dermatologically tested formula and long lasting fragrance. Ideal choice for customers looking for a reliable conditioner in the beauty category at around 508 rupees.
1407,Mamaearth Face Wash Max 940,Mamaearth,Beauty,Face Wash,472,This face wash from Mamaearth is a budget friendly option designed for daily use. It offers suitable for oily skin, long lasting fragrance and dermatologically tested formula. Ideal choice for customers looking for a reliable face wash in the beauty category at around 472 rupees.
1408,Dove Shampoo Elite 947,Dove,Beauty,Shampoo,318,This shampoo from Dove is a premium quality product designed for daily use. It offers dermatologically tested formula, enriched with natural ingredients and lightweight non sticky texture. Ideal choice for customers looking for a reliable shampoo in the beauty category at around 318 rupees.
1409,Maybelline Moisturizer Max 954,Maybelline,Beauty,Moisturizer,491,This moisturizer from Maybelline is a mid range value for money pick designed for daily use. It offers paraben free and safe daily use, suitable for oily skin and protects against sun damage. Ideal choice for customers looking for a reliable moisturizer in the beauty category at around 491 rupees.
1410,Nivea Lipstick Edge 961,Nivea,Beauty,Lipstick,170,This lipstick from Nivea is a entry level basic model designed for daily use. It offers deep hydration for dry skin, deep hydration for dry skin and paraben free and safe daily use. Ideal choice for customers looking for a reliable lipstick in the beauty category at around 170 rupees.
1411,Himalaya Sunscreen Air 968,Himalaya,Beauty,Sunscreen,428,This sunscreen from Himalaya is a professional grade performance designed for daily use. It offers long lasting fragrance, reduces acne and pimples and suitable for sensitive skin. Ideal choice for customers looking for a reliable sunscreen in the beauty category at around 428 rupees.
1412,Plum Hair Oil Max 975,Plum,Beauty,Hair Oil,556,This hair oil from Plum is a budget friendly option designed for daily use. It offers protects against sun damage, suitable for sensitive skin and reduces acne and pimples. Ideal choice for customers looking for a reliable hair oil in the beauty category at around 556 rupees.
1413,Lakme Perfume Edge 982,Lakme,Beauty,Perfume,1742,This perfume from Lakme is a premium quality product designed for daily use. It offers reduces acne and pimples, paraben free and safe daily use and deep hydration for dry skin. Ideal choice for customers looking for a reliable perfume in the beauty category at around 1742 rupees.
1414,Loreal Face Serum Neo 989,Loreal,Beauty,Face Serum,1891,This face serum from Loreal is a mid range value for money pick designed for daily use. It offers enriched with natural ingredients, protects against sun damage and suitable for oily skin. Ideal choice for customers looking for a reliable face serum in the beauty category at around 1891 rupees.
1415,Biotique Body Lotion Plus 996,Biotique,Beauty,Body Lotion,733,This body lotion from Biotique is a entry level basic model designed for daily use. It offers lightweight non sticky texture, lightweight non sticky texture and enriched with natural ingredients. Ideal choice for customers looking for a reliable body lotion in the beauty category at around 733 rupees.
1416,WOW Conditioner Max 103,WOW,Beauty,Conditioner,724,This conditioner from WOW is a professional grade performance designed for daily use. It offers suitable for sensitive skin, dermatologically tested formula and long lasting fragrance. Ideal choice for customers looking for a reliable conditioner in the beauty category at around 724 rupees.
1417,Loreal Face Wash Pro 110,Loreal,Beauty,Face Wash,238,This face wash from Loreal is a budget friendly option designed for daily use. It offers suitable for oily skin, long lasting fragrance and dermatologically tested formula. Ideal choice for customers looking for a reliable face wash in the beauty category at around 238 rupees.
1418,Biotique Shampoo Ultra 117,Biotique,Beauty,Shampoo,460,This shampoo from Biotique is a premium quality product designed for daily use. It offers dermatologically tested formula, enriched with natural ingredients and lightweight non sticky texture. Ideal choice for customers looking for a reliable shampoo in the beauty category at around 460 rupees.
1419,WOW Moisturizer Sport 124,WOW,Beauty,Moisturizer,950,This moisturizer from WOW is a mid range value for money pick designed for daily use. It offers paraben free and safe daily use, suitable for oily skin and protects against sun damage. Ideal choice for customers looking for a reliable moisturizer in the beauty category at around 950 rupees.
1420,Mamaearth Lipstick Prime 131,Mamaearth,Beauty,Lipstick,358,This lipstick from Mamaearth is a entry level basic model designed for daily use. It offers deep hydration for dry skin, deep hydration for dry skin and paraben free and safe daily use. Ideal choice for customers looking for a reliable lipstick in the beauty category at around 358 rupees.
1421,Dove Sunscreen Air 138,Dove,Beauty,Sunscreen,476,This sunscreen from Dove is a professional grade performance designed for daily use. It offers long lasting fragrance, reduces acne and pimples and suitable for sensitive skin. Ideal choice for customers looking for a reliable sunscreen in the beauty category at around 476 rupees.
1422,Maybelline Hair Oil Neo 145,Maybelline,Beauty,Hair Oil,39,This hair oil from Maybelline is a budget friendly option designed for daily use. It offers protects against sun damage, suitable for sensitive skin and reduces acne and pimples. Ideal choice for customers looking for a reliable hair oil in the beauty category at around 39 rupees.
1423,Nivea Perfume Edge 152,Nivea,Beauty,Perfume,2678,This perfume from Nivea is a premium quality product designed for daily use. It offers reduces acne and pimples, paraben free and safe daily use and deep hydration for dry skin. Ideal choice for customers looking for a reliable perfume in the beauty category at around 2678 rupees.
1424,Himalaya Face Serum Ultra 159,Himalaya,Beauty,Face Serum,1198,This face serum from Himalaya is a mid range value for money pick designed for daily use. It offers enriched with natural ingredients, protects against sun damage and suitable for oily skin. Ideal choice for customers looking for a reliable face serum in the beauty category at around 1198 rupees.
1425,Plum Body Lotion Lite 166,Plum,Beauty,Body Lotion,166,This body lotion from Plum is a entry level basic model designed for daily use. It offers lightweight non sticky texture, lightweight non sticky texture and enriched with natural ingredients. Ideal choice for customers looking for a reliable body lotion in the beauty category at around 166 rupees.
1426,Lakme Conditioner Neo 173,Lakme,Beauty,Conditioner,94,This conditioner from Lakme is a professional grade performance designed for daily use. It offers suitable for sensitive skin, dermatologically tested formula and long lasting fragrance. Ideal choice for customers looking for a reliable conditioner in the beauty category at around 94 rupees.
1427,Himalaya Face Wash Elite 180,Himalaya,Beauty,Face Wash,616,This face wash from Himalaya is a budget friendly option designed for daily use. It offers suitable for oily skin, long lasting fragrance and dermatologically tested formula. Ideal choice for customers looking for a reliable face wash in the beauty category at around 616 rupees.
1428,Plum Shampoo Neo 187,Plum,Beauty,Shampoo,161,This shampoo from Plum is a premium quality product designed for daily use. It offers dermatologically tested formula, enriched with natural ingredients and lightweight non sticky texture. Ideal choice for customers looking for a reliable shampoo in the beauty category at around 161 rupees.
1429,Lakme Moisturizer Elite 194,Lakme,Beauty,Moisturizer,599,This moisturizer from Lakme is a mid range value for money pick designed for daily use. It offers paraben free and safe daily use, suitable for oily skin and protects against sun damage. Ideal choice for customers looking for a reliable moisturizer in the beauty category at around 599 rupees.
1430,Levis T-Shirt Zen 100,Levis,Fashion,T-Shirt,504,This t-shirt from Levis is a budget friendly option designed for daily use. It offers breathable cotton fabric, wrinkle free finish and perfect for office wear. Ideal choice for customers looking for a reliable t-shirt in the fashion category at around 504 rupees.
1431,HighStreet Jeans Neo 107,HighStreet,Fashion,Jeans,4157,This jeans from HighStreet is a premium quality product designed for daily use. It offers perfect for office wear, stretchable slim fit and colour does not fade. Ideal choice for customers looking for a reliable jeans in the fashion category at around 4157 rupees.
1432,Roadster Kurta Classic 114,Roadster,Fashion,Kurta,713,This kurta from Roadster is a mid range value for money pick designed for daily use. It offers casual everyday comfort fit, breathable cotton fabric and suitable for winter season. Ideal choice for customers looking for a reliable kurta in the fashion category at around 713 rupees.
1433,UCB Saree Edge 121,UCB,Fashion,Saree,1949,This saree from UCB is a entry level basic model designed for daily use. It offers machine washable easy care, machine washable easy care and casual everyday comfort fit. Ideal choice for customers looking for a reliable saree in the fashion category at around 1949 rupees.
1434,Peter England Jacket Lite 128,Peter England,Fashion,Jacket,7648,This jacket from Peter England is a professional grade performance designed for daily use. It offers wrinkle free finish, stylish party wear design and comfortable for long hours. Ideal choice for customers looking for a reliable jacket in the fashion category at around 7648 rupees.
1435,Biba Shirt Classic 135,Biba,Fashion,Shirt,1946,This shirt from Biba is a budget friendly option designed for daily use. It offers suitable for winter season, comfortable for long hours and stylish party wear design. Ideal choice for customers looking for a reliable shirt in the fashion category at around 1946 rupees.
1436,FabIndia Track Pants Zen 142,FabIndia,Fashion,Track Pants,1890,This track pants from FabIndia is a premium quality product designed for daily use. It offers stylish party wear design, casual everyday comfort fit and machine washable easy care. Ideal choice for customers looking for a reliable track pants in the fashion category at around 1890 rupees.
1437,Allen Solly Hoodie Classic 149,Allen Solly,Fashion,Hoodie,4481,This hoodie from Allen Solly is a mid range value for money pick designed for daily use. It offers stretchable slim fit, suitable for winter season and breathable cotton fabric. Ideal choice for customers looking for a reliable hoodie in the fashion category at around 4481 rupees.
1438,Zudio Dress Zen 156,Zudio,Fashion,Dress,3899,This dress from Zudio is a entry level basic model designed for daily use. It offers colour does not fade, colour does not fade and stretchable slim fit. Ideal choice for customers looking for a reliable dress in the fashion category at around 3899 rupees.
1439,Jack Jones Blazer Air 163,Jack Jones,Fashion,Blazer,7234,This blazer from Jack Jones is a professional grade performance designed for daily use. It offers comfortable for long hours, perfect for office wear and wrinkle free finish. Ideal choice for customers looking for a reliable blazer in the fashion category at around 7234 rupees.
1440,Allen Solly T-Shirt Nova 170,Allen Solly,Fashion,T-Shirt,264,This t-shirt from Allen Solly is a budget friendly option designed for daily use. It offers breathable cotton fabric, wrinkle free finish and perfect for office wear. Ideal choice for customers looking for a reliable t-shirt in the fashion category at around 264 rupees.
1441,Zudio Jeans Max 177,Zudio,Fashion,Jeans,2861,This jeans from Zudio is a premium quality product designed for daily use. It offers perfect for office wear, stretchable slim fit and colour does not fade. Ideal choice for customers looking for a reliable jeans in the fashion category at around 2861 rupees.
1442,Jack Jones Kurta Zen 184,Jack Jones,Fashion,Kurta,3317,This kurta from Jack Jones is a mid range value for money pick designed for daily use. It offers casual everyday comfort fit, breathable cotton fabric and suitable for winter season. Ideal choice for customers looking for a reliable kurta in the fashion category at around 3317 rupees.
1443,Levis Saree Core 191,Levis,Fashion,Saree,5849,This saree from Levis is a entry level basic model designed for daily use. It offers machine washable easy care, machine washable easy care and casual everyday comfort fit. Ideal choice for customers looking for a reliable saree in the fashion category at around 5849 rupees.
1444,HighStreet Jacket Air 198,HighStreet,Fashion,Jacket,2548,This jacket from HighStreet is a professional grade performance designed for daily use. It offers wrinkle free finish, stylish party wear design and comfortable for long hours. Ideal choice for customers looking for a reliable jacket in the fashion category at around 2548 rupees.
1445,Roadster Shirt Nova 205,Roadster,Fashion,Shirt,2672,This shirt from Roadster is a budget friendly option designed for daily use. It offers suitable for winter season, comfortable for long hours and stylish party wear design. Ideal choice for customers looking for a reliable shirt in the fashion category at around 2672 rupees.
1446,UCB Track Pants Pro 212,UCB,Fashion,Track Pants,1350,This track pants from UCB is a premium quality product designed for daily use. It offers stylish party wear design, casual everyday comfort fit and machine washable easy care. Ideal choice for customers looking for a reliable track pants in the fashion category at around 1350 rupees.
1447,Peter England Hoodie Lite 219,Peter England,Fashion,Hoodie,1781,This hoodie from Peter England is a mid range value for money pick designed for daily use. It offers stretchable slim fit, suitable for winter season and breathable cotton fabric. Ideal choice for customers looking for a reliable hoodie in the fashion category at around 1781 rupees.
1448,Biba Dress Ultra 226,Biba,Fashion,Dress,1019,This dress from Biba is a entry level basic model designed for daily use. It offers colour does not fade, colour does not fade and stretchable slim fit. Ideal choice for customers looking for a reliable dress in the fashion category at around 1019 rupees.
1449,FabIndia Blazer Nova 233,FabIndia,Fashion,Blazer,5938,This blazer from FabIndia is a professional grade performance designed for daily use. It offers comfortable for long hours, perfect for office wear and wrinkle free finish. Ideal choice for customers looking for a reliable blazer in the fashion category at around 5938 rupees.
1450,Peter England T-Shirt Elite 240,Peter England,Fashion,T-Shirt,504,This t-shirt from Peter England is a budget friendly option designed for daily use. It offers breathable cotton fabric, wrinkle free finish and perfect for office wear. Ideal choice for customers looking for a reliable t-shirt in the fashion category at around 504 rupees.
1451,Biba Jeans Pro 247,Biba,Fashion,Jeans,2753,This jeans from Biba is a premium quality product designed for daily use. It offers perfect for office wear, stretchable slim fit and colour does not fade. Ideal choice for customers looking for a reliable jeans in the fashion category at around 2753 rupees.
1452,FabIndia Kurta Zen 254,FabIndia,Fashion,Kurta,1049,This kurta from FabIndia is a mid range value for money pick designed for daily use. It offers casual everyday comfort fit, breathable cotton fabric and suitable for winter season. Ideal choice for customers looking for a reliable kurta in the fashion category at around 1049 rupees.
1453,Allen Solly Saree Air 261,Allen Solly,Fashion,Saree,1013,This saree from Allen Solly is a entry level basic model designed for daily use. It offers machine washable easy care, machine washable easy care and casual everyday comfort fit. Ideal choice for customers looking for a reliable saree in the fashion category at around 1013 rupees.
1454,Zudio Jacket Max 268,Zudio,Fashion,Jacket,3160,This jacket from Zudio is a professional grade performance designed for daily use. It offers wrinkle free finish, stylish party wear design and comfortable for long hours. Ideal choice for customers looking for a reliable jacket in the fashion category at around 3160 rupees.
1455,Jack Jones Shirt Classic 275,Jack Jones,Fashion,Shirt,692,This shirt from Jack Jones is a budget friendly option designed for daily use. It offers suitable for winter season, comfortable for long hours and stylish party wear design. Ideal choice for customers looking for a reliable shirt in the fashion category at around 692 rupees.
1456,Levis Track Pants Air 282,Levis,Fashion,Track Pants,510,This track pants from Levis is a premium quality product designed for daily use. It offers stylish party wear design, casual everyday comfort fit and machine washable easy care. Ideal choice for customers looking for a reliable track pants in the fashion category at around 510 rupees.
1457,HighStreet Hoodie Air 289,HighStreet,Fashion,Hoodie,3725,This hoodie from HighStreet is a mid range value for money pick designed for daily use. It offers stretchable slim fit, suitable for winter season and breathable cotton fabric. Ideal choice for customers looking for a reliable hoodie in the fashion category at around 3725 rupees.
1458,Roadster Dress Max 296,Roadster,Fashion,Dress,4859,This dress from Roadster is a entry level basic model designed for daily use. It offers colour does not fade, colour does not fade and stretchable slim fit. Ideal choice for customers looking for a reliable dress in the fashion category at around 4859 rupees.
1459,UCB Blazer Classic 303,UCB,Fashion,Blazer,5938,This blazer from UCB is a professional grade performance designed for daily use. It offers comfortable for long hours, perfect for office wear and wrinkle free finish. Ideal choice for customers looking for a reliable blazer in the fashion category at around 5938 rupees.
1460,HighStreet T-Shirt Sport 310,HighStreet,Fashion,T-Shirt,1320,This t-shirt from HighStreet is a budget friendly option designed for daily use. It offers breathable cotton fabric, wrinkle free finish and perfect for office wear. Ideal choice for customers looking for a reliable t-shirt in the fashion category at around 1320 rupees.
1461,Roadster Jeans Prime 317,Roadster,Fashion,Jeans,1457,This jeans from Roadster is a premium quality product designed for daily use. It offers perfect for office wear, stretchable slim fit and colour does not fade. Ideal choice for customers looking for a reliable jeans in the fashion category at around 1457 rupees.
1462,UCB Kurta Zen 324,UCB,Fashion,Kurta,965,This kurta from UCB is a mid range value for money pick designed for daily use. It offers casual everyday comfort fit, breathable cotton fabric and suitable for winter season. Ideal choice for customers looking for a reliable kurta in the fashion category at around 965 rupees.
1463,Peter England Saree Elite 331,Peter England,Fashion,Saree,1013,This saree from Peter England is a entry level basic model designed for daily use. It offers machine washable easy care, machine washable easy care and casual everyday comfort fit. Ideal choice for customers looking for a reliable saree in the fashion category at around 1013 rupees.
1464,Biba Jacket Pro 338,Biba,Fashion,Jacket,4384,This jacket from Biba is a professional grade performance designed for daily use. It offers wrinkle free finish, stylish party wear design and comfortable for long hours. Ideal choice for customers looking for a reliable jacket in the fashion category at around 4384 rupees.
1465,FabIndia Shirt Ultra 345,FabIndia,Fashion,Shirt,428,This shirt from FabIndia is a budget friendly option designed for daily use. It offers suitable for winter season, comfortable for long hours and stylish party wear design. Ideal choice for customers looking for a reliable shirt in the fashion category at around 428 rupees.
1466,Allen Solly Track Pants Ultra 352,Allen Solly,Fashion,Track Pants,1650,This track pants from Allen Solly is a premium quality product designed for daily use. It offers stylish party wear design, casual everyday comfort fit and machine washable easy care. Ideal choice for customers looking for a reliable track pants in the fashion category at around 1650 rupees.
1467,Zudio Hoodie Lite 359,Zudio,Fashion,Hoodie,3833,This hoodie from Zudio is a mid range value for money pick designed for daily use. It offers stretchable slim fit, suitable for winter season and breathable cotton fabric. Ideal choice for customers looking for a reliable hoodie in the fashion category at around 3833 rupees.
1468,Jack Jones Dress Neo 366,Jack Jones,Fashion,Dress,2579,This dress from Jack Jones is a entry level basic model designed for daily use. It offers colour does not fade, colour does not fade and stretchable slim fit. Ideal choice for customers looking for a reliable dress in the fashion category at around 2579 rupees.
1469,Levis Blazer Lite 373,Levis,Fashion,Blazer,2050,This blazer from Levis is a professional grade performance designed for daily use. It offers comfortable for long hours, perfect for office wear and wrinkle free finish. Ideal choice for customers looking for a reliable blazer in the fashion category at around 2050 rupees.
1470,Zudio T-Shirt Sport 380,Zudio,Fashion,T-Shirt,1464,This t-shirt from Zudio is a budget friendly option designed for daily use. It offers breathable cotton fabric, wrinkle free finish and perfect for office wear. Ideal choice for customers looking for a reliable t-shirt in the fashion category at around 1464 rupees.
1471,Jack Jones Jeans Nova 387,Jack Jones,Fashion,Jeans,1457,This jeans from Jack Jones is a premium quality product designed for daily use. It offers perfect for office wear, stretchable slim fit and colour does not fade. Ideal choice for customers looking for a reliable jeans in the fashion category at around 1457 rupees.
1472,Levis Kurta Nova 394,Levis,Fashion,Kurta,965,This kurta from Levis is a mid range value for money pick designed for daily use. It offers casual everyday comfort fit, breathable cotton fabric and suitable for winter season. Ideal choice for customers looking for a reliable kurta in the fashion category at around 965 rupees.
1473,HighStreet Saree Pro 401,HighStreet,Fashion,Saree,5381,This saree from HighStreet is a entry level basic model designed for daily use. It offers machine washable easy care, machine washable easy care and casual everyday comfort fit. Ideal choice for customers looking for a reliable saree in the fashion category at around 5381 rupees.
1474,Roadster Jacket Neo 408,Roadster,Fashion,Jacket,1324,This jacket from Roadster is a professional grade performance designed for daily use. It offers wrinkle free finish, stylish party wear design and comfortable for long hours. Ideal choice for customers looking for a reliable jacket in the fashion category at around 1324 rupees.
1475,UCB Shirt Neo 415,UCB,Fashion,Shirt,230,This shirt from UCB is a budget friendly option designed for daily use. It offers suitable for winter season, comfortable for long hours and stylish party wear design. Ideal choice for customers looking for a reliable shirt in the fashion category at around 230 rupees.
1476,Peter England Track Pants Sport 422,Peter England,Fashion,Track Pants,2070,This track pants from Peter England is a premium quality product designed for daily use. It offers stylish party wear design, casual everyday comfort fit and machine washable easy care. Ideal choice for customers looking for a reliable track pants in the fashion category at around 2070 rupees.
1477,Biba Hoodie Edge 429,Biba,Fashion,Hoodie,4481,This hoodie from Biba is a mid range value for money pick designed for daily use. It offers stretchable slim fit, suitable for winter season and breathable cotton fabric. Ideal choice for customers looking for a reliable hoodie in the fashion category at around 4481 rupees.
1478,FabIndia Dress Edge 436,FabIndia,Fashion,Dress,2339,This dress from FabIndia is a entry level basic model designed for daily use. It offers colour does not fade, colour does not fade and stretchable slim fit. Ideal choice for customers looking for a reliable dress in the fashion category at around 2339 rupees.
1479,Allen Solly Blazer Elite 443,Allen Solly,Fashion,Blazer,1402,This blazer from Allen Solly is a professional grade performance designed for daily use. It offers comfortable for long hours, perfect for office wear and wrinkle free finish. Ideal choice for customers looking for a reliable blazer in the fashion category at around 1402 rupees.
1480,Biba T-Shirt Plus 450,Biba,Fashion,T-Shirt,936,This t-shirt from Biba is a budget friendly option designed for daily use. It offers breathable cotton fabric, wrinkle free finish and perfect for office wear. Ideal choice for customers looking for a reliable t-shirt in the fashion category at around 936 rupees.
1481,FabIndia Jeans Ultra 457,FabIndia,Fashion,Jeans,4265,This jeans from FabIndia is a premium quality product designed for daily use. It offers perfect for office wear, stretchable slim fit and colour does not fade. Ideal choice for customers looking for a reliable jeans in the fashion category at around 4265 rupees.
1482,Allen Solly Kurta Max 464,Allen Solly,Fashion,Kurta,3485,This kurta from Allen Solly is a mid range value for money pick designed for daily use. It offers casual everyday comfort fit, breathable cotton fabric and suitable for winter season. Ideal choice for customers looking for a reliable kurta in the fashion category at around 3485 rupees.
1483,Zudio Saree Ultra 471,Zudio,Fashion,Saree,6005,This saree from Zudio is a entry level basic model designed for daily use. It offers machine washable easy care, machine washable easy care and casual everyday comfort fit. Ideal choice for customers looking for a reliable saree in the fashion category at around 6005 rupees.
1484,Jack Jones Jacket Max 478,Jack Jones,Fashion,Jacket,1528,This jacket from Jack Jones is a professional grade performance designed for daily use. It offers wrinkle free finish, stylish party wear design and comfortable for long hours. Ideal choice for customers looking for a reliable jacket in the fashion category at around 1528 rupees.
1485,Levis Shirt Plus 485,Levis,Fashion,Shirt,692,This shirt from Levis is a budget friendly option designed for daily use. It offers suitable for winter season, comfortable for long hours and stylish party wear design. Ideal choice for customers looking for a reliable shirt in the fashion category at around 692 rupees.
1486,HighStreet Track Pants Sport 492,HighStreet,Fashion,Track Pants,990,This track pants from HighStreet is a premium quality product designed for daily use. It offers stylish party wear design, casual everyday comfort fit and machine washable easy care. Ideal choice for customers looking for a reliable track pants in the fashion category at around 990 rupees.
1487,Roadster Hoodie Core 499,Roadster,Fashion,Hoodie,593,This hoodie from Roadster is a mid range value for money pick designed for daily use. It offers stretchable slim fit, suitable for winter season and breathable cotton fabric. Ideal choice for customers looking for a reliable hoodie in the fashion category at around 593 rupees.
1488,UCB Dress Air 506,UCB,Fashion,Dress,4619,This dress from UCB is a entry level basic model designed for daily use. It offers colour does not fade, colour does not fade and stretchable slim fit. Ideal choice for customers looking for a reliable dress in the fashion category at around 4619 rupees.
1489,Peter England Blazer Ultra 513,Peter England,Fashion,Blazer,1402,This blazer from Peter England is a professional grade performance designed for daily use. It offers comfortable for long hours, perfect for office wear and wrinkle free finish. Ideal choice for customers looking for a reliable blazer in the fashion category at around 1402 rupees.
1490,Roadster T-Shirt Zen 520,Roadster,Fashion,T-Shirt,888,This t-shirt from Roadster is a budget friendly option designed for daily use. It offers breathable cotton fabric, wrinkle free finish and perfect for office wear. Ideal choice for customers looking for a reliable t-shirt in the fashion category at around 888 rupees.
1491,UCB Jeans Neo 527,UCB,Fashion,Jeans,1997,This jeans from UCB is a premium quality product designed for daily use. It offers perfect for office wear, stretchable slim fit and colour does not fade. Ideal choice for customers looking for a reliable jeans in the fashion category at around 1997 rupees.
1492,Peter England Kurta Pro 534,Peter England,Fashion,Kurta,209,This kurta from Peter England is a mid range value for money pick designed for daily use. It offers casual everyday comfort fit, breathable cotton fabric and suitable for winter season. Ideal choice for customers looking for a reliable kurta in the fashion category at around 209 rupees.
1493,Biba Saree Prime 541,Biba,Fashion,Saree,2885,This saree from Biba is a entry level basic model designed for daily use. It offers machine washable easy care, machine washable easy care and casual everyday comfort fit. Ideal choice for customers looking for a reliable saree in the fashion category at around 2885 rupees.
1494,FabIndia Jacket Elite 548,FabIndia,Fashion,Jacket,4792,This jacket from FabIndia is a professional grade performance designed for daily use. It offers wrinkle free finish, stylish party wear design and comfortable for long hours. Ideal choice for customers looking for a reliable jacket in the fashion category at around 4792 rupees.
1495,Allen Solly Shirt Nova 555,Allen Solly,Fashion,Shirt,1616,This shirt from Allen Solly is a budget friendly option designed for daily use. It offers suitable for winter season, comfortable for long hours and stylish party wear design. Ideal choice for customers looking for a reliable shirt in the fashion category at around 1616 rupees.
1496,Zudio Track Pants Lite 562,Zudio,Fashion,Track Pants,150,This track pants from Zudio is a premium quality product designed for daily use. It offers stylish party wear design, casual everyday comfort fit and machine washable easy care. Ideal choice for customers looking for a reliable track pants in the fashion category at around 150 rupees.
1497,Jack Jones Hoodie Max 569,Jack Jones,Fashion,Hoodie,2537,This hoodie from Jack Jones is a mid range value for money pick designed for daily use. It offers stretchable slim fit, suitable for winter season and breathable cotton fabric. Ideal choice for customers looking for a reliable hoodie in the fashion category at around 2537 rupees.
1498,Levis Dress Elite 576,Levis,Fashion,Dress,1739,This dress from Levis is a entry level basic model designed for daily use. It offers colour does not fade, colour does not fade and stretchable slim fit. Ideal choice for customers looking for a reliable dress in the fashion category at around 1739 rupees.
1499,HighStreet Blazer Elite 583,HighStreet,Fashion,Blazer,6586,This blazer from HighStreet is a professional grade performance designed for daily use. It offers comfortable for long hours, perfect for office wear and wrinkle free finish. Ideal choice for customers looking for a reliable blazer in the fashion category at around 6586 rupees.
1500,Jack Jones T-Shirt Elite 590,Jack Jones,Fashion,T-Shirt,1272,This t-shirt from Jack Jones is a budget friendly option designed for daily use. It offers breathable cotton fabric, wrinkle free finish and perfect for office wear. Ideal choice for customers looking for a reliable t-shirt in the fashion category at around 1272 rupees.
1501,Levis Jeans Edge 597,Levis,Fashion,Jeans,1673,This jeans from Levis is a premium quality product designed for daily use. It offers perfect for office wear, stretchable slim fit and colour does not fade. Ideal choice for customers looking for a reliable jeans in the fashion category at around 1673 rupees.
1502,HighStreet Kurta Lite 604,HighStreet,Fashion,Kurta,2813,This kurta from HighStreet is a mid range value for money pick designed for daily use. It offers casual everyday comfort fit, breathable cotton fabric and suitable for winter season. Ideal choice for customers looking for a reliable kurta in the fashion category at around 2813 rupees.
1503,Roadster Saree Sport 611,Roadster,Fashion,Saree,3197,This saree from Roadster is a entry level basic model designed for daily use. It offers machine washable easy care, machine washable easy care and casual everyday comfort fit. Ideal choice for customers looking for a reliable saree in the fashion category at around 3197 rupees.
1504,UCB Jacket Edge 618,UCB,Fashion,Jacket,6016,This jacket from UCB is a professional grade performance designed for daily use. It offers wrinkle free finish, stylish party wear design and comfortable for long hours. Ideal choice for customers looking for a reliable jacket in the fashion category at around 6016 rupees.
1505,Peter England Shirt Air 625,Peter England,Fashion,Shirt,1088,This shirt from Peter England is a budget friendly option designed for daily use. It offers suitable for winter season, comfortable for long hours and stylish party wear design. Ideal choice for customers looking for a reliable shirt in the fashion category at around 1088 rupees.
1506,Biba Track Pants Air 632,Biba,Fashion,Track Pants,150,This track pants from Biba is a premium quality product designed for daily use. It offers stylish party wear design, casual everyday comfort fit and machine washable easy care. Ideal choice for customers looking for a reliable track pants in the fashion category at around 150 rupees.
1507,FabIndia Hoodie Pro 639,FabIndia,Fashion,Hoodie,1673,This hoodie from FabIndia is a mid range value for money pick designed for daily use. It offers stretchable slim fit, suitable for winter season and breathable cotton fabric. Ideal choice for customers looking for a reliable hoodie in the fashion category at around 1673 rupees.
1508,Allen Solly Dress Edge 646,Allen Solly,Fashion,Dress,3419,This dress from Allen Solly is a entry level basic model designed for daily use. It offers colour does not fade, colour does not fade and stretchable slim fit. Ideal choice for customers looking for a reliable dress in the fashion category at around 3419 rupees.
1509,Zudio Blazer Zen 653,Zudio,Fashion,Blazer,3994,This blazer from Zudio is a professional grade performance designed for daily use. It offers comfortable for long hours, perfect for office wear and wrinkle free finish. Ideal choice for customers looking for a reliable blazer in the fashion category at around 3994 rupees.
1510,FabIndia T-Shirt Elite 660,FabIndia,Fashion,T-Shirt,1368,This t-shirt from FabIndia is a budget friendly option designed for daily use. It offers breathable cotton fabric, wrinkle free finish and perfect for office wear. Ideal choice for customers looking for a reliable t-shirt in the fashion category at around 1368 rupees.
1511,Allen Solly Jeans Max 667,Allen Solly,Fashion,Jeans,2105,This jeans from Allen Solly is a premium quality product designed for daily use. It offers perfect for office wear, stretchable slim fit and colour does not fade. Ideal choice for customers looking for a reliable jeans in the fashion category at around 2105 rupees.
1512,Zudio Kurta Neo 674,Zudio,Fashion,Kurta,1637,This kurta from Zudio is a mid range value for money pick designed for daily use. It offers casual everyday comfort fit, breathable cotton fabric and suitable for winter season. Ideal choice for customers looking for a reliable kurta in the fashion category at around 1637 rupees.
1513,Jack Jones Saree Elite 681,Jack Jones,Fashion,Saree,4289,This saree from Jack Jones is a entry level basic model designed for daily use. It offers machine washable easy care, machine washable easy care and casual everyday comfort fit. Ideal choice for customers looking for a reliable saree in the fashion category at around 4289 rupees.
1514,Levis Jacket Air 688,Levis,Fashion,Jacket,6832,This jacket from Levis is a professional grade performance designed for daily use. It offers wrinkle free finish, stylish party wear design and comfortable for long hours. Ideal choice for customers looking for a reliable jacket in the fashion category at around 6832 rupees.
1515,HighStreet Shirt Classic 695,HighStreet,Fashion,Shirt,2144,This shirt from HighStreet is a budget friendly option designed for daily use. It offers suitable for winter season, comfortable for long hours and stylish party wear design. Ideal choice for customers looking for a reliable shirt in the fashion category at around 2144 rupees.
1516,Roadster Track Pants Pro 702,Roadster,Fashion,Track Pants,2430,This track pants from Roadster is a premium quality product designed for daily use. It offers stylish party wear design, casual everyday comfort fit and machine washable easy care. Ideal choice for customers looking for a reliable track pants in the fashion category at around 2430 rupees.
1517,UCB Hoodie Plus 709,UCB,Fashion,Hoodie,2969,This hoodie from UCB is a mid range value for money pick designed for daily use. It offers stretchable slim fit, suitable for winter season and breathable cotton fabric. Ideal choice for customers looking for a reliable hoodie in the fashion category at around 2969 rupees.
1518,Peter England Dress Nova 716,Peter England,Fashion,Dress,4259,This dress from Peter England is a entry level basic model designed for daily use. It offers colour does not fade, colour does not fade and stretchable slim fit. Ideal choice for customers looking for a reliable dress in the fashion category at around 4259 rupees.
1519,Biba Blazer Zen 723,Biba,Fashion,Blazer,2482,This blazer from Biba is a professional grade performance designed for daily use. It offers comfortable for long hours, perfect for office wear and wrinkle free finish. Ideal choice for customers looking for a reliable blazer in the fashion category at around 2482 rupees.
1520,UCB T-Shirt Edge 730,UCB,Fashion,T-Shirt,1272,This t-shirt from UCB is a budget friendly option designed for daily use. It offers breathable cotton fabric, wrinkle free finish and perfect for office wear. Ideal choice for customers looking for a reliable t-shirt in the fashion category at around 1272 rupees.
1521,Peter England Jeans Prime 737,Peter England,Fashion,Jeans,1241,This jeans from Peter England is a premium quality product designed for daily use. It offers perfect for office wear, stretchable slim fit and colour does not fade. Ideal choice for customers looking for a reliable jeans in the fashion category at around 1241 rupees.
1522,Biba Kurta Edge 744,Biba,Fashion,Kurta,3485,This kurta from Biba is a mid range value for money pick designed for daily use. It offers casual everyday comfort fit, breathable cotton fabric and suitable for winter season. Ideal choice for customers looking for a reliable kurta in the fashion category at around 3485 rupees.
1523,FabIndia Saree Zen 751,FabIndia,Fashion,Saree,6161,This saree from FabIndia is a entry level basic model designed for daily use. It offers machine washable easy care, machine washable easy care and casual everyday comfort fit. Ideal choice for customers looking for a reliable saree in the fashion category at around 6161 rupees.
1524,Allen Solly Jacket Sport 758,Allen Solly,Fashion,Jacket,1936,This jacket from Allen Solly is a professional grade performance designed for daily use. It offers wrinkle free finish, stylish party wear design and comfortable for long hours. Ideal choice for customers looking for a reliable jacket in the fashion category at around 1936 rupees.
1525,Zudio Shirt Prime 765,Zudio,Fashion,Shirt,1154,This shirt from Zudio is a budget friendly option designed for daily use. It offers suitable for winter season, comfortable for long hours and stylish party wear design. Ideal choice for customers looking for a reliable shirt in the fashion category at around 1154 rupees.
1526,Jack Jones Track Pants Ultra 772,Jack Jones,Fashion,Track Pants,570,This track pants from Jack Jones is a premium quality product designed for daily use. It offers stylish party wear design, casual everyday comfort fit and machine washable easy care. Ideal choice for customers looking for a reliable track pants in the fashion category at around 570 rupees.
1527,Levis Hoodie Nova 779,Levis,Fashion,Hoodie,2645,This hoodie from Levis is a mid range value for money pick designed for daily use. It offers stretchable slim fit, suitable for winter season and breathable cotton fabric. Ideal choice for customers looking for a reliable hoodie in the fashion category at around 2645 rupees.
1528,HighStreet Dress Pro 786,HighStreet,Fashion,Dress,1619,This dress from HighStreet is a entry level basic model designed for daily use. It offers colour does not fade, colour does not fade and stretchable slim fit. Ideal choice for customers looking for a reliable dress in the fashion category at around 1619 rupees.
1529,Roadster Blazer Lite 793,Roadster,Fashion,Blazer,1186,This blazer from Roadster is a professional grade performance designed for daily use. It offers comfortable for long hours, perfect for office wear and wrinkle free finish. Ideal choice for customers looking for a reliable blazer in the fashion category at around 1186 rupees.
1530,Levis T-Shirt Ultra 800,Levis,Fashion,T-Shirt,648,This t-shirt from Levis is a budget friendly option designed for daily use. It offers breathable cotton fabric, wrinkle free finish and perfect for office wear. Ideal choice for customers looking for a reliable t-shirt in the fashion category at around 648 rupees.
1531,HighStreet Jeans Classic 807,HighStreet,Fashion,Jeans,2537,This jeans from HighStreet is a premium quality product designed for daily use. It offers perfect for office wear, stretchable slim fit and colour does not fade. Ideal choice for customers looking for a reliable jeans in the fashion category at around 2537 rupees.
1532,Roadster Kurta Sport 814,Roadster,Fashion,Kurta,1049,This kurta from Roadster is a mid range value for money pick designed for daily use. It offers casual everyday comfort fit, breathable cotton fabric and suitable for winter season. Ideal choice for customers looking for a reliable kurta in the fashion category at around 1049 rupees.
1533,UCB Saree Ultra 821,UCB,Fashion,Saree,3977,This saree from UCB is a entry level basic model designed for daily use. It offers machine washable easy care, machine washable easy care and casual everyday comfort fit. Ideal choice for customers looking for a reliable saree in the fashion category at around 3977 rupees.
1534,Peter England Jacket Nova 828,Peter England,Fashion,Jacket,8260,This jacket from Peter England is a professional grade performance designed for daily use. It offers wrinkle free finish, stylish party wear design and comfortable for long hours. Ideal choice for customers looking for a reliable jacket in the fashion category at around 8260 rupees.
1535,Biba Shirt Zen 835,Biba,Fashion,Shirt,362,This shirt from Biba is a budget friendly option designed for daily use. It offers suitable for winter season, comfortable for long hours and stylish party wear design. Ideal choice for customers looking for a reliable shirt in the fashion category at around 362 rupees.
1536,FabIndia Track Pants Air 842,FabIndia,Fashion,Track Pants,930,This track pants from FabIndia is a premium quality product designed for daily use. It offers stylish party wear design, casual everyday comfort fit and machine washable easy care. Ideal choice for customers looking for a reliable track pants in the fashion category at around 930 rupees.
1537,Allen Solly Hoodie Core 849,Allen Solly,Fashion,Hoodie,2537,This hoodie from Allen Solly is a mid range value for money pick designed for daily use. It offers stretchable slim fit, suitable for winter season and breathable cotton fabric. Ideal choice for customers looking for a reliable hoodie in the fashion category at around 2537 rupees.
1538,Zudio Dress Zen 856,Zudio,Fashion,Dress,4019,This dress from Zudio is a entry level basic model designed for daily use. It offers colour does not fade, colour does not fade and stretchable slim fit. Ideal choice for customers looking for a reliable dress in the fashion category at around 4019 rupees.
1539,Jack Jones Blazer Pro 863,Jack Jones,Fashion,Blazer,3562,This blazer from Jack Jones is a professional grade performance designed for daily use. It offers comfortable for long hours, perfect for office wear and wrinkle free finish. Ideal choice for customers looking for a reliable blazer in the fashion category at around 3562 rupees.
1540,Allen Solly T-Shirt Core 870,Allen Solly,Fashion,T-Shirt,792,This t-shirt from Allen Solly is a budget friendly option designed for daily use. It offers breathable cotton fabric, wrinkle free finish and perfect for office wear. Ideal choice for customers looking for a reliable t-shirt in the fashion category at around 792 rupees.
1541,Zudio Jeans Elite 877,Zudio,Fashion,Jeans,3833,This jeans from Zudio is a premium quality product designed for daily use. It offers perfect for office wear, stretchable slim fit and colour does not fade. Ideal choice for customers looking for a reliable jeans in the fashion category at around 3833 rupees.
1542,Jack Jones Kurta Max 884,Jack Jones,Fashion,Kurta,965,This kurta from Jack Jones is a mid range value for money pick designed for daily use. It offers casual everyday comfort fit, breathable cotton fabric and suitable for winter season. Ideal choice for customers looking for a reliable kurta in the fashion category at around 965 rupees.
1543,Levis Saree Zen 891,Levis,Fashion,Saree,2885,This saree from Levis is a entry level basic model designed for daily use. It offers machine washable easy care, machine washable easy care and casual everyday comfort fit. Ideal choice for customers looking for a reliable saree in the fashion category at around 2885 rupees.
1544,HighStreet Jacket Neo 898,HighStreet,Fashion,Jacket,7852,This jacket from HighStreet is a professional grade performance designed for daily use. It offers wrinkle free finish, stylish party wear design and comfortable for long hours. Ideal choice for customers looking for a reliable jacket in the fashion category at around 7852 rupees.
1545,Roadster Shirt Sport 905,Roadster,Fashion,Shirt,230,This shirt from Roadster is a budget friendly option designed for daily use. It offers suitable for winter season, comfortable for long hours and stylish party wear design. Ideal choice for customers looking for a reliable shirt in the fashion category at around 230 rupees.
1546,UCB Track Pants Plus 912,UCB,Fashion,Track Pants,2370,This track pants from UCB is a premium quality product designed for daily use. It offers stylish party wear design, casual everyday comfort fit and machine washable easy care. Ideal choice for customers looking for a reliable track pants in the fashion category at around 2370 rupees.
1547,Peter England Hoodie Edge 919,Peter England,Fashion,Hoodie,3725,This hoodie from Peter England is a mid range value for money pick designed for daily use. It offers stretchable slim fit, suitable for winter season and breathable cotton fabric. Ideal choice for customers looking for a reliable hoodie in the fashion category at around 3725 rupees.
1548,Biba Dress Prime 926,Biba,Fashion,Dress,419,This dress from Biba is a entry level basic model designed for daily use. It offers colour does not fade, colour does not fade and stretchable slim fit. Ideal choice for customers looking for a reliable dress in the fashion category at around 419 rupees.
1549,FabIndia Blazer Classic 933,FabIndia,Fashion,Blazer,2914,This blazer from FabIndia is a professional grade performance designed for daily use. It offers comfortable for long hours, perfect for office wear and wrinkle free finish. Ideal choice for customers looking for a reliable blazer in the fashion category at around 2914 rupees.
1550,Peter England T-Shirt Nova 940,Peter England,Fashion,T-Shirt,408,This t-shirt from Peter England is a budget friendly option designed for daily use. It offers breathable cotton fabric, wrinkle free finish and perfect for office wear. Ideal choice for customers looking for a reliable t-shirt in the fashion category at around 408 rupees.
1551,Biba Jeans Classic 947,Biba,Fashion,Jeans,3617,This jeans from Biba is a premium quality product designed for daily use. It offers perfect for office wear, stretchable slim fit and colour does not fade. Ideal choice for customers looking for a reliable jeans in the fashion category at around 3617 rupees.
1552,FabIndia Kurta Pro 954,FabIndia,Fashion,Kurta,3485,This kurta from FabIndia is a mid range value for money pick designed for daily use. It offers casual everyday comfort fit, breathable cotton fabric and suitable for winter season. Ideal choice for customers looking for a reliable kurta in the fashion category at around 3485 rupees.
1553,Allen Solly Saree Air 961,Allen Solly,Fashion,Saree,2417,This saree from Allen Solly is a entry level basic model designed for daily use. It offers machine washable easy care, machine washable easy care and casual everyday comfort fit. Ideal choice for customers looking for a reliable saree in the fashion category at around 2417 rupees.
1554,Zudio Jacket Sport 968,Zudio,Fashion,Jacket,4180,This jacket from Zudio is a professional grade performance designed for daily use. It offers wrinkle free finish, stylish party wear design and comfortable for long hours. Ideal choice for customers looking for a reliable jacket in the fashion category at around 4180 rupees.
1555,Jack Jones Shirt Prime 975,Jack Jones,Fashion,Shirt,2540,This shirt from Jack Jones is a budget friendly option designed for daily use. It offers suitable for winter season, comfortable for long hours and stylish party wear design. Ideal choice for customers looking for a reliable shirt in the fashion category at around 2540 rupees.
1556,Levis Track Pants Core 982,Levis,Fashion,Track Pants,690,This track pants from Levis is a premium quality product designed for daily use. It offers stylish party wear design, casual everyday comfort fit and machine washable easy care. Ideal choice for customers looking for a reliable track pants in the fashion category at around 690 rupees.
1557,HighStreet Hoodie Air 989,HighStreet,Fashion,Hoodie,3941,This hoodie from HighStreet is a mid range value for money pick designed for daily use. It offers stretchable slim fit, suitable for winter season and breathable cotton fabric. Ideal choice for customers looking for a reliable hoodie in the fashion category at around 3941 rupees.
1558,Roadster Dress Classic 996,Roadster,Fashion,Dress,2819,This dress from Roadster is a entry level basic model designed for daily use. It offers colour does not fade, colour does not fade and stretchable slim fit. Ideal choice for customers looking for a reliable dress in the fashion category at around 2819 rupees.
1559,UCB Blazer Sport 103,UCB,Fashion,Blazer,4426,This blazer from UCB is a professional grade performance designed for daily use. It offers comfortable for long hours, perfect for office wear and wrinkle free finish. Ideal choice for customers looking for a reliable blazer in the fashion category at around 4426 rupees.
1560,HighStreet T-Shirt Core 110,HighStreet,Fashion,T-Shirt,840,This t-shirt from HighStreet is a budget friendly option designed for daily use. It offers breathable cotton fabric, wrinkle free finish and perfect for office wear. Ideal choice for customers looking for a reliable t-shirt in the fashion category at around 840 rupees.
1561,Roadster Jeans Zen 117,Roadster,Fashion,Jeans,2537,This jeans from Roadster is a premium quality product designed for daily use. It offers perfect for office wear, stretchable slim fit and colour does not fade. Ideal choice for customers looking for a reliable jeans in the fashion category at around 2537 rupees.
1562,UCB Kurta Edge 124,UCB,Fashion,Kurta,545,This kurta from UCB is a mid range value for money pick designed for daily use. It offers casual everyday comfort fit, breathable cotton fabric and suitable for winter season. Ideal choice for customers looking for a reliable kurta in the fashion category at around 545 rupees.
1563,Peter England Saree Elite 131,Peter England,Fashion,Saree,1325,This saree from Peter England is a entry level basic model designed for daily use. It offers machine washable easy care, machine washable easy care and casual everyday comfort fit. Ideal choice for customers looking for a reliable saree in the fashion category at around 1325 rupees.
1564,Biba Jacket Max 138,Biba,Fashion,Jacket,6220,This jacket from Biba is a professional grade performance designed for daily use. It offers wrinkle free finish, stylish party wear design and comfortable for long hours. Ideal choice for customers looking for a reliable jacket in the fashion category at around 6220 rupees.
1565,FabIndia Shirt Ultra 145,FabIndia,Fashion,Shirt,2606,This shirt from FabIndia is a budget friendly option designed for daily use. It offers suitable for winter season, comfortable for long hours and stylish party wear design. Ideal choice for customers looking for a reliable shirt in the fashion category at around 2606 rupees.
1566,Allen Solly Track Pants Nova 152,Allen Solly,Fashion,Track Pants,1710,This track pants from Allen Solly is a premium quality product designed for daily use. It offers stylish party wear design, casual everyday comfort fit and machine washable easy care. Ideal choice for customers looking for a reliable track pants in the fashion category at around 1710 rupees.
1567,Zudio Hoodie Air 159,Zudio,Fashion,Hoodie,4481,This hoodie from Zudio is a mid range value for money pick designed for daily use. It offers stretchable slim fit, suitable for winter season and breathable cotton fabric. Ideal choice for customers looking for a reliable hoodie in the fashion category at around 4481 rupees.
1568,Jack Jones Dress Nova 166,Jack Jones,Fashion,Dress,3059,This dress from Jack Jones is a entry level basic model designed for daily use. It offers colour does not fade, colour does not fade and stretchable slim fit. Ideal choice for customers looking for a reliable dress in the fashion category at around 3059 rupees.
1569,Levis Blazer Pro 173,Levis,Fashion,Blazer,970,This blazer from Levis is a professional grade performance designed for daily use. It offers comfortable for long hours, perfect for office wear and wrinkle free finish. Ideal choice for customers looking for a reliable blazer in the fashion category at around 970 rupees.
1570,Zudio T-Shirt Core 180,Zudio,Fashion,T-Shirt,1704,This t-shirt from Zudio is a budget friendly option designed for daily use. It offers breathable cotton fabric, wrinkle free finish and perfect for office wear. Ideal choice for customers looking for a reliable t-shirt in the fashion category at around 1704 rupees.
1571,Jack Jones Jeans Elite 187,Jack Jones,Fashion,Jeans,485,This jeans from Jack Jones is a premium quality product designed for daily use. It offers perfect for office wear, stretchable slim fit and colour does not fade. Ideal choice for customers looking for a reliable jeans in the fashion category at around 485 rupees.
1572,Levis Kurta Plus 194,Levis,Fashion,Kurta,2729,This kurta from Levis is a mid range value for money pick designed for daily use. It offers casual everyday comfort fit, breathable cotton fabric and suitable for winter season. Ideal choice for customers looking for a reliable kurta in the fashion category at around 2729 rupees.
1573,Tata Basmati Rice Max 100,Tata,Grocery,Basmati Rice,679,This basmati rice from Tata is a budget friendly option designed for daily use. It offers rich in protein and fibre, healthy low fat option and no added preservatives. Ideal choice for customers looking for a reliable basmati rice in the grocery category at around 679 rupees.
1574,Nestle Cooking Oil Edge 107,Nestle,Grocery,Cooking Oil,1383,This cooking oil from Nestle is a premium quality product designed for daily use. It offers no added preservatives, suitable for weight loss diet and fortified with vitamins. Ideal choice for customers looking for a reliable cooking oil in the grocery category at around 1383 rupees.
1575,Organic India Green Tea Plus 114,Organic India,Grocery,Green Tea,225,This green tea from Organic India is a mid range value for money pick designed for daily use. It offers organic and chemical free, rich in protein and fibre and long shelf life packaging. Ideal choice for customers looking for a reliable green tea in the grocery category at around 225 rupees.
1576,Daawat Coffee Powder Nova 121,Daawat,Grocery,Coffee Powder,260,This coffee powder from Daawat is a entry level basic model designed for daily use. It offers good for daily cooking, good for daily cooking and organic and chemical free. Ideal choice for customers looking for a reliable coffee powder in the grocery category at around 260 rupees.
1577,Aashirvaad Atta Flour Core 128,Aashirvaad,Grocery,Atta Flour,567,This atta flour from Aashirvaad is a professional grade performance designed for daily use. It offers healthy low fat option, authentic traditional taste and value pack for families. Ideal choice for customers looking for a reliable atta flour in the grocery category at around 567 rupees.
1578,Patanjali Dry Fruits Zen 135,Patanjali,Grocery,Dry Fruits,403,This dry fruits from Patanjali is a budget friendly option designed for daily use. It offers long shelf life packaging, value pack for families and authentic traditional taste. Ideal choice for customers looking for a reliable dry fruits in the grocery category at around 403 rupees.
1579,Britannia Honey Core 142,Britannia,Grocery,Honey,851,This honey from Britannia is a premium quality product designed for daily use. It offers authentic traditional taste, organic and chemical free and good for daily cooking. Ideal choice for customers looking for a reliable honey in the grocery category at around 851 rupees.
1580,Fortune Protein Bar Air 149,Fortune,Grocery,Protein Bar,258,This protein bar from Fortune is a mid range value for money pick designed for daily use. It offers suitable for weight loss diet, long shelf life packaging and rich in protein and fibre. Ideal choice for customers looking for a reliable protein bar in the grocery category at around 258 rupees.
1581,Amul Spices Pack Ultra 156,Amul,Grocery,Spices Pack,447,This spices pack from Amul is a entry level basic model designed for daily use. It offers fortified with vitamins, fortified with vitamins and suitable for weight loss diet. Ideal choice for customers looking for a reliable spices pack in the grocery category at around 447 rupees.
1582,Saffola Breakfast Cereal Core 163,Saffola,Grocery,Breakfast Cereal,50,This breakfast cereal from Saffola is a professional grade performance designed for daily use. It offers value pack for families, no added preservatives and healthy low fat option. Ideal choice for customers looking for a reliable breakfast cereal in the grocery category at around 50 rupees.
1583,Fortune Basmati Rice Classic 170,Fortune,Grocery,Basmati Rice,294,This basmati rice from Fortune is a budget friendly option designed for daily use. It offers rich in protein and fibre, healthy low fat option and no added preservatives. Ideal choice for customers looking for a reliable basmati rice in the grocery category at around 294 rupees.
1584,Amul Cooking Oil Lite 177,Amul,Grocery,Cooking Oil,746,This cooking oil from Amul is a premium quality product designed for daily use. It offers no added preservatives, suitable for weight loss diet and fortified with vitamins. Ideal choice for customers looking for a reliable cooking oil in the grocery category at around 746 rupees.
1585,Saffola Green Tea Edge 184,Saffola,Grocery,Green Tea,250,This green tea from Saffola is a mid range value for money pick designed for daily use. It offers organic and chemical free, rich in protein and fibre and long shelf life packaging. Ideal choice for customers looking for a reliable green tea in the grocery category at around 250 rupees.
1586,Tata Coffee Powder Neo 191,Tata,Grocery,Coffee Powder,554,This coffee powder from Tata is a entry level basic model designed for daily use. It offers good for daily cooking, good for daily cooking and organic and chemical free. Ideal choice for customers looking for a reliable coffee powder in the grocery category at around 554 rupees.
1587,Nestle Atta Flour Core 198,Nestle,Grocery,Atta Flour,165,This atta flour from Nestle is a professional grade performance designed for daily use. It offers healthy low fat option, authentic traditional taste and value pack for families. Ideal choice for customers looking for a reliable atta flour in the grocery category at around 165 rupees.
1588,Organic India Dry Fruits Pro 205,Organic India,Grocery,Dry Fruits,1915,This dry fruits from Organic India is a budget friendly option designed for daily use. It offers long shelf life packaging, value pack for families and authentic traditional taste. Ideal choice for customers looking for a reliable dry fruits in the grocery category at around 1915 rupees.
1589,Daawat Honey Zen 212,Daawat,Grocery,Honey,851,This honey from Daawat is a premium quality product designed for daily use. It offers authentic traditional taste, organic and chemical free and good for daily cooking. Ideal choice for customers looking for a reliable honey in the grocery category at around 851 rupees.
1590,Aashirvaad Protein Bar Nova 219,Aashirvaad,Grocery,Protein Bar,426,This protein bar from Aashirvaad is a mid range value for money pick designed for daily use. It offers suitable for weight loss diet, long shelf life packaging and rich in protein and fibre. Ideal choice for customers looking for a reliable protein bar in the grocery category at around 426 rupees.
1591,Patanjali Spices Pack Elite 226,Patanjali,Grocery,Spices Pack,526,This spices pack from Patanjali is a entry level basic model designed for daily use. It offers fortified with vitamins, fortified with vitamins and suitable for weight loss diet. Ideal choice for customers looking for a reliable spices pack in the grocery category at around 526 rupees.
1592,Britannia Breakfast Cereal Elite 233,Britannia,Grocery,Breakfast Cereal,827,This breakfast cereal from Britannia is a professional grade performance designed for daily use. It offers value pack for families, no added preservatives and healthy low fat option. Ideal choice for customers looking for a reliable breakfast cereal in the grocery category at around 827 rupees.
1593,Aashirvaad Basmati Rice Edge 240,Aashirvaad,Grocery,Basmati Rice,1169,This basmati rice from Aashirvaad is a budget friendly option designed for daily use. It offers rich in protein and fibre, healthy low fat option and no added preservatives. Ideal choice for customers looking for a reliable basmati rice in the grocery category at around 1169 rupees.
1594,Patanjali Cooking Oil Elite 247,Patanjali,Grocery,Cooking Oil,246,This cooking oil from Patanjali is a premium quality product designed for daily use. It offers no added preservatives, suitable for weight loss diet and fortified with vitamins. Ideal choice for customers looking for a reliable cooking oil in the grocery category at around 246 rupees.
1595,Britannia Green Tea Classic 254,Britannia,Grocery,Green Tea,176,This green tea from Britannia is a mid range value for money pick designed for daily use. It offers organic and chemical free, rich in protein and fibre and long shelf life packaging. Ideal choice for customers looking for a reliable green tea in the grocery category at around 176 rupees.
1596,Fortune Coffee Powder Core 261,Fortune,Grocery,Coffee Powder,302,This coffee powder from Fortune is a entry level basic model designed for daily use. It offers good for daily cooking, good for daily cooking and organic and chemical free. Ideal choice for customers looking for a reliable coffee powder in the grocery category at around 302 rupees.
1597,Amul Atta Flour Zen 268,Amul,Grocery,Atta Flour,445,This atta flour from Amul is a professional grade performance designed for daily use. It offers healthy low fat option, authentic traditional taste and value pack for families. Ideal choice for customers looking for a reliable atta flour in the grocery category at around 445 rupees.
1598,Saffola Dry Fruits Zen 275,Saffola,Grocery,Dry Fruits,88,This dry fruits from Saffola is a budget friendly option designed for daily use. It offers long shelf life packaging, value pack for families and authentic traditional taste. Ideal choice for customers looking for a reliable dry fruits in the grocery category at around 88 rupees.
1599,Tata Honey Sport 282,Tata,Grocery,Honey,919,This honey from Tata is a premium quality product designed for daily use. It offers authentic traditional taste, organic and chemical free and good for daily cooking. Ideal choice for customers looking for a reliable honey in the grocery category at around 919 rupees.
1600,Nestle Protein Bar Ultra 289,Nestle,Grocery,Protein Bar,356,This protein bar from Nestle is a mid range value for money pick designed for daily use. It offers suitable for weight loss diet, long shelf life packaging and rich in protein and fibre. Ideal choice for customers looking for a reliable protein bar in the grocery category at around 356 rupees.
1601,Organic India Spices Pack Max 296,Organic India,Grocery,Spices Pack,227,This spices pack from Organic India is a entry level basic model designed for daily use. It offers fortified with vitamins, fortified with vitamins and suitable for weight loss diet. Ideal choice for customers looking for a reliable spices pack in the grocery category at around 227 rupees.
1602,Daawat Breakfast Cereal Neo 303,Daawat,Grocery,Breakfast Cereal,785,This breakfast cereal from Daawat is a professional grade performance designed for daily use. It offers value pack for families, no added preservatives and healthy low fat option. Ideal choice for customers looking for a reliable breakfast cereal in the grocery category at around 785 rupees.
1603,Nestle Basmati Rice Sport 310,Nestle,Grocery,Basmati Rice,434,This basmati rice from Nestle is a budget friendly option designed for daily use. It offers rich in protein and fibre, healthy low fat option and no added preservatives. Ideal choice for customers looking for a reliable basmati rice in the grocery category at around 434 rupees.
1604,Organic India Cooking Oil Lite 317,Organic India,Grocery,Cooking Oil,1429,This cooking oil from Organic India is a premium quality product designed for daily use. It offers no added preservatives, suitable for weight loss diet and fortified with vitamins. Ideal choice for customers looking for a reliable cooking oil in the grocery category at around 1429 rupees.
1605,Daawat Green Tea Prime 324,Daawat,Grocery,Green Tea,434,This green tea from Daawat is a mid range value for money pick designed for daily use. It offers organic and chemical free, rich in protein and fibre and long shelf life packaging. Ideal choice for customers looking for a reliable green tea in the grocery category at around 434 rupees.
1606,Aashirvaad Coffee Powder Pro 331,Aashirvaad,Grocery,Coffee Powder,491,This coffee powder from Aashirvaad is a entry level basic model designed for daily use. It offers good for daily cooking, good for daily cooking and organic and chemical free. Ideal choice for customers looking for a reliable coffee powder in the grocery category at around 491 rupees.
1607,Patanjali Atta Flour Ultra 338,Patanjali,Grocery,Atta Flour,567,This atta flour from Patanjali is a professional grade performance designed for daily use. It offers healthy low fat option, authentic traditional taste and value pack for families. Ideal choice for customers looking for a reliable atta flour in the grocery category at around 567 rupees.
1608,Britannia Dry Fruits Classic 345,Britannia,Grocery,Dry Fruits,844,This dry fruits from Britannia is a budget friendly option designed for daily use. It offers long shelf life packaging, value pack for families and authentic traditional taste. Ideal choice for customers looking for a reliable dry fruits in the grocery category at around 844 rupees.
1609,Fortune Honey Ultra 352,Fortune,Grocery,Honey,237,This honey from Fortune is a premium quality product designed for daily use. It offers authentic traditional taste, organic and chemical free and good for daily cooking. Ideal choice for customers looking for a reliable honey in the grocery category at around 237 rupees.
1610,Amul Protein Bar Edge 359,Amul,Grocery,Protein Bar,398,This protein bar from Amul is a mid range value for money pick designed for daily use. It offers suitable for weight loss diet, long shelf life packaging and rich in protein and fibre. Ideal choice for customers looking for a reliable protein bar in the grocery category at around 398 rupees.
1611,Saffola Spices Pack Prime 366,Saffola,Grocery,Spices Pack,510,This spices pack from Saffola is a entry level basic model designed for daily use. It offers fortified with vitamins, fortified with vitamins and suitable for weight loss diet. Ideal choice for customers looking for a reliable spices pack in the grocery category at around 510 rupees.
1612,Tata Breakfast Cereal Edge 373,Tata,Grocery,Breakfast Cereal,659,This breakfast cereal from Tata is a professional grade performance designed for daily use. It offers value pack for families, no added preservatives and healthy low fat option. Ideal choice for customers looking for a reliable breakfast cereal in the grocery category at around 659 rupees.
1613,Amul Basmati Rice Prime 380,Amul,Grocery,Basmati Rice,854,This basmati rice from Amul is a budget friendly option designed for daily use. It offers rich in protein and fibre, healthy low fat option and no added preservatives. Ideal choice for customers looking for a reliable basmati rice in the grocery category at around 854 rupees.
1614,Saffola Cooking Oil Sport 387,Saffola,Grocery,Cooking Oil,564,This cooking oil from Saffola is a premium quality product designed for daily use. It offers no added preservatives, suitable for weight loss diet and fortified with vitamins. Ideal choice for customers looking for a reliable cooking oil in the grocery category at around 564 rupees.
1615,Tata Green Tea Lite 394,Tata,Grocery,Green Tea,434,This green tea from Tata is a mid range value for money pick designed for daily use. It offers organic and chemical free, rich in protein and fibre and long shelf life packaging. Ideal choice for customers looking for a reliable green tea in the grocery category at around 434 rupees.
1616,Nestle Coffee Powder Prime 401,Nestle,Grocery,Coffee Powder,764,This coffee powder from Nestle is a entry level basic model designed for daily use. It offers good for daily cooking, good for daily cooking and organic and chemical free. Ideal choice for customers looking for a reliable coffee powder in the grocery category at around 764 rupees.
1617,Organic India Atta Flour Air 408,Organic India,Grocery,Atta Flour,39,This atta flour from Organic India is a professional grade performance designed for daily use. It offers healthy low fat option, authentic traditional taste and value pack for families. Ideal choice for customers looking for a reliable atta flour in the grocery category at around 39 rupees.
1618,Daawat Dry Fruits Prime 415,Daawat,Grocery,Dry Fruits,2545,This dry fruits from Daawat is a budget friendly option designed for daily use. It offers long shelf life packaging, value pack for families and authentic traditional taste. Ideal choice for customers looking for a reliable dry fruits in the grocery category at around 2545 rupees.
1619,Aashirvaad Honey Plus 422,Aashirvaad,Grocery,Honey,896,This honey from Aashirvaad is a premium quality product designed for daily use. It offers authentic traditional taste, organic and chemical free and good for daily cooking. Ideal choice for customers looking for a reliable honey in the grocery category at around 896 rupees.
1620,Patanjali Protein Bar Pro 429,Patanjali,Grocery,Protein Bar,510,This protein bar from Patanjali is a mid range value for money pick designed for daily use. It offers suitable for weight loss diet, long shelf life packaging and rich in protein and fibre. Ideal choice for customers looking for a reliable protein bar in the grocery category at around 510 rupees.
1621,Britannia Spices Pack Nova 436,Britannia,Grocery,Spices Pack,117,This spices pack from Britannia is a entry level basic model designed for daily use. It offers fortified with vitamins, fortified with vitamins and suitable for weight loss diet. Ideal choice for customers looking for a reliable spices pack in the grocery category at around 117 rupees.
1622,Fortune Breakfast Cereal Max 443,Fortune,Grocery,Breakfast Cereal,638,This breakfast cereal from Fortune is a professional grade performance designed for daily use. It offers value pack for families, no added preservatives and healthy low fat option. Ideal choice for customers looking for a reliable breakfast cereal in the grocery category at around 638 rupees.
1623,Patanjali Basmati Rice Max 450,Patanjali,Grocery,Basmati Rice,189,This basmati rice from Patanjali is a budget friendly option designed for daily use. It offers rich in protein and fibre, healthy low fat option and no added preservatives. Ideal choice for customers looking for a reliable basmati rice in the grocery category at around 189 rupees.
1624,Britannia Cooking Oil Elite 457,Britannia,Grocery,Cooking Oil,1656,This cooking oil from Britannia is a premium quality product designed for daily use. It offers no added preservatives, suitable for weight loss diet and fortified with vitamins. Ideal choice for customers looking for a reliable cooking oil in the grocery category at around 1656 rupees.
1625,Fortune Green Tea Plus 464,Fortune,Grocery,Green Tea,250,This green tea from Fortune is a mid range value for money pick designed for daily use. It offers organic and chemical free, rich in protein and fibre and long shelf life packaging. Ideal choice for customers looking for a reliable green tea in the grocery category at around 250 rupees.
1626,Amul Coffee Powder Zen 471,Amul,Grocery,Coffee Powder,806,This coffee powder from Amul is a entry level basic model designed for daily use. It offers good for daily cooking, good for daily cooking and organic and chemical free. Ideal choice for customers looking for a reliable coffee powder in the grocery category at around 806 rupees.
1627,Saffola Atta Flour Core 478,Saffola,Grocery,Atta Flour,60,This atta flour from Saffola is a professional grade performance designed for daily use. It offers healthy low fat option, authentic traditional taste and value pack for families. Ideal choice for customers looking for a reliable atta flour in the grocery category at around 60 rupees.
1628,Tata Dry Fruits Core 485,Tata,Grocery,Dry Fruits,466,This dry fruits from Tata is a budget friendly option designed for daily use. It offers long shelf life packaging, value pack for families and authentic traditional taste. Ideal choice for customers looking for a reliable dry fruits in the grocery category at around 466 rupees.
1629,Nestle Honey Edge 492,Nestle,Grocery,Honey,259,This honey from Nestle is a premium quality product designed for daily use. It offers authentic traditional taste, organic and chemical free and good for daily cooking. Ideal choice for customers looking for a reliable honey in the grocery category at around 259 rupees.
1630,Organic India Protein Bar Elite 499,Organic India,Grocery,Protein Bar,62,This protein bar from Organic India is a mid range value for money pick designed for daily use. It offers suitable for weight loss diet, long shelf life packaging and rich in protein and fibre. Ideal choice for customers looking for a reliable protein bar in the grocery category at around 62 rupees.
1631,Daawat Spices Pack Edge 506,Daawat,Grocery,Spices Pack,290,This spices pack from Daawat is a entry level basic model designed for daily use. It offers fortified with vitamins, fortified with vitamins and suitable for weight loss diet. Ideal choice for customers looking for a reliable spices pack in the grocery category at around 290 rupees.
1632,Aashirvaad Breakfast Cereal Ultra 513,Aashirvaad,Grocery,Breakfast Cereal,701,This breakfast cereal from Aashirvaad is a professional grade performance designed for daily use. It offers value pack for families, no added preservatives and healthy low fat option. Ideal choice for customers looking for a reliable breakfast cereal in the grocery category at around 701 rupees.
1633,Organic India Basmati Rice Air 520,Organic India,Grocery,Basmati Rice,1204,This basmati rice from Organic India is a budget friendly option designed for daily use. It offers rich in protein and fibre, healthy low fat option and no added preservatives. Ideal choice for customers looking for a reliable basmati rice in the grocery category at around 1204 rupees.
1634,Daawat Cooking Oil Edge 527,Daawat,Grocery,Cooking Oil,200,This cooking oil from Daawat is a premium quality product designed for daily use. It offers no added preservatives, suitable for weight loss diet and fortified with vitamins. Ideal choice for customers looking for a reliable cooking oil in the grocery category at around 200 rupees.
1635,Aashirvaad Green Tea Lite 534,Aashirvaad,Grocery,Green Tea,39,This green tea from Aashirvaad is a mid range value for money pick designed for daily use. It offers organic and chemical free, rich in protein and fibre and long shelf life packaging. Ideal choice for customers looking for a reliable green tea in the grocery category at around 39 rupees.
1636,Patanjali Coffee Powder Edge 541,Patanjali,Grocery,Coffee Powder,764,This coffee powder from Patanjali is a entry level basic model designed for daily use. It offers good for daily cooking, good for daily cooking and organic and chemical free. Ideal choice for customers looking for a reliable coffee powder in the grocery category at around 764 rupees.
1637,Britannia Atta Flour Zen 548,Britannia,Grocery,Atta Flour,112,This atta flour from Britannia is a professional grade performance designed for daily use. It offers healthy low fat option, authentic traditional taste and value pack for families. Ideal choice for customers looking for a reliable atta flour in the grocery category at around 112 rupees.
1638,Fortune Dry Fruits Prime 555,Fortune,Grocery,Dry Fruits,1033,This dry fruits from Fortune is a budget friendly option designed for daily use. It offers long shelf life packaging, value pack for families and authentic traditional taste. Ideal choice for customers looking for a reliable dry fruits in the grocery category at around 1033 rupees.
1639,Amul Honey Core 562,Amul,Grocery,Honey,760,This honey from Amul is a premium quality product designed for daily use. It offers authentic traditional taste, organic and chemical free and good for daily cooking. Ideal choice for customers looking for a reliable honey in the grocery category at around 760 rupees.
1640,Saffola Protein Bar Ultra 569,Saffola,Grocery,Protein Bar,538,This protein bar from Saffola is a mid range value for money pick designed for daily use. It offers suitable for weight loss diet, long shelf life packaging and rich in protein and fibre. Ideal choice for customers looking for a reliable protein bar in the grocery category at around 538 rupees.
1641,Tata Spices Pack Zen 576,Tata,Grocery,Spices Pack,101,This spices pack from Tata is a entry level basic model designed for daily use. It offers fortified with vitamins, fortified with vitamins and suitable for weight loss diet. Ideal choice for customers looking for a reliable spices pack in the grocery category at around 101 rupees.
1642,Nestle Breakfast Cereal Air 583,Nestle,Grocery,Breakfast Cereal,92,This breakfast cereal from Nestle is a professional grade performance designed for daily use. It offers value pack for families, no added preservatives and healthy low fat option. Ideal choice for customers looking for a reliable breakfast cereal in the grocery category at around 92 rupees.
1643,Saffola Basmati Rice Sport 590,Saffola,Grocery,Basmati Rice,1064,This basmati rice from Saffola is a budget friendly option designed for daily use. It offers rich in protein and fibre, healthy low fat option and no added preservatives. Ideal choice for customers looking for a reliable basmati rice in the grocery category at around 1064 rupees.
1644,Tata Cooking Oil Edge 597,Tata,Grocery,Cooking Oil,928,This cooking oil from Tata is a premium quality product designed for daily use. It offers no added preservatives, suitable for weight loss diet and fortified with vitamins. Ideal choice for customers looking for a reliable cooking oil in the grocery category at around 928 rupees.
1645,Nestle Green Tea Lite 604,Nestle,Grocery,Green Tea,397,This green tea from Nestle is a mid range value for money pick designed for daily use. It offers organic and chemical free, rich in protein and fibre and long shelf life packaging. Ideal choice for customers looking for a reliable green tea in the grocery category at around 397 rupees.
1646,Organic India Coffee Powder Edge 611,Organic India,Grocery,Coffee Powder,848,This coffee powder from Organic India is a entry level basic model designed for daily use. It offers good for daily cooking, good for daily cooking and organic and chemical free. Ideal choice for customers looking for a reliable coffee powder in the grocery category at around 848 rupees.
1647,Daawat Atta Flour Elite 618,Daawat,Grocery,Atta Flour,340,This atta flour from Daawat is a professional grade performance designed for daily use. It offers healthy low fat option, authentic traditional taste and value pack for families. Ideal choice for customers looking for a reliable atta flour in the grocery category at around 340 rupees.
1648,Aashirvaad Dry Fruits Ultra 625,Aashirvaad,Grocery,Dry Fruits,1726,This dry fruits from Aashirvaad is a budget friendly option designed for daily use. It offers long shelf life packaging, value pack for families and authentic traditional taste. Ideal choice for customers looking for a reliable dry fruits in the grocery category at around 1726 rupees.
1649,Patanjali Honey Nova 632,Patanjali,Grocery,Honey,828,This honey from Patanjali is a premium quality product designed for daily use. It offers authentic traditional taste, organic and chemical free and good for daily cooking. Ideal choice for customers looking for a reliable honey in the grocery category at around 828 rupees.
1650,Britannia Protein Bar Pro 639,Britannia,Grocery,Protein Bar,426,This protein bar from Britannia is a mid range value for money pick designed for daily use. It offers suitable for weight loss diet, long shelf life packaging and rich in protein and fibre. Ideal choice for customers looking for a reliable protein bar in the grocery category at around 426 rupees.
1651,Fortune Spices Pack Edge 646,Fortune,Grocery,Spices Pack,558,This spices pack from Fortune is a entry level basic model designed for daily use. It offers fortified with vitamins, fortified with vitamins and suitable for weight loss diet. Ideal choice for customers looking for a reliable spices pack in the grocery category at around 558 rupees.
1652,Amul Breakfast Cereal Prime 653,Amul,Grocery,Breakfast Cereal,449,This breakfast cereal from Amul is a professional grade performance designed for daily use. It offers value pack for families, no added preservatives and healthy low fat option. Ideal choice for customers looking for a reliable breakfast cereal in the grocery category at around 449 rupees.
1653,Britannia Basmati Rice Pro 660,Britannia,Grocery,Basmati Rice,329,This basmati rice from Britannia is a budget friendly option designed for daily use. It offers rich in protein and fibre, healthy low fat option and no added preservatives. Ideal choice for customers looking for a reliable basmati rice in the grocery category at around 329 rupees.
1654,Fortune Cooking Oil Air 667,Fortune,Grocery,Cooking Oil,155,This cooking oil from Fortune is a premium quality product designed for daily use. It offers no added preservatives, suitable for weight loss diet and fortified with vitamins. Ideal choice for customers looking for a reliable cooking oil in the grocery category at around 155 rupees.
1655,Amul Green Tea Lite 674,Amul,Grocery,Green Tea,421,This green tea from Amul is a mid range value for money pick designed for daily use. It offers organic and chemical free, rich in protein and fibre and long shelf life packaging. Ideal choice for customers looking for a reliable green tea in the grocery category at around 421 rupees.
1656,Saffola Coffee Powder Elite 681,Saffola,Grocery,Coffee Powder,239,This coffee powder from Saffola is a entry level basic model designed for daily use. It offers good for daily cooking, good for daily cooking and organic and chemical free. Ideal choice for customers looking for a reliable coffee powder in the grocery category at around 239 rupees.
1657,Tata Atta Flour Ultra 688,Tata,Grocery,Atta Flour,410,This atta flour from Tata is a professional grade performance designed for daily use. It offers healthy low fat option, authentic traditional taste and value pack for families. Ideal choice for customers looking for a reliable atta flour in the grocery category at around 410 rupees.
1658,Nestle Dry Fruits Core 695,Nestle,Grocery,Dry Fruits,2545,This dry fruits from Nestle is a budget friendly option designed for daily use. It offers long shelf life packaging, value pack for families and authentic traditional taste. Ideal choice for customers looking for a reliable dry fruits in the grocery category at around 2545 rupees.
1659,Organic India Honey Nova 702,Organic India,Grocery,Honey,305,This honey from Organic India is a premium quality product designed for daily use. It offers authentic traditional taste, organic and chemical free and good for daily cooking. Ideal choice for customers looking for a reliable honey in the grocery category at around 305 rupees.
1660,Daawat Protein Bar Zen 709,Daawat,Grocery,Protein Bar,482,This protein bar from Daawat is a mid range value for money pick designed for daily use. It offers suitable for weight loss diet, long shelf life packaging and rich in protein and fibre. Ideal choice for customers looking for a reliable protein bar in the grocery category at around 482 rupees.
1661,Aashirvaad Spices Pack Neo 716,Aashirvaad,Grocery,Spices Pack,542,This spices pack from Aashirvaad is a entry level basic model designed for daily use. It offers fortified with vitamins, fortified with vitamins and suitable for weight loss diet. Ideal choice for customers looking for a reliable spices pack in the grocery category at around 542 rupees.
1662,Patanjali Breakfast Cereal Zen 723,Patanjali,Grocery,Breakfast Cereal,533,This breakfast cereal from Patanjali is a professional grade performance designed for daily use. It offers value pack for families, no added preservatives and healthy low fat option. Ideal choice for customers looking for a reliable breakfast cereal in the grocery category at around 533 rupees.
1663,Daawat Basmati Rice Air 730,Daawat,Grocery,Basmati Rice,1029,This basmati rice from Daawat is a budget friendly option designed for daily use. It offers rich in protein and fibre, healthy low fat option and no added preservatives. Ideal choice for customers looking for a reliable basmati rice in the grocery category at around 1029 rupees.
1664,Aashirvaad Cooking Oil Prime 737,Aashirvaad,Grocery,Cooking Oil,928,This cooking oil from Aashirvaad is a premium quality product designed for daily use. It offers no added preservatives, suitable for weight loss diet and fortified with vitamins. Ideal choice for customers looking for a reliable cooking oil in the grocery category at around 928 rupees.
1665,Patanjali Green Tea Neo 744,Patanjali,Grocery,Green Tea,397,This green tea from Patanjali is a mid range value for money pick designed for daily use. It offers organic and chemical free, rich in protein and fibre and long shelf life packaging. Ideal choice for customers looking for a reliable green tea in the grocery category at around 397 rupees.
1666,Britannia Coffee Powder Plus 751,Britannia,Grocery,Coffee Powder,218,This coffee powder from Britannia is a entry level basic model designed for daily use. It offers good for daily cooking, good for daily cooking and organic and chemical free. Ideal choice for customers looking for a reliable coffee powder in the grocery category at around 218 rupees.
1667,Fortune Atta Flour Nova 758,Fortune,Grocery,Atta Flour,620,This atta flour from Fortune is a professional grade performance designed for daily use. It offers healthy low fat option, authentic traditional taste and value pack for families. Ideal choice for customers looking for a reliable atta flour in the grocery category at around 620 rupees.
1668,Amul Dry Fruits Air 765,Amul,Grocery,Dry Fruits,1411,This dry fruits from Amul is a budget friendly option designed for daily use. It offers long shelf life packaging, value pack for families and authentic traditional taste. Ideal choice for customers looking for a reliable dry fruits in the grocery category at around 1411 rupees.
1669,Saffola Honey Core 772,Saffola,Grocery,Honey,919,This honey from Saffola is a premium quality product designed for daily use. It offers authentic traditional taste, organic and chemical free and good for daily cooking. Ideal choice for customers looking for a reliable honey in the grocery category at around 919 rupees.
1670,Tata Protein Bar Edge 779,Tata,Grocery,Protein Bar,174,This protein bar from Tata is a mid range value for money pick designed for daily use. It offers suitable for weight loss diet, long shelf life packaging and rich in protein and fibre. Ideal choice for customers looking for a reliable protein bar in the grocery category at around 174 rupees.
1671,Nestle Spices Pack Lite 786,Nestle,Grocery,Spices Pack,321,This spices pack from Nestle is a entry level basic model designed for daily use. It offers fortified with vitamins, fortified with vitamins and suitable for weight loss diet. Ideal choice for customers looking for a reliable spices pack in the grocery category at around 321 rupees.
1672,Organic India Breakfast Cereal Lite 793,Organic India,Grocery,Breakfast Cereal,155,This breakfast cereal from Organic India is a professional grade performance designed for daily use. It offers value pack for families, no added preservatives and healthy low fat option. Ideal choice for customers looking for a reliable breakfast cereal in the grocery category at around 155 rupees.
1673,Tata Basmati Rice Lite 800,Tata,Grocery,Basmati Rice,364,This basmati rice from Tata is a budget friendly option designed for daily use. It offers rich in protein and fibre, healthy low fat option and no added preservatives. Ideal choice for customers looking for a reliable basmati rice in the grocery category at around 364 rupees.
1674,Nestle Cooking Oil Ultra 807,Nestle,Grocery,Cooking Oil,1747,This cooking oil from Nestle is a premium quality product designed for daily use. It offers no added preservatives, suitable for weight loss diet and fortified with vitamins. Ideal choice for customers looking for a reliable cooking oil in the grocery category at around 1747 rupees.
1675,Organic India Green Tea Nova 814,Organic India,Grocery,Green Tea,213,This green tea from Organic India is a mid range value for money pick designed for daily use. It offers organic and chemical free, rich in protein and fibre and long shelf life packaging. Ideal choice for customers looking for a reliable green tea in the grocery category at around 213 rupees.
1676,Daawat Coffee Powder Edge 821,Daawat,Grocery,Coffee Powder,533,This coffee powder from Daawat is a entry level basic model designed for daily use. It offers good for daily cooking, good for daily cooking and organic and chemical free. Ideal choice for customers looking for a reliable coffee powder in the grocery category at around 533 rupees.
1677,Aashirvaad Atta Flour Air 828,Aashirvaad,Grocery,Atta Flour,550,This atta flour from Aashirvaad is a professional grade performance designed for daily use. It offers healthy low fat option, authentic traditional taste and value pack for families. Ideal choice for customers looking for a reliable atta flour in the grocery category at around 550 rupees.
1678,Patanjali Dry Fruits Zen 835,Patanjali,Grocery,Dry Fruits,1159,This dry fruits from Patanjali is a budget friendly option designed for daily use. It offers long shelf life packaging, value pack for families and authentic traditional taste. Ideal choice for customers looking for a reliable dry fruits in the grocery category at around 1159 rupees.
1679,Britannia Honey Plus 842,Britannia,Grocery,Honey,123,This honey from Britannia is a premium quality product designed for daily use. It offers authentic traditional taste, organic and chemical free and good for daily cooking. Ideal choice for customers looking for a reliable honey in the grocery category at around 123 rupees.
1680,Fortune Protein Bar Elite 849,Fortune,Grocery,Protein Bar,454,This protein bar from Fortune is a mid range value for money pick designed for daily use. It offers suitable for weight loss diet, long shelf life packaging and rich in protein and fibre. Ideal choice for customers looking for a reliable protein bar in the grocery category at around 454 rupees.
1681,Amul Spices Pack Ultra 856,Amul,Grocery,Spices Pack,117,This spices pack from Amul is a entry level basic model designed for daily use. It offers fortified with vitamins, fortified with vitamins and suitable for weight loss diet. Ideal choice for customers looking for a reliable spices pack in the grocery category at around 117 rupees.
1682,Saffola Breakfast Cereal Nova 863,Saffola,Grocery,Breakfast Cereal,428,This breakfast cereal from Saffola is a professional grade performance designed for daily use. It offers value pack for families, no added preservatives and healthy low fat option. Ideal choice for customers looking for a reliable breakfast cereal in the grocery category at around 428 rupees.
1683,Fortune Basmati Rice Sport 870,Fortune,Grocery,Basmati Rice,1099,This basmati rice from Fortune is a budget friendly option designed for daily use. It offers rich in protein and fibre, healthy low fat option and no added preservatives. Ideal choice for customers looking for a reliable basmati rice in the grocery category at around 1099 rupees.
1684,Amul Cooking Oil Prime 877,Amul,Grocery,Cooking Oil,701,This cooking oil from Amul is a premium quality product designed for daily use. It offers no added preservatives, suitable for weight loss diet and fortified with vitamins. Ideal choice for customers looking for a reliable cooking oil in the grocery category at around 701 rupees.
1685,Saffola Green Tea Ultra 884,Saffola,Grocery,Green Tea,250,This green tea from Saffola is a mid range value for money pick designed for daily use. It offers organic and chemical free, rich in protein and fibre and long shelf life packaging. Ideal choice for customers looking for a reliable green tea in the grocery category at around 250 rupees.
1686,Tata Coffee Powder Max 891,Tata,Grocery,Coffee Powder,701,This coffee powder from Tata is a entry level basic model designed for daily use. It offers good for daily cooking, good for daily cooking and organic and chemical free. Ideal choice for customers looking for a reliable coffee powder in the grocery category at around 701 rupees.
1687,Nestle Atta Flour Lite 898,Nestle,Grocery,Atta Flour,287,This atta flour from Nestle is a professional grade performance designed for daily use. It offers healthy low fat option, authentic traditional taste and value pack for families. Ideal choice for customers looking for a reliable atta flour in the grocery category at around 287 rupees.
1688,Organic India Dry Fruits Nova 905,Organic India,Grocery,Dry Fruits,340,This dry fruits from Organic India is a budget friendly option designed for daily use. It offers long shelf life packaging, value pack for families and authentic traditional taste. Ideal choice for customers looking for a reliable dry fruits in the grocery category at around 340 rupees.
1689,Daawat Honey Pro 912,Daawat,Grocery,Honey,783,This honey from Daawat is a premium quality product designed for daily use. It offers authentic traditional taste, organic and chemical free and good for daily cooking. Ideal choice for customers looking for a reliable honey in the grocery category at around 783 rupees.
1690,Aashirvaad Protein Bar Plus 919,Aashirvaad,Grocery,Protein Bar,188,This protein bar from Aashirvaad is a mid range value for money pick designed for daily use. It offers suitable for weight loss diet, long shelf life packaging and rich in protein and fibre. Ideal choice for customers looking for a reliable protein bar in the grocery category at around 188 rupees.
1691,Patanjali Spices Pack Pro 926,Patanjali,Grocery,Spices Pack,558,This spices pack from Patanjali is a entry level basic model designed for daily use. It offers fortified with vitamins, fortified with vitamins and suitable for weight loss diet. Ideal choice for customers looking for a reliable spices pack in the grocery category at around 558 rupees.
1692,Britannia Breakfast Cereal Neo 933,Britannia,Grocery,Breakfast Cereal,806,This breakfast cereal from Britannia is a professional grade performance designed for daily use. It offers value pack for families, no added preservatives and healthy low fat option. Ideal choice for customers looking for a reliable breakfast cereal in the grocery category at around 806 rupees.
1693,Aashirvaad Basmati Rice Max 940,Aashirvaad,Grocery,Basmati Rice,609,This basmati rice from Aashirvaad is a budget friendly option designed for daily use. It offers rich in protein and fibre, healthy low fat option and no added preservatives. Ideal choice for customers looking for a reliable basmati rice in the grocery category at around 609 rupees.
1694,Patanjali Cooking Oil Elite 947,Patanjali,Grocery,Cooking Oil,1565,This cooking oil from Patanjali is a premium quality product designed for daily use. It offers no added preservatives, suitable for weight loss diet and fortified with vitamins. Ideal choice for customers looking for a reliable cooking oil in the grocery category at around 1565 rupees.
1695,Britannia Green Tea Sport 954,Britannia,Grocery,Green Tea,421,This green tea from Britannia is a mid range value for money pick designed for daily use. It offers organic and chemical free, rich in protein and fibre and long shelf life packaging. Ideal choice for customers looking for a reliable green tea in the grocery category at around 421 rupees.
1696,Fortune Coffee Powder Edge 961,Fortune,Grocery,Coffee Powder,113,This coffee powder from Fortune is a entry level basic model designed for daily use. It offers good for daily cooking, good for daily cooking and organic and chemical free. Ideal choice for customers looking for a reliable coffee powder in the grocery category at around 113 rupees.
1697,Amul Atta Flour Pro 968,Amul,Grocery,Atta Flour,322,This atta flour from Amul is a professional grade performance designed for daily use. It offers healthy low fat option, authentic traditional taste and value pack for families. Ideal choice for customers looking for a reliable atta flour in the grocery category at around 322 rupees.
1698,Saffola Dry Fruits Nova 975,Saffola,Grocery,Dry Fruits,1726,This dry fruits from Saffola is a budget friendly option designed for daily use. It offers long shelf life packaging, value pack for families and authentic traditional taste. Ideal choice for customers looking for a reliable dry fruits in the grocery category at around 1726 rupees.
1699,Tata Honey Pro 982,Tata,Grocery,Honey,851,This honey from Tata is a premium quality product designed for daily use. It offers authentic traditional taste, organic and chemical free and good for daily cooking. Ideal choice for customers looking for a reliable honey in the grocery category at around 851 rupees.
1700,Nestle Protein Bar Core 989,Nestle,Grocery,Protein Bar,272,This protein bar from Nestle is a mid range value for money pick designed for daily use. It offers suitable for weight loss diet, long shelf life packaging and rich in protein and fibre. Ideal choice for customers looking for a reliable protein bar in the grocery category at around 272 rupees.
1701,Organic India Spices Pack Elite 996,Organic India,Grocery,Spices Pack,227,This spices pack from Organic India is a entry level basic model designed for daily use. It offers fortified with vitamins, fortified with vitamins and suitable for weight loss diet. Ideal choice for customers looking for a reliable spices pack in the grocery category at around 227 rupees.
1702,Daawat Breakfast Cereal Prime 103,Daawat,Grocery,Breakfast Cereal,806,This breakfast cereal from Daawat is a professional grade performance designed for daily use. It offers value pack for families, no added preservatives and healthy low fat option. Ideal choice for customers looking for a reliable breakfast cereal in the grocery category at around 806 rupees.
1703,Nestle Basmati Rice Sport 110,Nestle,Grocery,Basmati Rice,679,This basmati rice from Nestle is a budget friendly option designed for daily use. It offers rich in protein and fibre, healthy low fat option and no added preservatives. Ideal choice for customers looking for a reliable basmati rice in the grocery category at around 679 rupees.
1704,Organic India Cooking Oil Sport 117,Organic India,Grocery,Cooking Oil,382,This cooking oil from Organic India is a premium quality product designed for daily use. It offers no added preservatives, suitable for weight loss diet and fortified with vitamins. Ideal choice for customers looking for a reliable cooking oil in the grocery category at around 382 rupees.
1705,Daawat Green Tea Nova 124,Daawat,Grocery,Green Tea,103,This green tea from Daawat is a mid range value for money pick designed for daily use. It offers organic and chemical free, rich in protein and fibre and long shelf life packaging. Ideal choice for customers looking for a reliable green tea in the grocery category at around 103 rupees.
1706,Aashirvaad Coffee Powder Plus 131,Aashirvaad,Grocery,Coffee Powder,39,This coffee powder from Aashirvaad is a entry level basic model designed for daily use. It offers good for daily cooking, good for daily cooking and organic and chemical free. Ideal choice for customers looking for a reliable coffee powder in the grocery category at around 39 rupees.
1707,Patanjali Atta Flour Prime 138,Patanjali,Grocery,Atta Flour,707,This atta flour from Patanjali is a professional grade performance designed for daily use. It offers healthy low fat option, authentic traditional taste and value pack for families. Ideal choice for customers looking for a reliable atta flour in the grocery category at around 707 rupees.
1708,Britannia Dry Fruits Core 145,Britannia,Grocery,Dry Fruits,529,This dry fruits from Britannia is a budget friendly option designed for daily use. It offers long shelf life packaging, value pack for families and authentic traditional taste. Ideal choice for customers looking for a reliable dry fruits in the grocery category at around 529 rupees.
1709,Fortune Honey Ultra 152,Fortune,Grocery,Honey,555,This honey from Fortune is a premium quality product designed for daily use. It offers authentic traditional taste, organic and chemical free and good for daily cooking. Ideal choice for customers looking for a reliable honey in the grocery category at around 555 rupees.
1710,Amul Protein Bar Classic 159,Amul,Grocery,Protein Bar,118,This protein bar from Amul is a mid range value for money pick designed for daily use. It offers suitable for weight loss diet, long shelf life packaging and rich in protein and fibre. Ideal choice for customers looking for a reliable protein bar in the grocery category at around 118 rupees.
1711,Saffola Spices Pack Core 166,Saffola,Grocery,Spices Pack,321,This spices pack from Saffola is a entry level basic model designed for daily use. It offers fortified with vitamins, fortified with vitamins and suitable for weight loss diet. Ideal choice for customers looking for a reliable spices pack in the grocery category at around 321 rupees.
1712,Tata Breakfast Cereal Max 173,Tata,Grocery,Breakfast Cereal,218,This breakfast cereal from Tata is a professional grade performance designed for daily use. It offers value pack for families, no added preservatives and healthy low fat option. Ideal choice for customers looking for a reliable breakfast cereal in the grocery category at around 218 rupees.
1713,Amul Basmati Rice Elite 180,Amul,Grocery,Basmati Rice,189,This basmati rice from Amul is a budget friendly option designed for daily use. It offers rich in protein and fibre, healthy low fat option and no added preservatives. Ideal choice for customers looking for a reliable basmati rice in the grocery category at around 189 rupees.
1714,Saffola Cooking Oil Max 187,Saffola,Grocery,Cooking Oil,701,This cooking oil from Saffola is a premium quality product designed for daily use. It offers no added preservatives, suitable for weight loss diet and fortified with vitamins. Ideal choice for customers looking for a reliable cooking oil in the grocery category at around 701 rupees.
1715,Tata Green Tea Elite 194,Tata,Grocery,Green Tea,152,This green tea from Tata is a mid range value for money pick designed for daily use. It offers organic and chemical free, rich in protein and fibre and long shelf life packaging. Ideal choice for customers looking for a reliable green tea in the grocery category at around 152 rupees.
1716,Nilkamal Sofa Lite 100,Nilkamal,Furniture,Sofa,89538,This sofa from Nilkamal is a budget friendly option designed for daily use. It offers solid engineered wood construction, comfortable cushioned seating and space saving compact design. Ideal choice for customers looking for a reliable sofa in the furniture category at around 89538 rupees.
1717,Sleepwell Study Table Lite 107,Sleepwell,Furniture,Study Table,24029,This study table from Sleepwell is a premium quality product designed for daily use. It offers space saving compact design, ergonomic back support for long sitting and modern minimal look. Ideal choice for customers looking for a reliable study table in the furniture category at around 24029 rupees.
1718,HomeTown Office Chair Nova 114,HomeTown,Furniture,Office Chair,41689,This office chair from HomeTown is a mid range value for money pick designed for daily use. It offers easy do it yourself assembly, solid engineered wood construction and scratch resistant finish. Ideal choice for customers looking for a reliable office chair in the furniture category at around 41689 rupees.
1719,Pepperfry Bookshelf Zen 121,Pepperfry,Furniture,Bookshelf,24079,This bookshelf from Pepperfry is a entry level basic model designed for daily use. It offers strong load bearing capacity, strong load bearing capacity and easy do it yourself assembly. Ideal choice for customers looking for a reliable bookshelf in the furniture category at around 24079 rupees.
1720,Urban Ladder Bed Max 128,Urban Ladder,Furniture,Bed,11177,This bed from Urban Ladder is a professional grade performance designed for daily use. It offers comfortable cushioned seating, ideal for small rooms and termite resistant material. Ideal choice for customers looking for a reliable bed in the furniture category at around 11177 rupees.
1721,Durian Wardrobe Sport 135,Durian,Furniture,Wardrobe,69478,This wardrobe from Durian is a budget friendly option designed for daily use. It offers scratch resistant finish, termite resistant material and ideal for small rooms. Ideal choice for customers looking for a reliable wardrobe in the furniture category at around 69478 rupees.
1722,Supreme Dining Table Prime 142,Supreme,Furniture,Dining Table,42198,This dining table from Supreme is a premium quality product designed for daily use. It offers ideal for small rooms, easy do it yourself assembly and strong load bearing capacity. Ideal choice for customers looking for a reliable dining table in the furniture category at around 42198 rupees.
1723,Godrej Interio Shoe Rack Elite 149,Godrej Interio,Furniture,Shoe Rack,10550,This shoe rack from Godrej Interio is a mid range value for money pick designed for daily use. It offers ergonomic back support for long sitting, scratch resistant finish and solid engineered wood construction. Ideal choice for customers looking for a reliable shoe rack in the furniture category at around 10550 rupees.
1724,Wakefit TV Unit Pro 156,Wakefit,Furniture,TV Unit,34399,This tv unit from Wakefit is a entry level basic model designed for daily use. It offers modern minimal look, modern minimal look and ergonomic back support for long sitting. Ideal choice for customers looking for a reliable tv unit in the furniture category at around 34399 rupees.
1725,Ikea Recliner Air 163,Ikea,Furniture,Recliner,54968,This recliner from Ikea is a professional grade performance designed for daily use. It offers termite resistant material, space saving compact design and comfortable cushioned seating. Ideal choice for customers looking for a reliable recliner in the furniture category at around 54968 rupees.
1726,Godrej Interio Sofa Zen 170,Godrej Interio,Furniture,Sofa,63358,This sofa from Godrej Interio is a budget friendly option designed for daily use. It offers solid engineered wood construction, comfortable cushioned seating and space saving compact design. Ideal choice for customers looking for a reliable sofa in the furniture category at around 63358 rupees.
1727,Wakefit Study Table Air 177,Wakefit,Furniture,Study Table,30959,This study table from Wakefit is a premium quality product designed for daily use. It offers space saving compact design, ergonomic back support for long sitting and modern minimal look. Ideal choice for customers looking for a reliable study table in the furniture category at around 30959 rupees.
1728,Ikea Office Chair Pro 184,Ikea,Furniture,Office Chair,21669,This office chair from Ikea is a mid range value for money pick designed for daily use. It offers easy do it yourself assembly, solid engineered wood construction and scratch resistant finish. Ideal choice for customers looking for a reliable office chair in the furniture category at around 21669 rupees.
1729,Nilkamal Bookshelf Sport 191,Nilkamal,Furniture,Bookshelf,8889,This bookshelf from Nilkamal is a entry level basic model designed for daily use. It offers strong load bearing capacity, strong load bearing capacity and easy do it yourself assembly. Ideal choice for customers looking for a reliable bookshelf in the furniture category at around 8889 rupees.
1730,Sleepwell Bed Ultra 198,Sleepwell,Furniture,Bed,85797,This bed from Sleepwell is a professional grade performance designed for daily use. It offers comfortable cushioned seating, ideal for small rooms and termite resistant material. Ideal choice for customers looking for a reliable bed in the furniture category at around 85797 rupees.
1731,HomeTown Wardrobe Neo 205,HomeTown,Furniture,Wardrobe,5218,This wardrobe from HomeTown is a budget friendly option designed for daily use. It offers scratch resistant finish, termite resistant material and ideal for small rooms. Ideal choice for customers looking for a reliable wardrobe in the furniture category at around 5218 rupees.
1732,Pepperfry Dining Table Air 212,Pepperfry,Furniture,Dining Table,56198,This dining table from Pepperfry is a premium quality product designed for daily use. It offers ideal for small rooms, easy do it yourself assembly and strong load bearing capacity. Ideal choice for customers looking for a reliable dining table in the furniture category at around 56198 rupees.
1733,Urban Ladder Shoe Rack Sport 219,Urban Ladder,Furniture,Shoe Rack,16150,This shoe rack from Urban Ladder is a mid range value for money pick designed for daily use. It offers ergonomic back support for long sitting, scratch resistant finish and solid engineered wood construction. Ideal choice for customers looking for a reliable shoe rack in the furniture category at around 16150 rupees.
1734,Durian TV Unit Plus 226,Durian,Furniture,TV Unit,35799,This tv unit from Durian is a entry level basic model designed for daily use. It offers modern minimal look, modern minimal look and ergonomic back support for long sitting. Ideal choice for customers looking for a reliable tv unit in the furniture category at around 35799 rupees.
1735,Supreme Recliner Nova 233,Supreme,Furniture,Recliner,40478,This recliner from Supreme is a professional grade performance designed for daily use. It offers termite resistant material, space saving compact design and comfortable cushioned seating. Ideal choice for customers looking for a reliable recliner in the furniture category at around 40478 rupees.
1736,Urban Ladder Sofa Prime 240,Urban Ladder,Furniture,Sofa,57198,This sofa from Urban Ladder is a budget friendly option designed for daily use. It offers solid engineered wood construction, comfortable cushioned seating and space saving compact design. Ideal choice for customers looking for a reliable sofa in the furniture category at around 57198 rupees.
1737,Durian Study Table Nova 247,Durian,Furniture,Study Table,10799,This study table from Durian is a premium quality product designed for daily use. It offers space saving compact design, ergonomic back support for long sitting and modern minimal look. Ideal choice for customers looking for a reliable study table in the furniture category at around 10799 rupees.
1738,Supreme Office Chair Nova 254,Supreme,Furniture,Office Chair,30909,This office chair from Supreme is a mid range value for money pick designed for daily use. It offers easy do it yourself assembly, solid engineered wood construction and scratch resistant finish. Ideal choice for customers looking for a reliable office chair in the furniture category at around 30909 rupees.
1739,Godrej Interio Bookshelf Nova 261,Godrej Interio,Furniture,Bookshelf,28979,This bookshelf from Godrej Interio is a entry level basic model designed for daily use. It offers strong load bearing capacity, strong load bearing capacity and easy do it yourself assembly. Ideal choice for customers looking for a reliable bookshelf in the furniture category at around 28979 rupees.
1740,Wakefit Bed Elite 268,Wakefit,Furniture,Bed,109457,This bed from Wakefit is a professional grade performance designed for daily use. It offers comfortable cushioned seating, ideal for small rooms and termite resistant material. Ideal choice for customers looking for a reliable bed in the furniture category at around 109457 rupees.
1741,Ikea Wardrobe Edge 275,Ikea,Furniture,Wardrobe,41758,This wardrobe from Ikea is a budget friendly option designed for daily use. It offers scratch resistant finish, termite resistant material and ideal for small rooms. Ideal choice for customers looking for a reliable wardrobe in the furniture category at around 41758 rupees.
1742,Nilkamal Dining Table Nova 282,Nilkamal,Furniture,Dining Table,82798,This dining table from Nilkamal is a premium quality product designed for daily use. It offers ideal for small rooms, easy do it yourself assembly and strong load bearing capacity. Ideal choice for customers looking for a reliable dining table in the furniture category at around 82798 rupees.
1743,Sleepwell Shoe Rack Plus 289,Sleepwell,Furniture,Shoe Rack,6700,This shoe rack from Sleepwell is a mid range value for money pick designed for daily use. It offers ergonomic back support for long sitting, scratch resistant finish and solid engineered wood construction. Ideal choice for customers looking for a reliable shoe rack in the furniture category at around 6700 rupees.
1744,HomeTown TV Unit Sport 296,HomeTown,Furniture,TV Unit,12699,This tv unit from HomeTown is a entry level basic model designed for daily use. It offers modern minimal look, modern minimal look and ergonomic back support for long sitting. Ideal choice for customers looking for a reliable tv unit in the furniture category at around 12699 rupees.
1745,Pepperfry Recliner Air 303,Pepperfry,Furniture,Recliner,90388,This recliner from Pepperfry is a professional grade performance designed for daily use. It offers termite resistant material, space saving compact design and comfortable cushioned seating. Ideal choice for customers looking for a reliable recliner in the furniture category at around 90388 rupees.
1746,Sleepwell Sofa Sport 310,Sleepwell,Furniture,Sofa,51038,This sofa from Sleepwell is a budget friendly option designed for daily use. It offers solid engineered wood construction, comfortable cushioned seating and space saving compact design. Ideal choice for customers looking for a reliable sofa in the furniture category at around 51038 rupees.
1747,HomeTown Study Table Elite 317,HomeTown,Furniture,Study Table,35999,This study table from HomeTown is a premium quality product designed for daily use. It offers space saving compact design, ergonomic back support for long sitting and modern minimal look. Ideal choice for customers looking for a reliable study table in the furniture category at around 35999 rupees.
1748,Pepperfry Office Chair Classic 324,Pepperfry,Furniture,Office Chair,42459,This office chair from Pepperfry is a mid range value for money pick designed for daily use. It offers easy do it yourself assembly, solid engineered wood construction and scratch resistant finish. Ideal choice for customers looking for a reliable office chair in the furniture category at around 42459 rupees.
1749,Urban Ladder Bookshelf Plus 331,Urban Ladder,Furniture,Bookshelf,29959,This bookshelf from Urban Ladder is a entry level basic model designed for daily use. It offers strong load bearing capacity, strong load bearing capacity and easy do it yourself assembly. Ideal choice for customers looking for a reliable bookshelf in the furniture category at around 29959 rupees.
1750,Durian Bed Ultra 338,Durian,Furniture,Bed,49397,This bed from Durian is a professional grade performance designed for daily use. It offers comfortable cushioned seating, ideal for small rooms and termite resistant material. Ideal choice for customers looking for a reliable bed in the furniture category at around 49397 rupees.
1751,Supreme Wardrobe Edge 345,Supreme,Furniture,Wardrobe,19078,This wardrobe from Supreme is a budget friendly option designed for daily use. It offers scratch resistant finish, termite resistant material and ideal for small rooms. Ideal choice for customers looking for a reliable wardrobe in the furniture category at around 19078 rupees.
1752,Godrej Interio Dining Table Plus 352,Godrej Interio,Furniture,Dining Table,51998,This dining table from Godrej Interio is a premium quality product designed for daily use. It offers ideal for small rooms, easy do it yourself assembly and strong load bearing capacity. Ideal choice for customers looking for a reliable dining table in the furniture category at around 51998 rupees.
1753,Wakefit Shoe Rack Lite 359,Wakefit,Furniture,Shoe Rack,6350,This shoe rack from Wakefit is a mid range value for money pick designed for daily use. It offers ergonomic back support for long sitting, scratch resistant finish and solid engineered wood construction. Ideal choice for customers looking for a reliable shoe rack in the furniture category at around 6350 rupees.
1754,Ikea TV Unit Nova 366,Ikea,Furniture,TV Unit,40699,This tv unit from Ikea is a entry level basic model designed for daily use. It offers modern minimal look, modern minimal look and ergonomic back support for long sitting. Ideal choice for customers looking for a reliable tv unit in the furniture category at around 40699 rupees.
1755,Nilkamal Recliner Zen 373,Nilkamal,Furniture,Recliner,64628,This recliner from Nilkamal is a professional grade performance designed for daily use. It offers termite resistant material, space saving compact design and comfortable cushioned seating. Ideal choice for customers looking for a reliable recliner in the furniture category at around 64628 rupees.
1756,Wakefit Sofa Lite 380,Wakefit,Furniture,Sofa,84918,This sofa from Wakefit is a budget friendly option designed for daily use. It offers solid engineered wood construction, comfortable cushioned seating and space saving compact design. Ideal choice for customers looking for a reliable sofa in the furniture category at around 84918 rupees.
1757,Ikea Study Table Edge 387,Ikea,Furniture,Study Table,38519,This study table from Ikea is a premium quality product designed for daily use. It offers space saving compact design, ergonomic back support for long sitting and modern minimal look. Ideal choice for customers looking for a reliable study table in the furniture category at around 38519 rupees.
1758,Nilkamal Office Chair Nova 394,Nilkamal,Furniture,Office Chair,37839,This office chair from Nilkamal is a mid range value for money pick designed for daily use. It offers easy do it yourself assembly, solid engineered wood construction and scratch resistant finish. Ideal choice for customers looking for a reliable office chair in the furniture category at around 37839 rupees.
1759,Sleepwell Bookshelf Neo 401,Sleepwell,Furniture,Bookshelf,10359,This bookshelf from Sleepwell is a entry level basic model designed for daily use. It offers strong load bearing capacity, strong load bearing capacity and easy do it yourself assembly. Ideal choice for customers looking for a reliable bookshelf in the furniture category at around 10359 rupees.
1760,HomeTown Bed Edge 408,HomeTown,Furniture,Bed,43937,This bed from HomeTown is a professional grade performance designed for daily use. It offers comfortable cushioned seating, ideal for small rooms and termite resistant material. Ideal choice for customers looking for a reliable bed in the furniture category at around 43937 rupees.
1761,Pepperfry Wardrobe Sport 415,Pepperfry,Furniture,Wardrobe,29158,This wardrobe from Pepperfry is a budget friendly option designed for daily use. It offers scratch resistant finish, termite resistant material and ideal for small rooms. Ideal choice for customers looking for a reliable wardrobe in the furniture category at around 29158 rupees.
1762,Urban Ladder Dining Table Pro 422,Urban Ladder,Furniture,Dining Table,84198,This dining table from Urban Ladder is a premium quality product designed for daily use. It offers ideal for small rooms, easy do it yourself assembly and strong load bearing capacity. Ideal choice for customers looking for a reliable dining table in the furniture category at around 84198 rupees.
1763,Durian Shoe Rack Neo 429,Durian,Furniture,Shoe Rack,3200,This shoe rack from Durian is a mid range value for money pick designed for daily use. It offers ergonomic back support for long sitting, scratch resistant finish and solid engineered wood construction. Ideal choice for customers looking for a reliable shoe rack in the furniture category at around 3200 rupees.
1764,Supreme TV Unit Nova 436,Supreme,Furniture,TV Unit,35099,This tv unit from Supreme is a entry level basic model designed for daily use. It offers modern minimal look, modern minimal look and ergonomic back support for long sitting. Ideal choice for customers looking for a reliable tv unit in the furniture category at around 35099 rupees.
1765,Godrej Interio Recliner Classic 443,Godrej Interio,Furniture,Recliner,29208,This recliner from Godrej Interio is a professional grade performance designed for daily use. It offers termite resistant material, space saving compact design and comfortable cushioned seating. Ideal choice for customers looking for a reliable recliner in the furniture category at around 29208 rupees.
1766,Durian Sofa Elite 450,Durian,Furniture,Sofa,12538,This sofa from Durian is a budget friendly option designed for daily use. It offers solid engineered wood construction, comfortable cushioned seating and space saving compact design. Ideal choice for customers looking for a reliable sofa in the furniture category at around 12538 rupees.
1767,Supreme Study Table Core 457,Supreme,Furniture,Study Table,6389,This study table from Supreme is a premium quality product designed for daily use. It offers space saving compact design, ergonomic back support for long sitting and modern minimal look. Ideal choice for customers looking for a reliable study table in the furniture category at around 6389 rupees.
1768,Godrej Interio Office Chair Neo 464,Godrej Interio,Furniture,Office Chair,34759,This office chair from Godrej Interio is a mid range value for money pick designed for daily use. It offers easy do it yourself assembly, solid engineered wood construction and scratch resistant finish. Ideal choice for customers looking for a reliable office chair in the furniture category at around 34759 rupees.
1769,Wakefit Bookshelf Ultra 471,Wakefit,Furniture,Bookshelf,12319,This bookshelf from Wakefit is a entry level basic model designed for daily use. It offers strong load bearing capacity, strong load bearing capacity and easy do it yourself assembly. Ideal choice for customers looking for a reliable bookshelf in the furniture category at around 12319 rupees.
1770,Ikea Bed Nova 478,Ikea,Furniture,Bed,74877,This bed from Ikea is a professional grade performance designed for daily use. It offers comfortable cushioned seating, ideal for small rooms and termite resistant material. Ideal choice for customers looking for a reliable bed in the furniture category at around 74877 rupees.
1771,Nilkamal Wardrobe Pro 485,Nilkamal,Furniture,Wardrobe,15298,This wardrobe from Nilkamal is a budget friendly option designed for daily use. It offers scratch resistant finish, termite resistant material and ideal for small rooms. Ideal choice for customers looking for a reliable wardrobe in the furniture category at around 15298 rupees.
1772,Sleepwell Dining Table Sport 492,Sleepwell,Furniture,Dining Table,50598,This dining table from Sleepwell is a premium quality product designed for daily use. It offers ideal for small rooms, easy do it yourself assembly and strong load bearing capacity. Ideal choice for customers looking for a reliable dining table in the furniture category at around 50598 rupees.
1773,HomeTown Shoe Rack Prime 499,HomeTown,Furniture,Shoe Rack,11950,This shoe rack from HomeTown is a mid range value for money pick designed for daily use. It offers ergonomic back support for long sitting, scratch resistant finish and solid engineered wood construction. Ideal choice for customers looking for a reliable shoe rack in the furniture category at around 11950 rupees.
1774,Pepperfry TV Unit Elite 506,Pepperfry,Furniture,TV Unit,30199,This tv unit from Pepperfry is a entry level basic model designed for daily use. It offers modern minimal look, modern minimal look and ergonomic back support for long sitting. Ideal choice for customers looking for a reliable tv unit in the furniture category at around 30199 rupees.
1775,Urban Ladder Recliner Elite 513,Urban Ladder,Furniture,Recliner,13108,This recliner from Urban Ladder is a professional grade performance designed for daily use. It offers termite resistant material, space saving compact design and comfortable cushioned seating. Ideal choice for customers looking for a reliable recliner in the furniture category at around 13108 rupees.
1776,HomeTown Sofa Nova 520,HomeTown,Furniture,Sofa,40258,This sofa from HomeTown is a budget friendly option designed for daily use. It offers solid engineered wood construction, comfortable cushioned seating and space saving compact design. Ideal choice for customers looking for a reliable sofa in the furniture category at around 40258 rupees.
1777,Pepperfry Study Table Nova 527,Pepperfry,Furniture,Study Table,22769,This study table from Pepperfry is a premium quality product designed for daily use. It offers space saving compact design, ergonomic back support for long sitting and modern minimal look. Ideal choice for customers looking for a reliable study table in the furniture category at around 22769 rupees.
1778,Urban Ladder Office Chair Sport 534,Urban Ladder,Furniture,Office Chair,2419,This office chair from Urban Ladder is a mid range value for money pick designed for daily use. It offers easy do it yourself assembly, solid engineered wood construction and scratch resistant finish. Ideal choice for customers looking for a reliable office chair in the furniture category at around 2419 rupees.
1779,Durian Bookshelf Plus 541,Durian,Furniture,Bookshelf,14279,This bookshelf from Durian is a entry level basic model designed for daily use. It offers strong load bearing capacity, strong load bearing capacity and easy do it yourself assembly. Ideal choice for customers looking for a reliable bookshelf in the furniture category at around 14279 rupees.
1780,Supreme Bed Pro 548,Supreme,Furniture,Bed,43937,This bed from Supreme is a professional grade performance designed for daily use. It offers comfortable cushioned seating, ideal for small rooms and termite resistant material. Ideal choice for customers looking for a reliable bed in the furniture category at around 43937 rupees.
1781,Godrej Interio Wardrobe Edge 555,Godrej Interio,Furniture,Wardrobe,11518,This wardrobe from Godrej Interio is a budget friendly option designed for daily use. It offers scratch resistant finish, termite resistant material and ideal for small rooms. Ideal choice for customers looking for a reliable wardrobe in the furniture category at around 11518 rupees.
1782,Wakefit Dining Table Elite 562,Wakefit,Furniture,Dining Table,53398,This dining table from Wakefit is a premium quality product designed for daily use. It offers ideal for small rooms, easy do it yourself assembly and strong load bearing capacity. Ideal choice for customers looking for a reliable dining table in the furniture category at around 53398 rupees.
1783,Ikea Shoe Rack Max 569,Ikea,Furniture,Shoe Rack,1800,This shoe rack from Ikea is a mid range value for money pick designed for daily use. It offers ergonomic back support for long sitting, scratch resistant finish and solid engineered wood construction. Ideal choice for customers looking for a reliable shoe rack in the furniture category at around 1800 rupees.
1784,Nilkamal TV Unit Prime 576,Nilkamal,Furniture,TV Unit,21799,This tv unit from Nilkamal is a entry level basic model designed for daily use. It offers modern minimal look, modern minimal look and ergonomic back support for long sitting. Ideal choice for customers looking for a reliable tv unit in the furniture category at around 21799 rupees.
1785,Sleepwell Recliner Neo 583,Sleepwell,Furniture,Recliner,56578,This recliner from Sleepwell is a professional grade performance designed for daily use. It offers termite resistant material, space saving compact design and comfortable cushioned seating. Ideal choice for customers looking for a reliable recliner in the furniture category at around 56578 rupees.
1786,Ikea Sofa Zen 590,Ikea,Furniture,Sofa,67978,This sofa from Ikea is a budget friendly option designed for daily use. It offers solid engineered wood construction, comfortable cushioned seating and space saving compact design. Ideal choice for customers looking for a reliable sofa in the furniture category at around 67978 rupees.
1787,Nilkamal Study Table Prime 597,Nilkamal,Furniture,Study Table,13949,This study table from Nilkamal is a premium quality product designed for daily use. It offers space saving compact design, ergonomic back support for long sitting and modern minimal look. Ideal choice for customers looking for a reliable study table in the furniture category at around 13949 rupees.
1788,Sleepwell Office Chair Elite 604,Sleepwell,Furniture,Office Chair,15509,This office chair from Sleepwell is a mid range value for money pick designed for daily use. It offers easy do it yourself assembly, solid engineered wood construction and scratch resistant finish. Ideal choice for customers looking for a reliable office chair in the furniture category at around 15509 rupees.
1789,HomeTown Bookshelf Elite 611,HomeTown,Furniture,Bookshelf,11339,This bookshelf from HomeTown is a entry level basic model designed for daily use. It offers strong load bearing capacity, strong load bearing capacity and easy do it yourself assembly. Ideal choice for customers looking for a reliable bookshelf in the furniture category at around 11339 rupees.
1790,Pepperfry Bed Ultra 618,Pepperfry,Furniture,Bed,62137,This bed from Pepperfry is a professional grade performance designed for daily use. It offers comfortable cushioned seating, ideal for small rooms and termite resistant material. Ideal choice for customers looking for a reliable bed in the furniture category at around 62137 rupees.
1791,Urban Ladder Wardrobe Edge 625,Urban Ladder,Furniture,Wardrobe,40498,This wardrobe from Urban Ladder is a budget friendly option designed for daily use. It offers scratch resistant finish, termite resistant material and ideal for small rooms. Ideal choice for customers looking for a reliable wardrobe in the furniture category at around 40498 rupees.
1792,Durian Dining Table Elite 632,Durian,Furniture,Dining Table,43598,This dining table from Durian is a premium quality product designed for daily use. It offers ideal for small rooms, easy do it yourself assembly and strong load bearing capacity. Ideal choice for customers looking for a reliable dining table in the furniture category at around 43598 rupees.
1793,Supreme Shoe Rack Pro 639,Supreme,Furniture,Shoe Rack,1450,This shoe rack from Supreme is a mid range value for money pick designed for daily use. It offers ergonomic back support for long sitting, scratch resistant finish and solid engineered wood construction. Ideal choice for customers looking for a reliable shoe rack in the furniture category at around 1450 rupees.
1794,Godrej Interio TV Unit Elite 646,Godrej Interio,Furniture,TV Unit,3599,This tv unit from Godrej Interio is a entry level basic model designed for daily use. It offers modern minimal look, modern minimal look and ergonomic back support for long sitting. Ideal choice for customers looking for a reliable tv unit in the furniture category at around 3599 rupees.
1795,Wakefit Recliner Lite 653,Wakefit,Furniture,Recliner,34038,This recliner from Wakefit is a professional grade performance designed for daily use. It offers termite resistant material, space saving compact design and comfortable cushioned seating. Ideal choice for customers looking for a reliable recliner in the furniture category at around 34038 rupees.
1796,Supreme Sofa Air 660,Supreme,Furniture,Sofa,94158,This sofa from Supreme is a budget friendly option designed for daily use. It offers solid engineered wood construction, comfortable cushioned seating and space saving compact design. Ideal choice for customers looking for a reliable sofa in the furniture category at around 94158 rupees.
1797,Godrej Interio Study Table Max 667,Godrej Interio,Furniture,Study Table,16469,This study table from Godrej Interio is a premium quality product designed for daily use. It offers space saving compact design, ergonomic back support for long sitting and modern minimal look. Ideal choice for customers looking for a reliable study table in the furniture category at around 16469 rupees.
1798,Wakefit Office Chair Sport 674,Wakefit,Furniture,Office Chair,17819,This office chair from Wakefit is a mid range value for money pick designed for daily use. It offers easy do it yourself assembly, solid engineered wood construction and scratch resistant finish. Ideal choice for customers looking for a reliable office chair in the furniture category at around 17819 rupees.
1799,Ikea Bookshelf Core 681,Ikea,Furniture,Bookshelf,10359,This bookshelf from Ikea is a entry level basic model designed for daily use. It offers strong load bearing capacity, strong load bearing capacity and easy do it yourself assembly. Ideal choice for customers looking for a reliable bookshelf in the furniture category at around 10359 rupees.
1800,Nilkamal Bed Plus 688,Nilkamal,Furniture,Bed,71237,This bed from Nilkamal is a professional grade performance designed for daily use. It offers comfortable cushioned seating, ideal for small rooms and termite resistant material. Ideal choice for customers looking for a reliable bed in the furniture category at around 71237 rupees.
1801,Sleepwell Wardrobe Prime 695,Sleepwell,Furniture,Wardrobe,65698,This wardrobe from Sleepwell is a budget friendly option designed for daily use. It offers scratch resistant finish, termite resistant material and ideal for small rooms. Ideal choice for customers looking for a reliable wardrobe in the furniture category at around 65698 rupees.
1802,HomeTown Dining Table Prime 702,HomeTown,Furniture,Dining Table,12798,This dining table from HomeTown is a premium quality product designed for daily use. It offers ideal for small rooms, easy do it yourself assembly and strong load bearing capacity. Ideal choice for customers looking for a reliable dining table in the furniture category at around 12798 rupees.
1803,Pepperfry Shoe Rack Classic 709,Pepperfry,Furniture,Shoe Rack,10900,This shoe rack from Pepperfry is a mid range value for money pick designed for daily use. It offers ergonomic back support for long sitting, scratch resistant finish and solid engineered wood construction. Ideal choice for customers looking for a reliable shoe rack in the furniture category at around 10900 rupees.
1804,Urban Ladder TV Unit Core 716,Urban Ladder,Furniture,TV Unit,27399,This tv unit from Urban Ladder is a entry level basic model designed for daily use. It offers modern minimal look, modern minimal look and ergonomic back support for long sitting. Ideal choice for customers looking for a reliable tv unit in the furniture category at around 27399 rupees.
1805,Durian Recliner Core 723,Durian,Furniture,Recliner,93608,This recliner from Durian is a professional grade performance designed for daily use. It offers termite resistant material, space saving compact design and comfortable cushioned seating. Ideal choice for customers looking for a reliable recliner in the furniture category at around 93608 rupees.
1806,Pepperfry Sofa Sport 730,Pepperfry,Furniture,Sofa,15618,This sofa from Pepperfry is a budget friendly option designed for daily use. It offers solid engineered wood construction, comfortable cushioned seating and space saving compact design. Ideal choice for customers looking for a reliable sofa in the furniture category at around 15618 rupees.
1807,Urban Ladder Study Table Lite 737,Urban Ladder,Furniture,Study Table,18989,This study table from Urban Ladder is a premium quality product designed for daily use. It offers space saving compact design, ergonomic back support for long sitting and modern minimal look. Ideal choice for customers looking for a reliable study table in the furniture category at around 18989 rupees.
1808,Durian Office Chair Classic 744,Durian,Furniture,Office Chair,30139,This office chair from Durian is a mid range value for money pick designed for daily use. It offers easy do it yourself assembly, solid engineered wood construction and scratch resistant finish. Ideal choice for customers looking for a reliable office chair in the furniture category at around 30139 rupees.
1809,Supreme Bookshelf Core 751,Supreme,Furniture,Bookshelf,14769,This bookshelf from Supreme is a entry level basic model designed for daily use. It offers strong load bearing capacity, strong load bearing capacity and easy do it yourself assembly. Ideal choice for customers looking for a reliable bookshelf in the furniture category at around 14769 rupees.
1810,Godrej Interio Bed Ultra 758,Godrej Interio,Furniture,Bed,38477,This bed from Godrej Interio is a professional grade performance designed for daily use. It offers comfortable cushioned seating, ideal for small rooms and termite resistant material. Ideal choice for customers looking for a reliable bed in the furniture category at around 38477 rupees.
1811,Wakefit Wardrobe Classic 765,Wakefit,Furniture,Wardrobe,36718,This wardrobe from Wakefit is a budget friendly option designed for daily use. It offers scratch resistant finish, termite resistant material and ideal for small rooms. Ideal choice for customers looking for a reliable wardrobe in the furniture category at around 36718 rupees.
1812,Ikea Dining Table Max 772,Ikea,Furniture,Dining Table,23998,This dining table from Ikea is a premium quality product designed for daily use. It offers ideal for small rooms, easy do it yourself assembly and strong load bearing capacity. Ideal choice for customers looking for a reliable dining table in the furniture category at around 23998 rupees.
1813,Nilkamal Shoe Rack Ultra 779,Nilkamal,Furniture,Shoe Rack,17200,This shoe rack from Nilkamal is a mid range value for money pick designed for daily use. It offers ergonomic back support for long sitting, scratch resistant finish and solid engineered wood construction. Ideal choice for customers looking for a reliable shoe rack in the furniture category at around 17200 rupees.
1814,Sleepwell TV Unit Neo 786,Sleepwell,Furniture,TV Unit,5699,This tv unit from Sleepwell is a entry level basic model designed for daily use. It offers modern minimal look, modern minimal look and ergonomic back support for long sitting. Ideal choice for customers looking for a reliable tv unit in the furniture category at around 5699 rupees.
1815,HomeTown Recliner Sport 793,HomeTown,Furniture,Recliner,79118,This recliner from HomeTown is a professional grade performance designed for daily use. It offers termite resistant material, space saving compact design and comfortable cushioned seating. Ideal choice for customers looking for a reliable recliner in the furniture category at around 79118 rupees.
1816,Nilkamal Sofa Pro 800,Nilkamal,Furniture,Sofa,26398,This sofa from Nilkamal is a budget friendly option designed for daily use. It offers solid engineered wood construction, comfortable cushioned seating and space saving compact design. Ideal choice for customers looking for a reliable sofa in the furniture category at around 26398 rupees.
1817,Sleepwell Study Table Lite 807,Sleepwell,Furniture,Study Table,34739,This study table from Sleepwell is a premium quality product designed for daily use. It offers space saving compact design, ergonomic back support for long sitting and modern minimal look. Ideal choice for customers looking for a reliable study table in the furniture category at around 34739 rupees.
1818,HomeTown Office Chair Plus 814,HomeTown,Furniture,Office Chair,14739,This office chair from HomeTown is a mid range value for money pick designed for daily use. It offers easy do it yourself assembly, solid engineered wood construction and scratch resistant finish. Ideal choice for customers looking for a reliable office chair in the furniture category at around 14739 rupees.
1819,Pepperfry Bookshelf Plus 821,Pepperfry,Furniture,Bookshelf,12809,This bookshelf from Pepperfry is a entry level basic model designed for daily use. It offers strong load bearing capacity, strong load bearing capacity and easy do it yourself assembly. Ideal choice for customers looking for a reliable bookshelf in the furniture category at around 12809 rupees.
1820,Urban Ladder Bed Nova 828,Urban Ladder,Furniture,Bed,27557,This bed from Urban Ladder is a professional grade performance designed for daily use. It offers comfortable cushioned seating, ideal for small rooms and termite resistant material. Ideal choice for customers looking for a reliable bed in the furniture category at around 27557 rupees.
1821,Durian Wardrobe Edge 835,Durian,Furniture,Wardrobe,68218,This wardrobe from Durian is a budget friendly option designed for daily use. It offers scratch resistant finish, termite resistant material and ideal for small rooms. Ideal choice for customers looking for a reliable wardrobe in the furniture category at around 68218 rupees.
1822,Supreme Dining Table Plus 842,Supreme,Furniture,Dining Table,54798,This dining table from Supreme is a premium quality product designed for daily use. It offers ideal for small rooms, easy do it yourself assembly and strong load bearing capacity. Ideal choice for customers looking for a reliable dining table in the furniture category at around 54798 rupees.
1823,Godrej Interio Shoe Rack Plus 849,Godrej Interio,Furniture,Shoe Rack,15450,This shoe rack from Godrej Interio is a mid range value for money pick designed for daily use. It offers ergonomic back support for long sitting, scratch resistant finish and solid engineered wood construction. Ideal choice for customers looking for a reliable shoe rack in the furniture category at around 15450 rupees.
1824,Wakefit TV Unit Elite 856,Wakefit,Furniture,TV Unit,6399,This tv unit from Wakefit is a entry level basic model designed for daily use. It offers modern minimal look, modern minimal look and ergonomic back support for long sitting. Ideal choice for customers looking for a reliable tv unit in the furniture category at around 6399 rupees.
1825,Ikea Recliner Sport 863,Ikea,Furniture,Recliner,96828,This recliner from Ikea is a professional grade performance designed for daily use. It offers termite resistant material, space saving compact design and comfortable cushioned seating. Ideal choice for customers looking for a reliable recliner in the furniture category at around 96828 rupees.
1826,Godrej Interio Sofa Elite 870,Godrej Interio,Furniture,Sofa,21778,This sofa from Godrej Interio is a budget friendly option designed for daily use. It offers solid engineered wood construction, comfortable cushioned seating and space saving compact design. Ideal choice for customers looking for a reliable sofa in the furniture category at around 21778 rupees.
1827,Wakefit Study Table Nova 877,Wakefit,Furniture,Study Table,25289,This study table from Wakefit is a premium quality product designed for daily use. It offers space saving compact design, ergonomic back support for long sitting and modern minimal look. Ideal choice for customers looking for a reliable study table in the furniture category at around 25289 rupees.
1828,Ikea Office Chair Classic 884,Ikea,Furniture,Office Chair,46309,This office chair from Ikea is a mid range value for money pick designed for daily use. It offers easy do it yourself assembly, solid engineered wood construction and scratch resistant finish. Ideal choice for customers looking for a reliable office chair in the furniture category at around 46309 rupees.
1829,Nilkamal Bookshelf Plus 891,Nilkamal,Furniture,Bookshelf,2029,This bookshelf from Nilkamal is a entry level basic model designed for daily use. It offers strong load bearing capacity, strong load bearing capacity and easy do it yourself assembly. Ideal choice for customers looking for a reliable bookshelf in the furniture category at around 2029 rupees.
1830,Sleepwell Bed Prime 898,Sleepwell,Furniture,Bed,14817,This bed from Sleepwell is a professional grade performance designed for daily use. It offers comfortable cushioned seating, ideal for small rooms and termite resistant material. Ideal choice for customers looking for a reliable bed in the furniture category at around 14817 rupees.
1831,HomeTown Wardrobe Plus 905,HomeTown,Furniture,Wardrobe,51838,This wardrobe from HomeTown is a budget friendly option designed for daily use. It offers scratch resistant finish, termite resistant material and ideal for small rooms. Ideal choice for customers looking for a reliable wardrobe in the furniture category at around 51838 rupees.
1832,Pepperfry Dining Table Pro 912,Pepperfry,Furniture,Dining Table,39398,This dining table from Pepperfry is a premium quality product designed for daily use. It offers ideal for small rooms, easy do it yourself assembly and strong load bearing capacity. Ideal choice for customers looking for a reliable dining table in the furniture category at around 39398 rupees.
1833,Urban Ladder Shoe Rack Air 919,Urban Ladder,Furniture,Shoe Rack,14400,This shoe rack from Urban Ladder is a mid range value for money pick designed for daily use. It offers ergonomic back support for long sitting, scratch resistant finish and solid engineered wood construction. Ideal choice for customers looking for a reliable shoe rack in the furniture category at around 14400 rupees.
1834,Durian TV Unit Air 926,Durian,Furniture,TV Unit,32999,This tv unit from Durian is a entry level basic model designed for daily use. It offers modern minimal look, modern minimal look and ergonomic back support for long sitting. Ideal choice for customers looking for a reliable tv unit in the furniture category at around 32999 rupees.
1835,Supreme Recliner Plus 933,Supreme,Furniture,Recliner,14718,This recliner from Supreme is a professional grade performance designed for daily use. It offers termite resistant material, space saving compact design and comfortable cushioned seating. Ideal choice for customers looking for a reliable recliner in the furniture category at around 14718 rupees.
1836,Urban Ladder Sofa Air 940,Urban Ladder,Furniture,Sofa,35638,This sofa from Urban Ladder is a budget friendly option designed for daily use. It offers solid engineered wood construction, comfortable cushioned seating and space saving compact design. Ideal choice for customers looking for a reliable sofa in the furniture category at around 35638 rupees.
1837,Durian Study Table Air 947,Durian,Furniture,Study Table,3869,This study table from Durian is a premium quality product designed for daily use. It offers space saving compact design, ergonomic back support for long sitting and modern minimal look. Ideal choice for customers looking for a reliable study table in the furniture category at around 3869 rupees.
1838,Supreme Office Chair Prime 954,Supreme,Furniture,Office Chair,16279,This office chair from Supreme is a mid range value for money pick designed for daily use. It offers easy do it yourself assembly, solid engineered wood construction and scratch resistant finish. Ideal choice for customers looking for a reliable office chair in the furniture category at around 16279 rupees.
1839,Godrej Interio Bookshelf Nova 961,Godrej Interio,Furniture,Bookshelf,23589,This bookshelf from Godrej Interio is a entry level basic model designed for daily use. It offers strong load bearing capacity, strong load bearing capacity and easy do it yourself assembly. Ideal choice for customers looking for a reliable bookshelf in the furniture category at around 23589 rupees.
1840,Wakefit Bed Air 968,Wakefit,Furniture,Bed,47577,This bed from Wakefit is a professional grade performance designed for daily use. It offers comfortable cushioned seating, ideal for small rooms and termite resistant material. Ideal choice for customers looking for a reliable bed in the furniture category at around 47577 rupees.
1841,Ikea Wardrobe Nova 975,Ikea,Furniture,Wardrobe,37978,This wardrobe from Ikea is a budget friendly option designed for daily use. It offers scratch resistant finish, termite resistant material and ideal for small rooms. Ideal choice for customers looking for a reliable wardrobe in the furniture category at around 37978 rupees.
1842,Nilkamal Dining Table Air 982,Nilkamal,Furniture,Dining Table,12798,This dining table from Nilkamal is a premium quality product designed for daily use. It offers ideal for small rooms, easy do it yourself assembly and strong load bearing capacity. Ideal choice for customers looking for a reliable dining table in the furniture category at around 12798 rupees.
1843,Sleepwell Shoe Rack Elite 989,Sleepwell,Furniture,Shoe Rack,750,This shoe rack from Sleepwell is a mid range value for money pick designed for daily use. It offers ergonomic back support for long sitting, scratch resistant finish and solid engineered wood construction. Ideal choice for customers looking for a reliable shoe rack in the furniture category at around 750 rupees.
1844,HomeTown TV Unit Lite 996,HomeTown,Furniture,TV Unit,19699,This tv unit from HomeTown is a entry level basic model designed for daily use. It offers modern minimal look, modern minimal look and ergonomic back support for long sitting. Ideal choice for customers looking for a reliable tv unit in the furniture category at around 19699 rupees.
1845,Pepperfry Recliner Plus 103,Pepperfry,Furniture,Recliner,54968,This recliner from Pepperfry is a professional grade performance designed for daily use. It offers termite resistant material, space saving compact design and comfortable cushioned seating. Ideal choice for customers looking for a reliable recliner in the furniture category at around 54968 rupees.
1846,Sleepwell Sofa Plus 110,Sleepwell,Furniture,Sofa,6378,This sofa from Sleepwell is a budget friendly option designed for daily use. It offers solid engineered wood construction, comfortable cushioned seating and space saving compact design. Ideal choice for customers looking for a reliable sofa in the furniture category at around 6378 rupees.
1847,HomeTown Study Table Pro 117,HomeTown,Furniture,Study Table,9539,This study table from HomeTown is a premium quality product designed for daily use. It offers space saving compact design, ergonomic back support for long sitting and modern minimal look. Ideal choice for customers looking for a reliable study table in the furniture category at around 9539 rupees.
1848,Pepperfry Office Chair Air 124,Pepperfry,Furniture,Office Chair,12429,This office chair from Pepperfry is a mid range value for money pick designed for daily use. It offers easy do it yourself assembly, solid engineered wood construction and scratch resistant finish. Ideal choice for customers looking for a reliable office chair in the furniture category at around 12429 rupees.
1849,Urban Ladder Bookshelf Neo 131,Urban Ladder,Furniture,Bookshelf,1049,This bookshelf from Urban Ladder is a entry level basic model designed for daily use. It offers strong load bearing capacity, strong load bearing capacity and easy do it yourself assembly. Ideal choice for customers looking for a reliable bookshelf in the furniture category at around 1049 rupees.
1850,Durian Bed Ultra 138,Durian,Furniture,Bed,82157,This bed from Durian is a professional grade performance designed for daily use. It offers comfortable cushioned seating, ideal for small rooms and termite resistant material. Ideal choice for customers looking for a reliable bed in the furniture category at around 82157 rupees.
1851,Supreme Wardrobe Edge 145,Supreme,Furniture,Wardrobe,56878,This wardrobe from Supreme is a budget friendly option designed for daily use. It offers scratch resistant finish, termite resistant material and ideal for small rooms. Ideal choice for customers looking for a reliable wardrobe in the furniture category at around 56878 rupees.
1852,Godrej Interio Dining Table Core 152,Godrej Interio,Furniture,Dining Table,5798,This dining table from Godrej Interio is a premium quality product designed for daily use. It offers ideal for small rooms, easy do it yourself assembly and strong load bearing capacity. Ideal choice for customers looking for a reliable dining table in the furniture category at around 5798 rupees.
1853,Wakefit Shoe Rack Neo 159,Wakefit,Furniture,Shoe Rack,2850,This shoe rack from Wakefit is a mid range value for money pick designed for daily use. It offers ergonomic back support for long sitting, scratch resistant finish and solid engineered wood construction. Ideal choice for customers looking for a reliable shoe rack in the furniture category at around 2850 rupees.
1854,Ikea TV Unit Sport 166,Ikea,Furniture,TV Unit,25999,This tv unit from Ikea is a entry level basic model designed for daily use. It offers modern minimal look, modern minimal look and ergonomic back support for long sitting. Ideal choice for customers looking for a reliable tv unit in the furniture category at around 25999 rupees.
1855,Nilkamal Recliner Pro 173,Nilkamal,Furniture,Recliner,24378,This recliner from Nilkamal is a professional grade performance designed for daily use. It offers termite resistant material, space saving compact design and comfortable cushioned seating. Ideal choice for customers looking for a reliable recliner in the furniture category at around 24378 rupees.
1856,Wakefit Sofa Edge 180,Wakefit,Furniture,Sofa,75678,This sofa from Wakefit is a budget friendly option designed for daily use. It offers solid engineered wood construction, comfortable cushioned seating and space saving compact design. Ideal choice for customers looking for a reliable sofa in the furniture category at around 75678 rupees.
1857,Ikea Study Table Zen 187,Ikea,Furniture,Study Table,11429,This study table from Ikea is a premium quality product designed for daily use. It offers space saving compact design, ergonomic back support for long sitting and modern minimal look. Ideal choice for customers looking for a reliable study table in the furniture category at around 11429 rupees.
1858,Nilkamal Office Chair Max 194,Nilkamal,Furniture,Office Chair,30139,This office chair from Nilkamal is a mid range value for money pick designed for daily use. It offers easy do it yourself assembly, solid engineered wood construction and scratch resistant finish. Ideal choice for customers looking for a reliable office chair in the furniture category at around 30139 rupees.
1859,Nivia Treadmill Plus 100,Nivia,Sports & Fitness,Treadmill,36597,This treadmill from Nivia is a budget friendly option designed for daily use. It offers ideal for home workout, suitable for beginners and anti slip firm grip. Ideal choice for customers looking for a reliable treadmill in the sports & fitness category at around 36597 rupees.
1860,Decathlon Dumbbell Set Plus 107,Decathlon,Sports & Fitness,Dumbbell Set,19439,This dumbbell set from Decathlon is a premium quality product designed for daily use. It offers anti slip firm grip, strong shock absorption and improves stamina and endurance. Ideal choice for customers looking for a reliable dumbbell set in the sports & fitness category at around 19439 rupees.
1861,Adidas Yoga Mat Nova 114,Adidas,Sports & Fitness,Yoga Mat,2750,This yoga mat from Adidas is a mid range value for money pick designed for daily use. It offers adjustable weight settings, ideal for home workout and professional tournament quality. Ideal choice for customers looking for a reliable yoga mat in the sports & fitness category at around 2750 rupees.
1862,Powermax Cricket Bat Elite 121,Powermax,Sports & Fitness,Cricket Bat,11399,This cricket bat from Powermax is a entry level basic model designed for daily use. It offers sweat resistant material, sweat resistant material and adjustable weight settings. Ideal choice for customers looking for a reliable cricket bat in the sports & fitness category at around 11399 rupees.
1863,Yonex Football Plus 128,Yonex,Sports & Fitness,Football,2408,This football from Yonex is a professional grade performance designed for daily use. It offers suitable for beginners, lightweight and easy to carry and compact foldable storage. Ideal choice for customers looking for a reliable football in the sports & fitness category at around 2408 rupees.
1864,Nike Badminton Racket Ultra 135,Nike,Sports & Fitness,Badminton Racket,2700,This badminton racket from Nike is a budget friendly option designed for daily use. It offers professional tournament quality, compact foldable storage and lightweight and easy to carry. Ideal choice for customers looking for a reliable badminton racket in the sports & fitness category at around 2700 rupees.
1865,Boldfit Cycling Helmet Neo 142,Boldfit,Sports & Fitness,Cycling Helmet,7669,This cycling helmet from Boldfit is a premium quality product designed for daily use. It offers lightweight and easy to carry, adjustable weight settings and sweat resistant material. Ideal choice for customers looking for a reliable cycling helmet in the sports & fitness category at around 7669 rupees.
1866,Cosco Skipping Rope Edge 149,Cosco,Sports & Fitness,Skipping Rope,1378,This skipping rope from Cosco is a mid range value for money pick designed for daily use. It offers strong shock absorption, professional tournament quality and ideal for home workout. Ideal choice for customers looking for a reliable skipping rope in the sports & fitness category at around 1378 rupees.
1867,Reebok Resistance Band Nova 156,Reebok,Sports & Fitness,Resistance Band,1620,This resistance band from Reebok is a entry level basic model designed for daily use. It offers improves stamina and endurance, improves stamina and endurance and strong shock absorption. Ideal choice for customers looking for a reliable resistance band in the sports & fitness category at around 1620 rupees.
1868,SG Gym Gloves Zen 163,SG,Sports & Fitness,Gym Gloves,2520,This gym gloves from SG is a professional grade performance designed for daily use. It offers compact foldable storage, anti slip firm grip and suitable for beginners. Ideal choice for customers looking for a reliable gym gloves in the sports & fitness category at around 2520 rupees.
1869,Cosco Treadmill Sport 170,Cosco,Sports & Fitness,Treadmill,52197,This treadmill from Cosco is a budget friendly option designed for daily use. It offers ideal for home workout, suitable for beginners and anti slip firm grip. Ideal choice for customers looking for a reliable treadmill in the sports & fitness category at around 52197 rupees.
1870,Reebok Dumbbell Set Neo 177,Reebok,Sports & Fitness,Dumbbell Set,21359,This dumbbell set from Reebok is a premium quality product designed for daily use. It offers anti slip firm grip, strong shock absorption and improves stamina and endurance. Ideal choice for customers looking for a reliable dumbbell set in the sports & fitness category at around 21359 rupees.
1871,SG Yoga Mat Neo 184,SG,Sports & Fitness,Yoga Mat,4050,This yoga mat from SG is a mid range value for money pick designed for daily use. It offers adjustable weight settings, ideal for home workout and professional tournament quality. Ideal choice for customers looking for a reliable yoga mat in the sports & fitness category at around 4050 rupees.
1872,Nivia Cricket Bat Edge 191,Nivia,Sports & Fitness,Cricket Bat,7319,This cricket bat from Nivia is a entry level basic model designed for daily use. It offers sweat resistant material, sweat resistant material and adjustable weight settings. Ideal choice for customers looking for a reliable cricket bat in the sports & fitness category at around 7319 rupees.
1873,Decathlon Football Pro 198,Decathlon,Sports & Fitness,Football,4984,This football from Decathlon is a professional grade performance designed for daily use. It offers suitable for beginners, lightweight and easy to carry and compact foldable storage. Ideal choice for customers looking for a reliable football in the sports & fitness category at around 4984 rupees.
1874,Adidas Badminton Racket Lite 205,Adidas,Sports & Fitness,Badminton Racket,100,This badminton racket from Adidas is a budget friendly option designed for daily use. It offers professional tournament quality, compact foldable storage and lightweight and easy to carry. Ideal choice for customers looking for a reliable badminton racket in the sports & fitness category at around 100 rupees.
1875,Powermax Cycling Helmet Nova 212,Powermax,Sports & Fitness,Cycling Helmet,6109,This cycling helmet from Powermax is a premium quality product designed for daily use. It offers lightweight and easy to carry, adjustable weight settings and sweat resistant material. Ideal choice for customers looking for a reliable cycling helmet in the sports & fitness category at around 6109 rupees.
1876,Yonex Skipping Rope Max 219,Yonex,Sports & Fitness,Skipping Rope,1742,This skipping rope from Yonex is a mid range value for money pick designed for daily use. It offers strong shock absorption, professional tournament quality and ideal for home workout. Ideal choice for customers looking for a reliable skipping rope in the sports & fitness category at around 1742 rupees.
1877,Nike Resistance Band Nova 226,Nike,Sports & Fitness,Resistance Band,780,This resistance band from Nike is a entry level basic model designed for daily use. It offers improves stamina and endurance, improves stamina and endurance and strong shock absorption. Ideal choice for customers looking for a reliable resistance band in the sports & fitness category at around 780 rupees.
1878,Boldfit Gym Gloves Sport 233,Boldfit,Sports & Fitness,Gym Gloves,2120,This gym gloves from Boldfit is a professional grade performance designed for daily use. It offers compact foldable storage, anti slip firm grip and suitable for beginners. Ideal choice for customers looking for a reliable gym gloves in the sports & fitness category at around 2120 rupees.
1879,Yonex Treadmill Edge 240,Yonex,Sports & Fitness,Treadmill,14997,This treadmill from Yonex is a budget friendly option designed for daily use. It offers ideal for home workout, suitable for beginners and anti slip firm grip. Ideal choice for customers looking for a reliable treadmill in the sports & fitness category at around 14997 rupees.
1880,Nike Dumbbell Set Ultra 247,Nike,Sports & Fitness,Dumbbell Set,20399,This dumbbell set from Nike is a premium quality product designed for daily use. It offers anti slip firm grip, strong shock absorption and improves stamina and endurance. Ideal choice for customers looking for a reliable dumbbell set in the sports & fitness category at around 20399 rupees.
1881,Boldfit Yoga Mat Neo 254,Boldfit,Sports & Fitness,Yoga Mat,950,This yoga mat from Boldfit is a mid range value for money pick designed for daily use. It offers adjustable weight settings, ideal for home workout and professional tournament quality. Ideal choice for customers looking for a reliable yoga mat in the sports & fitness category at around 950 rupees.
1882,Cosco Cricket Bat Lite 261,Cosco,Sports & Fitness,Cricket Bat,2759,This cricket bat from Cosco is a entry level basic model designed for daily use. It offers sweat resistant material, sweat resistant material and adjustable weight settings. Ideal choice for customers looking for a reliable cricket bat in the sports & fitness category at around 2759 rupees.
1883,Reebok Football Pro 268,Reebok,Sports & Fitness,Football,3192,This football from Reebok is a professional grade performance designed for daily use. It offers suitable for beginners, lightweight and easy to carry and compact foldable storage. Ideal choice for customers looking for a reliable football in the sports & fitness category at around 3192 rupees.
1884,SG Badminton Racket Classic 275,SG,Sports & Fitness,Badminton Racket,8500,This badminton racket from SG is a budget friendly option designed for daily use. It offers professional tournament quality, compact foldable storage and lightweight and easy to carry. Ideal choice for customers looking for a reliable badminton racket in the sports & fitness category at around 8500 rupees.
1885,Nivia Cycling Helmet Air 282,Nivia,Sports & Fitness,Cycling Helmet,9749,This cycling helmet from Nivia is a premium quality product designed for daily use. It offers lightweight and easy to carry, adjustable weight settings and sweat resistant material. Ideal choice for customers looking for a reliable cycling helmet in the sports & fitness category at around 9749 rupees.
1886,Decathlon Skipping Rope Prime 289,Decathlon,Sports & Fitness,Skipping Rope,1118,This skipping rope from Decathlon is a mid range value for money pick designed for daily use. It offers strong shock absorption, professional tournament quality and ideal for home workout. Ideal choice for customers looking for a reliable skipping rope in the sports & fitness category at around 1118 rupees.
1887,Adidas Resistance Band Sport 296,Adidas,Sports & Fitness,Resistance Band,4380,This resistance band from Adidas is a entry level basic model designed for daily use. It offers improves stamina and endurance, improves stamina and endurance and strong shock absorption. Ideal choice for customers looking for a reliable resistance band in the sports & fitness category at around 4380 rupees.
1888,Powermax Gym Gloves Neo 303,Powermax,Sports & Fitness,Gym Gloves,2280,This gym gloves from Powermax is a professional grade performance designed for daily use. It offers compact foldable storage, anti slip firm grip and suitable for beginners. Ideal choice for customers looking for a reliable gym gloves in the sports & fitness category at around 2280 rupees.
1889,Decathlon Treadmill Max 310,Decathlon,Sports & Fitness,Treadmill,36597,This treadmill from Decathlon is a budget friendly option designed for daily use. It offers ideal for home workout, suitable for beginners and anti slip firm grip. Ideal choice for customers looking for a reliable treadmill in the sports & fitness category at around 36597 rupees.
1890,Adidas Dumbbell Set Elite 317,Adidas,Sports & Fitness,Dumbbell Set,2159,This dumbbell set from Adidas is a premium quality product designed for daily use. It offers anti slip firm grip, strong shock absorption and improves stamina and endurance. Ideal choice for customers looking for a reliable dumbbell set in the sports & fitness category at around 2159 rupees.
1891,Powermax Yoga Mat Core 324,Powermax,Sports & Fitness,Yoga Mat,1850,This yoga mat from Powermax is a mid range value for money pick designed for daily use. It offers adjustable weight settings, ideal for home workout and professional tournament quality. Ideal choice for customers looking for a reliable yoga mat in the sports & fitness category at around 1850 rupees.
1892,Yonex Cricket Bat Elite 331,Yonex,Sports & Fitness,Cricket Bat,1799,This cricket bat from Yonex is a entry level basic model designed for daily use. It offers sweat resistant material, sweat resistant material and adjustable weight settings. Ideal choice for customers looking for a reliable cricket bat in the sports & fitness category at around 1799 rupees.
1893,Nike Football Prime 338,Nike,Sports & Fitness,Football,4424,This football from Nike is a professional grade performance designed for daily use. It offers suitable for beginners, lightweight and easy to carry and compact foldable storage. Ideal choice for customers looking for a reliable football in the sports & fitness category at around 4424 rupees.
1894,Boldfit Badminton Racket Plus 345,Boldfit,Sports & Fitness,Badminton Racket,2700,This badminton racket from Boldfit is a budget friendly option designed for daily use. It offers professional tournament quality, compact foldable storage and lightweight and easy to carry. Ideal choice for customers looking for a reliable badminton racket in the sports & fitness category at around 2700 rupees.
1895,Cosco Cycling Helmet Sport 352,Cosco,Sports & Fitness,Cycling Helmet,6109,This cycling helmet from Cosco is a premium quality product designed for daily use. It offers lightweight and easy to carry, adjustable weight settings and sweat resistant material. Ideal choice for customers looking for a reliable cycling helmet in the sports & fitness category at around 6109 rupees.
1896,Reebok Skipping Rope Elite 359,Reebok,Sports & Fitness,Skipping Rope,2158,This skipping rope from Reebok is a mid range value for money pick designed for daily use. It offers strong shock absorption, professional tournament quality and ideal for home workout. Ideal choice for customers looking for a reliable skipping rope in the sports & fitness category at around 2158 rupees.
1897,SG Resistance Band Ultra 366,SG,Sports & Fitness,Resistance Band,4980,This resistance band from SG is a entry level basic model designed for daily use. It offers improves stamina and endurance, improves stamina and endurance and strong shock absorption. Ideal choice for customers looking for a reliable resistance band in the sports & fitness category at around 4980 rupees.
1898,Nivia Gym Gloves Air 373,Nivia,Sports & Fitness,Gym Gloves,200,This gym gloves from Nivia is a professional grade performance designed for daily use. It offers compact foldable storage, anti slip firm grip and suitable for beginners. Ideal choice for customers looking for a reliable gym gloves in the sports & fitness category at around 200 rupees.
1899,Reebok Treadmill Pro 380,Reebok,Sports & Fitness,Treadmill,48597,This treadmill from Reebok is a budget friendly option designed for daily use. It offers ideal for home workout, suitable for beginners and anti slip firm grip. Ideal choice for customers looking for a reliable treadmill in the sports & fitness category at around 48597 rupees.
1900,SG Dumbbell Set Nova 387,SG,Sports & Fitness,Dumbbell Set,719,This dumbbell set from SG is a premium quality product designed for daily use. It offers anti slip firm grip, strong shock absorption and improves stamina and endurance. Ideal choice for customers looking for a reliable dumbbell set in the sports & fitness category at around 719 rupees.
1901,Nivia Yoga Mat Nova 394,Nivia,Sports & Fitness,Yoga Mat,1050,This yoga mat from Nivia is a mid range value for money pick designed for daily use. It offers adjustable weight settings, ideal for home workout and professional tournament quality. Ideal choice for customers looking for a reliable yoga mat in the sports & fitness category at around 1050 rupees.
1902,Decathlon Cricket Bat Elite 401,Decathlon,Sports & Fitness,Cricket Bat,4919,This cricket bat from Decathlon is a entry level basic model designed for daily use. It offers sweat resistant material, sweat resistant material and adjustable weight settings. Ideal choice for customers looking for a reliable cricket bat in the sports & fitness category at around 4919 rupees.
1903,Adidas Football Prime 408,Adidas,Sports & Fitness,Football,3528,This football from Adidas is a professional grade performance designed for daily use. It offers suitable for beginners, lightweight and easy to carry and compact foldable storage. Ideal choice for customers looking for a reliable football in the sports & fitness category at around 3528 rupees.
1904,Powermax Badminton Racket Prime 415,Powermax,Sports & Fitness,Badminton Racket,2900,This badminton racket from Powermax is a budget friendly option designed for daily use. It offers professional tournament quality, compact foldable storage and lightweight and easy to carry. Ideal choice for customers looking for a reliable badminton racket in the sports & fitness category at around 2900 rupees.
1905,Yonex Cycling Helmet Air 422,Yonex,Sports & Fitness,Cycling Helmet,12869,This cycling helmet from Yonex is a premium quality product designed for daily use. It offers lightweight and easy to carry, adjustable weight settings and sweat resistant material. Ideal choice for customers looking for a reliable cycling helmet in the sports & fitness category at around 12869 rupees.
1906,Nike Skipping Rope Lite 429,Nike,Sports & Fitness,Skipping Rope,2522,This skipping rope from Nike is a mid range value for money pick designed for daily use. It offers strong shock absorption, professional tournament quality and ideal for home workout. Ideal choice for customers looking for a reliable skipping rope in the sports & fitness category at around 2522 rupees.
1907,Boldfit Resistance Band Ultra 436,Boldfit,Sports & Fitness,Resistance Band,1620,This resistance band from Boldfit is a entry level basic model designed for daily use. It offers improves stamina and endurance, improves stamina and endurance and strong shock absorption. Ideal choice for customers looking for a reliable resistance band in the sports & fitness category at around 1620 rupees.
1908,Cosco Gym Gloves Zen 443,Cosco,Sports & Fitness,Gym Gloves,920,This gym gloves from Cosco is a professional grade performance designed for daily use. It offers compact foldable storage, anti slip firm grip and suitable for beginners. Ideal choice for customers looking for a reliable gym gloves in the sports & fitness category at around 920 rupees.
1909,Nike Treadmill Core 450,Nike,Sports & Fitness,Treadmill,12597,This treadmill from Nike is a budget friendly option designed for daily use. It offers ideal for home workout, suitable for beginners and anti slip firm grip. Ideal choice for customers looking for a reliable treadmill in the sports & fitness category at around 12597 rupees.
1910,Boldfit Dumbbell Set Ultra 457,Boldfit,Sports & Fitness,Dumbbell Set,9839,This dumbbell set from Boldfit is a premium quality product designed for daily use. It offers anti slip firm grip, strong shock absorption and improves stamina and endurance. Ideal choice for customers looking for a reliable dumbbell set in the sports & fitness category at around 9839 rupees.
1911,Cosco Yoga Mat Pro 464,Cosco,Sports & Fitness,Yoga Mat,50,This yoga mat from Cosco is a mid range value for money pick designed for daily use. It offers adjustable weight settings, ideal for home workout and professional tournament quality. Ideal choice for customers looking for a reliable yoga mat in the sports & fitness category at around 50 rupees.
1912,Reebok Cricket Bat Edge 471,Reebok,Sports & Fitness,Cricket Bat,8039,This cricket bat from Reebok is a entry level basic model designed for daily use. It offers sweat resistant material, sweat resistant material and adjustable weight settings. Ideal choice for customers looking for a reliable cricket bat in the sports & fitness category at around 8039 rupees.
1913,SG Football Lite 478,SG,Sports & Fitness,Football,168,This football from SG is a professional grade performance designed for daily use. It offers suitable for beginners, lightweight and easy to carry and compact foldable storage. Ideal choice for customers looking for a reliable football in the sports & fitness category at around 168 rupees.
1914,Nivia Badminton Racket Ultra 485,Nivia,Sports & Fitness,Badminton Racket,3700,This badminton racket from Nivia is a budget friendly option designed for daily use. It offers professional tournament quality, compact foldable storage and lightweight and easy to carry. Ideal choice for customers looking for a reliable badminton racket in the sports & fitness category at around 3700 rupees.
1915,Decathlon Cycling Helmet Lite 492,Decathlon,Sports & Fitness,Cycling Helmet,5849,This cycling helmet from Decathlon is a premium quality product designed for daily use. It offers lightweight and easy to carry, adjustable weight settings and sweat resistant material. Ideal choice for customers looking for a reliable cycling helmet in the sports & fitness category at around 5849 rupees.
1916,Adidas Skipping Rope Edge 499,Adidas,Sports & Fitness,Skipping Rope,1846,This skipping rope from Adidas is a mid range value for money pick designed for daily use. It offers strong shock absorption, professional tournament quality and ideal for home workout. Ideal choice for customers looking for a reliable skipping rope in the sports & fitness category at around 1846 rupees.
1917,Powermax Resistance Band Air 506,Powermax,Sports & Fitness,Resistance Band,5580,This resistance band from Powermax is a entry level basic model designed for daily use. It offers improves stamina and endurance, improves stamina and endurance and strong shock absorption. Ideal choice for customers looking for a reliable resistance band in the sports & fitness category at around 5580 rupees.
1918,Yonex Gym Gloves Neo 513,Yonex,Sports & Fitness,Gym Gloves,2040,This gym gloves from Yonex is a professional grade performance designed for daily use. It offers compact foldable storage, anti slip firm grip and suitable for beginners. Ideal choice for customers looking for a reliable gym gloves in the sports & fitness category at around 2040 rupees.
1919,Adidas Treadmill Core 520,Adidas,Sports & Fitness,Treadmill,11397,This treadmill from Adidas is a budget friendly option designed for daily use. It offers ideal for home workout, suitable for beginners and anti slip firm grip. Ideal choice for customers looking for a reliable treadmill in the sports & fitness category at around 11397 rupees.
1920,Powermax Dumbbell Set Pro 527,Powermax,Sports & Fitness,Dumbbell Set,12239,This dumbbell set from Powermax is a premium quality product designed for daily use. It offers anti slip firm grip, strong shock absorption and improves stamina and endurance. Ideal choice for customers looking for a reliable dumbbell set in the sports & fitness category at around 12239 rupees.
1921,Yonex Yoga Mat Classic 534,Yonex,Sports & Fitness,Yoga Mat,4150,This yoga mat from Yonex is a mid range value for money pick designed for daily use. It offers adjustable weight settings, ideal for home workout and professional tournament quality. Ideal choice for customers looking for a reliable yoga mat in the sports & fitness category at around 4150 rupees.
1922,Nike Cricket Bat Ultra 541,Nike,Sports & Fitness,Cricket Bat,9719,This cricket bat from Nike is a entry level basic model designed for daily use. It offers sweat resistant material, sweat resistant material and adjustable weight settings. Ideal choice for customers looking for a reliable cricket bat in the sports & fitness category at around 9719 rupees.
1923,Boldfit Football Pro 548,Boldfit,Sports & Fitness,Football,5432,This football from Boldfit is a professional grade performance designed for daily use. It offers suitable for beginners, lightweight and easy to carry and compact foldable storage. Ideal choice for customers looking for a reliable football in the sports & fitness category at around 5432 rupees.
1924,Cosco Badminton Racket Air 555,Cosco,Sports & Fitness,Badminton Racket,6300,This badminton racket from Cosco is a budget friendly option designed for daily use. It offers professional tournament quality, compact foldable storage and lightweight and easy to carry. Ideal choice for customers looking for a reliable badminton racket in the sports & fitness category at around 6300 rupees.
1925,Reebok Cycling Helmet Prime 562,Reebok,Sports & Fitness,Cycling Helmet,6109,This cycling helmet from Reebok is a premium quality product designed for daily use. It offers lightweight and easy to carry, adjustable weight settings and sweat resistant material. Ideal choice for customers looking for a reliable cycling helmet in the sports & fitness category at around 6109 rupees.
1926,SG Skipping Rope Nova 569,SG,Sports & Fitness,Skipping Rope,78,This skipping rope from SG is a mid range value for money pick designed for daily use. It offers strong shock absorption, professional tournament quality and ideal for home workout. Ideal choice for customers looking for a reliable skipping rope in the sports & fitness category at around 78 rupees.
1927,Nivia Resistance Band Air 576,Nivia,Sports & Fitness,Resistance Band,1380,This resistance band from Nivia is a entry level basic model designed for daily use. It offers improves stamina and endurance, improves stamina and endurance and strong shock absorption. Ideal choice for customers looking for a reliable resistance band in the sports & fitness category at around 1380 rupees.
1928,Decathlon Gym Gloves Elite 583,Decathlon,Sports & Fitness,Gym Gloves,1560,This gym gloves from Decathlon is a professional grade performance designed for daily use. It offers compact foldable storage, anti slip firm grip and suitable for beginners. Ideal choice for customers looking for a reliable gym gloves in the sports & fitness category at around 1560 rupees.
1929,SG Treadmill Neo 590,SG,Sports & Fitness,Treadmill,26997,This treadmill from SG is a budget friendly option designed for daily use. It offers ideal for home workout, suitable for beginners and anti slip firm grip. Ideal choice for customers looking for a reliable treadmill in the sports & fitness category at around 26997 rupees.
1930,Nivia Dumbbell Set Ultra 597,Nivia,Sports & Fitness,Dumbbell Set,11759,This dumbbell set from Nivia is a premium quality product designed for daily use. It offers anti slip firm grip, strong shock absorption and improves stamina and endurance. Ideal choice for customers looking for a reliable dumbbell set in the sports & fitness category at around 11759 rupees.
1931,Decathlon Yoga Mat Edge 604,Decathlon,Sports & Fitness,Yoga Mat,1850,This yoga mat from Decathlon is a mid range value for money pick designed for daily use. It offers adjustable weight settings, ideal for home workout and professional tournament quality. Ideal choice for customers looking for a reliable yoga mat in the sports & fitness category at around 1850 rupees.
1932,Adidas Cricket Bat Classic 611,Adidas,Sports & Fitness,Cricket Bat,6839,This cricket bat from Adidas is a entry level basic model designed for daily use. It offers sweat resistant material, sweat resistant material and adjustable weight settings. Ideal choice for customers looking for a reliable cricket bat in the sports & fitness category at around 6839 rupees.
1933,Powermax Football Edge 618,Powermax,Sports & Fitness,Football,2520,This football from Powermax is a professional grade performance designed for daily use. It offers suitable for beginners, lightweight and easy to carry and compact foldable storage. Ideal choice for customers looking for a reliable football in the sports & fitness category at around 2520 rupees.
1934,Yonex Badminton Racket Air 625,Yonex,Sports & Fitness,Badminton Racket,3900,This badminton racket from Yonex is a budget friendly option designed for daily use. It offers professional tournament quality, compact foldable storage and lightweight and easy to carry. Ideal choice for customers looking for a reliable badminton racket in the sports & fitness category at around 3900 rupees.
1935,Nike Cycling Helmet Zen 632,Nike,Sports & Fitness,Cycling Helmet,5589,This cycling helmet from Nike is a premium quality product designed for daily use. It offers lightweight and easy to carry, adjustable weight settings and sweat resistant material. Ideal choice for customers looking for a reliable cycling helmet in the sports & fitness category at around 5589 rupees.
1936,Boldfit Skipping Rope Pro 639,Boldfit,Sports & Fitness,Skipping Rope,1690,This skipping rope from Boldfit is a mid range value for money pick designed for daily use. It offers strong shock absorption, professional tournament quality and ideal for home workout. Ideal choice for customers looking for a reliable skipping rope in the sports & fitness category at around 1690 rupees.
1937,Cosco Resistance Band Pro 646,Cosco,Sports & Fitness,Resistance Band,60,This resistance band from Cosco is a entry level basic model designed for daily use. It offers improves stamina and endurance, improves stamina and endurance and strong shock absorption. Ideal choice for customers looking for a reliable resistance band in the sports & fitness category at around 60 rupees.
1938,Reebok Gym Gloves Elite 653,Reebok,Sports & Fitness,Gym Gloves,1720,This gym gloves from Reebok is a professional grade performance designed for daily use. It offers compact foldable storage, anti slip firm grip and suitable for beginners. Ideal choice for customers looking for a reliable gym gloves in the sports & fitness category at around 1720 rupees.
1939,Boldfit Treadmill Zen 660,Boldfit,Sports & Fitness,Treadmill,12597,This treadmill from Boldfit is a budget friendly option designed for daily use. It offers ideal for home workout, suitable for beginners and anti slip firm grip. Ideal choice for customers looking for a reliable treadmill in the sports & fitness category at around 12597 rupees.
1940,Cosco Dumbbell Set Nova 667,Cosco,Sports & Fitness,Dumbbell Set,1199,This dumbbell set from Cosco is a premium quality product designed for daily use. It offers anti slip firm grip, strong shock absorption and improves stamina and endurance. Ideal choice for customers looking for a reliable dumbbell set in the sports & fitness category at around 1199 rupees.
1941,Reebok Yoga Mat Zen 674,Reebok,Sports & Fitness,Yoga Mat,1450,This yoga mat from Reebok is a mid range value for money pick designed for daily use. It offers adjustable weight settings, ideal for home workout and professional tournament quality. Ideal choice for customers looking for a reliable yoga mat in the sports & fitness category at around 1450 rupees.
1942,SG Cricket Bat Classic 681,SG,Sports & Fitness,Cricket Bat,3719,This cricket bat from SG is a entry level basic model designed for daily use. It offers sweat resistant material, sweat resistant material and adjustable weight settings. Ideal choice for customers looking for a reliable cricket bat in the sports & fitness category at around 3719 rupees.
1943,Nivia Football Zen 688,Nivia,Sports & Fitness,Football,5432,This football from Nivia is a professional grade performance designed for daily use. It offers suitable for beginners, lightweight and easy to carry and compact foldable storage. Ideal choice for customers looking for a reliable football in the sports & fitness category at around 5432 rupees.
1944,Decathlon Badminton Racket Core 695,Decathlon,Sports & Fitness,Badminton Racket,7100,This badminton racket from Decathlon is a budget friendly option designed for daily use. It offers professional tournament quality, compact foldable storage and lightweight and easy to carry. Ideal choice for customers looking for a reliable badminton racket in the sports & fitness category at around 7100 rupees.
1945,Adidas Cycling Helmet Lite 702,Adidas,Sports & Fitness,Cycling Helmet,5069,This cycling helmet from Adidas is a premium quality product designed for daily use. It offers lightweight and easy to carry, adjustable weight settings and sweat resistant material. Ideal choice for customers looking for a reliable cycling helmet in the sports & fitness category at around 5069 rupees.
1946,Powermax Skipping Rope Nova 709,Powermax,Sports & Fitness,Skipping Rope,390,This skipping rope from Powermax is a mid range value for money pick designed for daily use. It offers strong shock absorption, professional tournament quality and ideal for home workout. Ideal choice for customers looking for a reliable skipping rope in the sports & fitness category at around 390 rupees.
1947,Yonex Resistance Band Elite 716,Yonex,Sports & Fitness,Resistance Band,2580,This resistance band from Yonex is a entry level basic model designed for daily use. It offers improves stamina and endurance, improves stamina and endurance and strong shock absorption. Ideal choice for customers looking for a reliable resistance band in the sports & fitness category at around 2580 rupees.
1948,Nike Gym Gloves Sport 723,Nike,Sports & Fitness,Gym Gloves,1240,This gym gloves from Nike is a professional grade performance designed for daily use. It offers compact foldable storage, anti slip firm grip and suitable for beginners. Ideal choice for customers looking for a reliable gym gloves in the sports & fitness category at around 1240 rupees.
1949,Powermax Treadmill Classic 730,Powermax,Sports & Fitness,Treadmill,22197,This treadmill from Powermax is a budget friendly option designed for daily use. It offers ideal for home workout, suitable for beginners and anti slip firm grip. Ideal choice for customers looking for a reliable treadmill in the sports & fitness category at around 22197 rupees.
1950,Yonex Dumbbell Set Ultra 737,Yonex,Sports & Fitness,Dumbbell Set,23759,This dumbbell set from Yonex is a premium quality product designed for daily use. It offers anti slip firm grip, strong shock absorption and improves stamina and endurance. Ideal choice for customers looking for a reliable dumbbell set in the sports & fitness category at around 23759 rupees.
1951,Nike Yoga Mat Ultra 744,Nike,Sports & Fitness,Yoga Mat,3750,This yoga mat from Nike is a mid range value for money pick designed for daily use. It offers adjustable weight settings, ideal for home workout and professional tournament quality. Ideal choice for customers looking for a reliable yoga mat in the sports & fitness category at around 3750 rupees.
1952,Boldfit Cricket Bat Sport 751,Boldfit,Sports & Fitness,Cricket Bat,599,This cricket bat from Boldfit is a entry level basic model designed for daily use. It offers sweat resistant material, sweat resistant material and adjustable weight settings. Ideal choice for customers looking for a reliable cricket bat in the sports & fitness category at around 599 rupees.
1953,Cosco Football Lite 758,Cosco,Sports & Fitness,Football,3864,This football from Cosco is a professional grade performance designed for daily use. It offers suitable for beginners, lightweight and easy to carry and compact foldable storage. Ideal choice for customers looking for a reliable football in the sports & fitness category at around 3864 rupees.
1954,Reebok Badminton Racket Zen 765,Reebok,Sports & Fitness,Badminton Racket,4100,This badminton racket from Reebok is a budget friendly option designed for daily use. It offers professional tournament quality, compact foldable storage and lightweight and easy to carry. Ideal choice for customers looking for a reliable badminton racket in the sports & fitness category at around 4100 rupees.
1955,SG Cycling Helmet Sport 772,SG,Sports & Fitness,Cycling Helmet,4809,This cycling helmet from SG is a premium quality product designed for daily use. It offers lightweight and easy to carry, adjustable weight settings and sweat resistant material. Ideal choice for customers looking for a reliable cycling helmet in the sports & fitness category at around 4809 rupees.
1956,Nivia Skipping Rope Classic 779,Nivia,Sports & Fitness,Skipping Rope,598,This skipping rope from Nivia is a mid range value for money pick designed for daily use. It offers strong shock absorption, professional tournament quality and ideal for home workout. Ideal choice for customers looking for a reliable skipping rope in the sports & fitness category at around 598 rupees.
1957,Decathlon Resistance Band Zen 786,Decathlon,Sports & Fitness,Resistance Band,5340,This resistance band from Decathlon is a entry level basic model designed for daily use. It offers improves stamina and endurance, improves stamina and endurance and strong shock absorption. Ideal choice for customers looking for a reliable resistance band in the sports & fitness category at around 5340 rupees.
1958,Adidas Gym Gloves Max 793,Adidas,Sports & Fitness,Gym Gloves,2520,This gym gloves from Adidas is a professional grade performance designed for daily use. It offers compact foldable storage, anti slip firm grip and suitable for beginners. Ideal choice for customers looking for a reliable gym gloves in the sports & fitness category at around 2520 rupees.
1959,Nivia Treadmill Edge 800,Nivia,Sports & Fitness,Treadmill,52197,This treadmill from Nivia is a budget friendly option designed for daily use. It offers ideal for home workout, suitable for beginners and anti slip firm grip. Ideal choice for customers looking for a reliable treadmill in the sports & fitness category at around 52197 rupees.
1960,Decathlon Dumbbell Set Plus 807,Decathlon,Sports & Fitness,Dumbbell Set,4079,This dumbbell set from Decathlon is a premium quality product designed for daily use. It offers anti slip firm grip, strong shock absorption and improves stamina and endurance. Ideal choice for customers looking for a reliable dumbbell set in the sports & fitness category at around 4079 rupees.
1961,Adidas Yoga Mat Zen 814,Adidas,Sports & Fitness,Yoga Mat,3850,This yoga mat from Adidas is a mid range value for money pick designed for daily use. It offers adjustable weight settings, ideal for home workout and professional tournament quality. Ideal choice for customers looking for a reliable yoga mat in the sports & fitness category at around 3850 rupees.
1962,Powermax Cricket Bat Max 821,Powermax,Sports & Fitness,Cricket Bat,1799,This cricket bat from Powermax is a entry level basic model designed for daily use. It offers sweat resistant material, sweat resistant material and adjustable weight settings. Ideal choice for customers looking for a reliable cricket bat in the sports & fitness category at around 1799 rupees.
1963,Yonex Football Plus 828,Yonex,Sports & Fitness,Football,3752,This football from Yonex is a professional grade performance designed for daily use. It offers suitable for beginners, lightweight and easy to carry and compact foldable storage. Ideal choice for customers looking for a reliable football in the sports & fitness category at around 3752 rupees.
1964,Nike Badminton Racket Air 835,Nike,Sports & Fitness,Badminton Racket,3500,This badminton racket from Nike is a budget friendly option designed for daily use. It offers professional tournament quality, compact foldable storage and lightweight and easy to carry. Ideal choice for customers looking for a reliable badminton racket in the sports & fitness category at around 3500 rupees.
1965,Boldfit Cycling Helmet Nova 842,Boldfit,Sports & Fitness,Cycling Helmet,10789,This cycling helmet from Boldfit is a premium quality product designed for daily use. It offers lightweight and easy to carry, adjustable weight settings and sweat resistant material. Ideal choice for customers looking for a reliable cycling helmet in the sports & fitness category at around 10789 rupees.
1966,Cosco Skipping Rope Zen 849,Cosco,Sports & Fitness,Skipping Rope,2366,This skipping rope from Cosco is a mid range value for money pick designed for daily use. It offers strong shock absorption, professional tournament quality and ideal for home workout. Ideal choice for customers looking for a reliable skipping rope in the sports & fitness category at around 2366 rupees.
1967,Reebok Resistance Band Plus 856,Reebok,Sports & Fitness,Resistance Band,3660,This resistance band from Reebok is a entry level basic model designed for daily use. It offers improves stamina and endurance, improves stamina and endurance and strong shock absorption. Ideal choice for customers looking for a reliable resistance band in the sports & fitness category at around 3660 rupees.
1968,SG Gym Gloves Edge 863,SG,Sports & Fitness,Gym Gloves,840,This gym gloves from SG is a professional grade performance designed for daily use. It offers compact foldable storage, anti slip firm grip and suitable for beginners. Ideal choice for customers looking for a reliable gym gloves in the sports & fitness category at around 840 rupees.
1969,Cosco Treadmill Prime 870,Cosco,Sports & Fitness,Treadmill,7797,This treadmill from Cosco is a budget friendly option designed for daily use. It offers ideal for home workout, suitable for beginners and anti slip firm grip. Ideal choice for customers looking for a reliable treadmill in the sports & fitness category at around 7797 rupees.
1970,Reebok Dumbbell Set Pro 877,Reebok,Sports & Fitness,Dumbbell Set,17519,This dumbbell set from Reebok is a premium quality product designed for daily use. It offers anti slip firm grip, strong shock absorption and improves stamina and endurance. Ideal choice for customers looking for a reliable dumbbell set in the sports & fitness category at around 17519 rupees.
1971,SG Yoga Mat Lite 884,SG,Sports & Fitness,Yoga Mat,4250,This yoga mat from SG is a mid range value for money pick designed for daily use. It offers adjustable weight settings, ideal for home workout and professional tournament quality. Ideal choice for customers looking for a reliable yoga mat in the sports & fitness category at around 4250 rupees.
1972,Nivia Cricket Bat Plus 891,Nivia,Sports & Fitness,Cricket Bat,3959,This cricket bat from Nivia is a entry level basic model designed for daily use. It offers sweat resistant material, sweat resistant material and adjustable weight settings. Ideal choice for customers looking for a reliable cricket bat in the sports & fitness category at around 3959 rupees.
1973,Decathlon Football Zen 898,Decathlon,Sports & Fitness,Football,4088,This football from Decathlon is a professional grade performance designed for daily use. It offers suitable for beginners, lightweight and easy to carry and compact foldable storage. Ideal choice for customers looking for a reliable football in the sports & fitness category at around 4088 rupees.
1974,Adidas Badminton Racket Prime 905,Adidas,Sports & Fitness,Badminton Racket,6300,This badminton racket from Adidas is a budget friendly option designed for daily use. It offers professional tournament quality, compact foldable storage and lightweight and easy to carry. Ideal choice for customers looking for a reliable badminton racket in the sports & fitness category at around 6300 rupees.
1975,Powermax Cycling Helmet Air 912,Powermax,Sports & Fitness,Cycling Helmet,12869,This cycling helmet from Powermax is a premium quality product designed for daily use. It offers lightweight and easy to carry, adjustable weight settings and sweat resistant material. Ideal choice for customers looking for a reliable cycling helmet in the sports & fitness category at around 12869 rupees.
1976,Yonex Skipping Rope Zen 919,Yonex,Sports & Fitness,Skipping Rope,1898,This skipping rope from Yonex is a mid range value for money pick designed for daily use. It offers strong shock absorption, professional tournament quality and ideal for home workout. Ideal choice for customers looking for a reliable skipping rope in the sports & fitness category at around 1898 rupees.
1977,Nike Resistance Band Sport 926,Nike,Sports & Fitness,Resistance Band,5100,This resistance band from Nike is a entry level basic model designed for daily use. It offers improves stamina and endurance, improves stamina and endurance and strong shock absorption. Ideal choice for customers looking for a reliable resistance band in the sports & fitness category at around 5100 rupees.
1978,Boldfit Gym Gloves Ultra 933,Boldfit,Sports & Fitness,Gym Gloves,40,This gym gloves from Boldfit is a professional grade performance designed for daily use. It offers compact foldable storage, anti slip firm grip and suitable for beginners. Ideal choice for customers looking for a reliable gym gloves in the sports & fitness category at around 40 rupees.
1979,Yonex Treadmill Elite 940,Yonex,Sports & Fitness,Treadmill,44997,This treadmill from Yonex is a budget friendly option designed for daily use. It offers ideal for home workout, suitable for beginners and anti slip firm grip. Ideal choice for customers looking for a reliable treadmill in the sports & fitness category at around 44997 rupees.
1980,Nike Dumbbell Set Ultra 947,Nike,Sports & Fitness,Dumbbell Set,14639,This dumbbell set from Nike is a premium quality product designed for daily use. It offers anti slip firm grip, strong shock absorption and improves stamina and endurance. Ideal choice for customers looking for a reliable dumbbell set in the sports & fitness category at around 14639 rupees.
1981,Boldfit Yoga Mat Elite 954,Boldfit,Sports & Fitness,Yoga Mat,2850,This yoga mat from Boldfit is a mid range value for money pick designed for daily use. It offers adjustable weight settings, ideal for home workout and professional tournament quality. Ideal choice for customers looking for a reliable yoga mat in the sports & fitness category at around 2850 rupees.
1982,Cosco Cricket Bat Neo 961,Cosco,Sports & Fitness,Cricket Bat,8759,This cricket bat from Cosco is a entry level basic model designed for daily use. It offers sweat resistant material, sweat resistant material and adjustable weight settings. Ideal choice for customers looking for a reliable cricket bat in the sports & fitness category at around 8759 rupees.
1983,Reebok Football Pro 968,Reebok,Sports & Fitness,Football,4312,This football from Reebok is a professional grade performance designed for daily use. It offers suitable for beginners, lightweight and easy to carry and compact foldable storage. Ideal choice for customers looking for a reliable football in the sports & fitness category at around 4312 rupees.
1984,SG Badminton Racket Ultra 975,SG,Sports & Fitness,Badminton Racket,4700,This badminton racket from SG is a budget friendly option designed for daily use. It offers professional tournament quality, compact foldable storage and lightweight and easy to carry. Ideal choice for customers looking for a reliable badminton racket in the sports & fitness category at around 4700 rupees.
1985,Nivia Cycling Helmet Core 982,Nivia,Sports & Fitness,Cycling Helmet,4289,This cycling helmet from Nivia is a premium quality product designed for daily use. It offers lightweight and easy to carry, adjustable weight settings and sweat resistant material. Ideal choice for customers looking for a reliable cycling helmet in the sports & fitness category at around 4289 rupees.
1986,Decathlon Skipping Rope Nova 989,Decathlon,Sports & Fitness,Skipping Rope,1638,This skipping rope from Decathlon is a mid range value for money pick designed for daily use. It offers strong shock absorption, professional tournament quality and ideal for home workout. Ideal choice for customers looking for a reliable skipping rope in the sports & fitness category at around 1638 rupees.
1987,Adidas Resistance Band Plus 996,Adidas,Sports & Fitness,Resistance Band,900,This resistance band from Adidas is a entry level basic model designed for daily use. It offers improves stamina and endurance, improves stamina and endurance and strong shock absorption. Ideal choice for customers looking for a reliable resistance band in the sports & fitness category at around 900 rupees.
1988,Powermax Gym Gloves Edge 103,Powermax,Sports & Fitness,Gym Gloves,1400,This gym gloves from Powermax is a professional grade performance designed for daily use. It offers compact foldable storage, anti slip firm grip and suitable for beginners. Ideal choice for customers looking for a reliable gym gloves in the sports & fitness category at around 1400 rupees.
1989,Decathlon Treadmill Ultra 110,Decathlon,Sports & Fitness,Treadmill,31797,This treadmill from Decathlon is a budget friendly option designed for daily use. It offers ideal for home workout, suitable for beginners and anti slip firm grip. Ideal choice for customers looking for a reliable treadmill in the sports & fitness category at around 31797 rupees.
1990,Adidas Dumbbell Set Sport 117,Adidas,Sports & Fitness,Dumbbell Set,11759,This dumbbell set from Adidas is a premium quality product designed for daily use. It offers anti slip firm grip, strong shock absorption and improves stamina and endurance. Ideal choice for customers looking for a reliable dumbbell set in the sports & fitness category at around 11759 rupees.
1991,Powermax Yoga Mat Edge 124,Powermax,Sports & Fitness,Yoga Mat,3050,This yoga mat from Powermax is a mid range value for money pick designed for daily use. It offers adjustable weight settings, ideal for home workout and professional tournament quality. Ideal choice for customers looking for a reliable yoga mat in the sports & fitness category at around 3050 rupees.
1992,Yonex Cricket Bat Edge 131,Yonex,Sports & Fitness,Cricket Bat,3719,This cricket bat from Yonex is a entry level basic model designed for daily use. It offers sweat resistant material, sweat resistant material and adjustable weight settings. Ideal choice for customers looking for a reliable cricket bat in the sports & fitness category at around 3719 rupees.
1993,Nike Football Pro 138,Nike,Sports & Fitness,Football,1848,This football from Nike is a professional grade performance designed for daily use. It offers suitable for beginners, lightweight and easy to carry and compact foldable storage. Ideal choice for customers looking for a reliable football in the sports & fitness category at around 1848 rupees.
1994,Boldfit Badminton Racket Prime 145,Boldfit,Sports & Fitness,Badminton Racket,3700,This badminton racket from Boldfit is a budget friendly option designed for daily use. It offers professional tournament quality, compact foldable storage and lightweight and easy to carry. Ideal choice for customers looking for a reliable badminton racket in the sports & fitness category at around 3700 rupees.
1995,Cosco Cycling Helmet Air 152,Cosco,Sports & Fitness,Cycling Helmet,3249,This cycling helmet from Cosco is a premium quality product designed for daily use. It offers lightweight and easy to carry, adjustable weight settings and sweat resistant material. Ideal choice for customers looking for a reliable cycling helmet in the sports & fitness category at around 3249 rupees.
1996,Reebok Skipping Rope Core 159,Reebok,Sports & Fitness,Skipping Rope,2470,This skipping rope from Reebok is a mid range value for money pick designed for daily use. It offers strong shock absorption, professional tournament quality and ideal for home workout. Ideal choice for customers looking for a reliable skipping rope in the sports & fitness category at around 2470 rupees.
1997,SG Resistance Band Nova 166,SG,Sports & Fitness,Resistance Band,4140,This resistance band from SG is a entry level basic model designed for daily use. It offers improves stamina and endurance, improves stamina and endurance and strong shock absorption. Ideal choice for customers looking for a reliable resistance band in the sports & fitness category at around 4140 rupees.
1998,Nivia Gym Gloves Lite 173,Nivia,Sports & Fitness,Gym Gloves,3720,This gym gloves from Nivia is a professional grade performance designed for daily use. It offers compact foldable storage, anti slip firm grip and suitable for beginners. Ideal choice for customers looking for a reliable gym gloves in the sports & fitness category at around 3720 rupees.
1999,Reebok Treadmill Nova 180,Reebok,Sports & Fitness,Treadmill,43797,This treadmill from Reebok is a budget friendly option designed for daily use. It offers ideal for home workout, suitable for beginners and anti slip firm grip. Ideal choice for customers looking for a reliable treadmill in the sports & fitness category at around 43797 rupees.
2000,SG Dumbbell Set Ultra 187,SG,Sports & Fitness,Dumbbell Set,14159,This dumbbell set from SG is a premium quality product designed for daily use. It offers anti slip firm grip, strong shock absorption and improves stamina and endurance. Ideal choice for customers looking for a reliable dumbbell set in the sports & fitness category at around 14159 rupees.
2001,Nivia Yoga Mat Edge 194,Nivia,Sports & Fitness,Yoga Mat,1050,This yoga mat from Nivia is a mid range value for money pick designed for daily use. It offers adjustable weight settings, ideal for home workout and professional tournament quality. Ideal choice for customers looking for a reliable yoga mat in the sports & fitness category at around 1050 rupees.
2002,Classmate Notebook Edge 100,Classmate,Books & Stationery,Notebook,315,This notebook from Classmate is a budget friendly option designed for daily use. It offers high quality smooth paper, perfect for students and office use and useful for competitive exam preparation. Ideal choice for customers looking for a reliable notebook in the books & stationery category at around 315 rupees.
2003,Faber Castell Fiction Novel Air 107,Faber Castell,Books & Stationery,Fiction Novel,365,This fiction novel from Faber Castell is a premium quality product designed for daily use. It offers useful for competitive exam preparation, bestselling engaging story and ruled pages for neat notes. Ideal choice for customers looking for a reliable fiction novel in the books & stationery category at around 365 rupees.
2004,Arihant Exam Guide Nova 114,Arihant,Books & Stationery,Exam Guide,487,This exam guide from Arihant is a mid range value for money pick designed for daily use. It offers smudge free smooth writing, high quality smooth paper and includes solved practice questions. Ideal choice for customers looking for a reliable exam guide in the books & stationery category at around 487 rupees.
2005,Luxor Gel Pen Set Edge 121,Luxor,Books & Stationery,Gel Pen Set,248,This gel pen set from Luxor is a entry level basic model designed for daily use. It offers hardbound long lasting cover, hardbound long lasting cover and smudge free smooth writing. Ideal choice for customers looking for a reliable gel pen set in the books & stationery category at around 248 rupees.
2006,Navneet Sketch Book Lite 128,Navneet,Books & Stationery,Sketch Book,324,This sketch book from Navneet is a professional grade performance designed for daily use. It offers perfect for students and office use, eco friendly recycled paper and value pack for whole year. Ideal choice for customers looking for a reliable sketch book in the books & stationery category at around 324 rupees.
2007,Penguin Diary Core 135,Penguin,Books & Stationery,Diary,73,This diary from Penguin is a budget friendly option designed for daily use. It offers includes solved practice questions, value pack for whole year and eco friendly recycled paper. Ideal choice for customers looking for a reliable diary in the books & stationery category at around 73 rupees.
2008,Parker Highlighter Set Nova 142,Parker,Books & Stationery,Highlighter Set,219,This highlighter set from Parker is a premium quality product designed for daily use. It offers eco friendly recycled paper, smudge free smooth writing and hardbound long lasting cover. Ideal choice for customers looking for a reliable highlighter set in the books & stationery category at around 219 rupees.
2009,Camlin Textbook Ultra 149,Camlin,Books & Stationery,Textbook,1019,This textbook from Camlin is a mid range value for money pick designed for daily use. It offers bestselling engaging story, includes solved practice questions and high quality smooth paper. Ideal choice for customers looking for a reliable textbook in the books & stationery category at around 1019 rupees.
2010,Oxford Geometry Box Pro 156,Oxford,Books & Stationery,Geometry Box,311,This geometry box from Oxford is a entry level basic model designed for daily use. It offers ruled pages for neat notes, ruled pages for neat notes and bestselling engaging story. Ideal choice for customers looking for a reliable geometry box in the books & stationery category at around 311 rupees.
2011,Doms Sticky Notes Nova 163,Doms,Books & Stationery,Sticky Notes,64,This sticky notes from Doms is a professional grade performance designed for daily use. It offers value pack for whole year, useful for competitive exam preparation and perfect for students and office use. Ideal choice for customers looking for a reliable sticky notes in the books & stationery category at around 64 rupees.
2012,Camlin Notebook Neo 170,Camlin,Books & Stationery,Notebook,39,This notebook from Camlin is a budget friendly option designed for daily use. It offers high quality smooth paper, perfect for students and office use and useful for competitive exam preparation. Ideal choice for customers looking for a reliable notebook in the books & stationery category at around 39 rupees.
2013,Oxford Fiction Novel Classic 177,Oxford,Books & Stationery,Fiction Novel,45,This fiction novel from Oxford is a premium quality product designed for daily use. It offers useful for competitive exam preparation, bestselling engaging story and ruled pages for neat notes. Ideal choice for customers looking for a reliable fiction novel in the books & stationery category at around 45 rupees.
2014,Doms Exam Guide Zen 184,Doms,Books & Stationery,Exam Guide,839,This exam guide from Doms is a mid range value for money pick designed for daily use. It offers smudge free smooth writing, high quality smooth paper and includes solved practice questions. Ideal choice for customers looking for a reliable exam guide in the books & stationery category at around 839 rupees.
2015,Classmate Gel Pen Set Neo 191,Classmate,Books & Stationery,Gel Pen Set,46,This gel pen set from Classmate is a entry level basic model designed for daily use. It offers hardbound long lasting cover, hardbound long lasting cover and smudge free smooth writing. Ideal choice for customers looking for a reliable gel pen set in the books & stationery category at around 46 rupees.
2016,Faber Castell Sketch Book Nova 198,Faber Castell,Books & Stationery,Sketch Book,39,This sketch book from Faber Castell is a professional grade performance designed for daily use. It offers perfect for students and office use, eco friendly recycled paper and value pack for whole year. Ideal choice for customers looking for a reliable sketch book in the books & stationery category at around 39 rupees.
2017,Arihant Diary Core 205,Arihant,Books & Stationery,Diary,129,This diary from Arihant is a budget friendly option designed for daily use. It offers includes solved practice questions, value pack for whole year and eco friendly recycled paper. Ideal choice for customers looking for a reliable diary in the books & stationery category at around 129 rupees.
2018,Luxor Highlighter Set Neo 212,Luxor,Books & Stationery,Highlighter Set,315,This highlighter set from Luxor is a premium quality product designed for daily use. It offers eco friendly recycled paper, smudge free smooth writing and hardbound long lasting cover. Ideal choice for customers looking for a reliable highlighter set in the books & stationery category at around 315 rupees.
2019,Navneet Textbook Nova 219,Navneet,Books & Stationery,Textbook,59,This textbook from Navneet is a mid range value for money pick designed for daily use. It offers bestselling engaging story, includes solved practice questions and high quality smooth paper. Ideal choice for customers looking for a reliable textbook in the books & stationery category at around 59 rupees.
2020,Penguin Geometry Box Prime 226,Penguin,Books & Stationery,Geometry Box,39,This geometry box from Penguin is a entry level basic model designed for daily use. It offers ruled pages for neat notes, ruled pages for neat notes and bestselling engaging story. Ideal choice for customers looking for a reliable geometry box in the books & stationery category at around 39 rupees.
2021,Parker Sticky Notes Core 233,Parker,Books & Stationery,Sticky Notes,39,This sticky notes from Parker is a professional grade performance designed for daily use. It offers value pack for whole year, useful for competitive exam preparation and perfect for students and office use. Ideal choice for customers looking for a reliable sticky notes in the books & stationery category at around 39 rupees.
2022,Navneet Notebook Prime 240,Navneet,Books & Stationery,Notebook,171,This notebook from Navneet is a budget friendly option designed for daily use. It offers high quality smooth paper, perfect for students and office use and useful for competitive exam preparation. Ideal choice for customers looking for a reliable notebook in the books & stationery category at around 171 rupees.
2023,Penguin Fiction Novel Elite 247,Penguin,Books & Stationery,Fiction Novel,365,This fiction novel from Penguin is a premium quality product designed for daily use. It offers useful for competitive exam preparation, bestselling engaging story and ruled pages for neat notes. Ideal choice for customers looking for a reliable fiction novel in the books & stationery category at around 365 rupees.
2024,Parker Exam Guide Air 254,Parker,Books & Stationery,Exam Guide,359,This exam guide from Parker is a mid range value for money pick designed for daily use. It offers smudge free smooth writing, high quality smooth paper and includes solved practice questions. Ideal choice for customers looking for a reliable exam guide in the books & stationery category at around 359 rupees.
2025,Camlin Gel Pen Set Elite 261,Camlin,Books & Stationery,Gel Pen Set,39,This gel pen set from Camlin is a entry level basic model designed for daily use. It offers hardbound long lasting cover, hardbound long lasting cover and smudge free smooth writing. Ideal choice for customers looking for a reliable gel pen set in the books & stationery category at around 39 rupees.
2026,Oxford Sketch Book Lite 268,Oxford,Books & Stationery,Sketch Book,340,This sketch book from Oxford is a professional grade performance designed for daily use. It offers perfect for students and office use, eco friendly recycled paper and value pack for whole year. Ideal choice for customers looking for a reliable sketch book in the books & stationery category at around 340 rupees.
2027,Doms Diary Zen 275,Doms,Books & Stationery,Diary,39,This diary from Doms is a budget friendly option designed for daily use. It offers includes solved practice questions, value pack for whole year and eco friendly recycled paper. Ideal choice for customers looking for a reliable diary in the books & stationery category at around 39 rupees.
2028,Classmate Highlighter Set Neo 282,Classmate,Books & Stationery,Highlighter Set,51,This highlighter set from Classmate is a premium quality product designed for daily use. It offers eco friendly recycled paper, smudge free smooth writing and hardbound long lasting cover. Ideal choice for customers looking for a reliable highlighter set in the books & stationery category at around 51 rupees.
2029,Faber Castell Textbook Max 289,Faber Castell,Books & Stationery,Textbook,635,This textbook from Faber Castell is a mid range value for money pick designed for daily use. It offers bestselling engaging story, includes solved practice questions and high quality smooth paper. Ideal choice for customers looking for a reliable textbook in the books & stationery category at around 635 rupees.
2030,Arihant Geometry Box Zen 296,Arihant,Books & Stationery,Geometry Box,297,This geometry box from Arihant is a entry level basic model designed for daily use. It offers ruled pages for neat notes, ruled pages for neat notes and bestselling engaging story. Ideal choice for customers looking for a reliable geometry box in the books & stationery category at around 297 rupees.
2031,Luxor Sticky Notes Air 303,Luxor,Books & Stationery,Sticky Notes,116,This sticky notes from Luxor is a professional grade performance designed for daily use. It offers value pack for whole year, useful for competitive exam preparation and perfect for students and office use. Ideal choice for customers looking for a reliable sticky notes in the books & stationery category at around 116 rupees.
2032,Faber Castell Notebook Core 310,Faber Castell,Books & Stationery,Notebook,75,This notebook from Faber Castell is a budget friendly option designed for daily use. It offers high quality smooth paper, perfect for students and office use and useful for competitive exam preparation. Ideal choice for customers looking for a reliable notebook in the books & stationery category at around 75 rupees.
2033,Arihant Fiction Novel Zen 317,Arihant,Books & Stationery,Fiction Novel,445,This fiction novel from Arihant is a premium quality product designed for daily use. It offers useful for competitive exam preparation, bestselling engaging story and ruled pages for neat notes. Ideal choice for customers looking for a reliable fiction novel in the books & stationery category at around 445 rupees.
2034,Luxor Exam Guide Zen 324,Luxor,Books & Stationery,Exam Guide,39,This exam guide from Luxor is a mid range value for money pick designed for daily use. It offers smudge free smooth writing, high quality smooth paper and includes solved practice questions. Ideal choice for customers looking for a reliable exam guide in the books & stationery category at around 39 rupees.
2035,Navneet Gel Pen Set Elite 331,Navneet,Books & Stationery,Gel Pen Set,152,This gel pen set from Navneet is a entry level basic model designed for daily use. It offers hardbound long lasting cover, hardbound long lasting cover and smudge free smooth writing. Ideal choice for customers looking for a reliable gel pen set in the books & stationery category at around 152 rupees.
2036,Penguin Sketch Book Zen 338,Penguin,Books & Stationery,Sketch Book,340,This sketch book from Penguin is a professional grade performance designed for daily use. It offers perfect for students and office use, eco friendly recycled paper and value pack for whole year. Ideal choice for customers looking for a reliable sketch book in the books & stationery category at around 340 rupees.
2037,Parker Diary Neo 345,Parker,Books & Stationery,Diary,157,This diary from Parker is a budget friendly option designed for daily use. It offers includes solved practice questions, value pack for whole year and eco friendly recycled paper. Ideal choice for customers looking for a reliable diary in the books & stationery category at around 157 rupees.
2038,Camlin Highlighter Set Ultra 352,Camlin,Books & Stationery,Highlighter Set,39,This highlighter set from Camlin is a premium quality product designed for daily use. It offers eco friendly recycled paper, smudge free smooth writing and hardbound long lasting cover. Ideal choice for customers looking for a reliable highlighter set in the books & stationery category at around 39 rupees.
2039,Oxford Textbook Edge 359,Oxford,Books & Stationery,Textbook,251,This textbook from Oxford is a mid range value for money pick designed for daily use. It offers bestselling engaging story, includes solved practice questions and high quality smooth paper. Ideal choice for customers looking for a reliable textbook in the books & stationery category at around 251 rupees.
2040,Doms Geometry Box Ultra 366,Doms,Books & Stationery,Geometry Box,199,This geometry box from Doms is a entry level basic model designed for daily use. It offers ruled pages for neat notes, ruled pages for neat notes and bestselling engaging story. Ideal choice for customers looking for a reliable geometry box in the books & stationery category at around 199 rupees.
2041,Classmate Sticky Notes Lite 373,Classmate,Books & Stationery,Sticky Notes,84,This sticky notes from Classmate is a professional grade performance designed for daily use. It offers value pack for whole year, useful for competitive exam preparation and perfect for students and office use. Ideal choice for customers looking for a reliable sticky notes in the books & stationery category at around 84 rupees.
2042,Oxford Notebook Ultra 380,Oxford,Books & Stationery,Notebook,159,This notebook from Oxford is a budget friendly option designed for daily use. It offers high quality smooth paper, perfect for students and office use and useful for competitive exam preparation. Ideal choice for customers looking for a reliable notebook in the books & stationery category at around 159 rupees.
2043,Doms Fiction Novel Pro 387,Doms,Books & Stationery,Fiction Novel,245,This fiction novel from Doms is a premium quality product designed for daily use. It offers useful for competitive exam preparation, bestselling engaging story and ruled pages for neat notes. Ideal choice for customers looking for a reliable fiction novel in the books & stationery category at around 245 rupees.
2044,Classmate Exam Guide Neo 394,Classmate,Books & Stationery,Exam Guide,647,This exam guide from Classmate is a mid range value for money pick designed for daily use. It offers smudge free smooth writing, high quality smooth paper and includes solved practice questions. Ideal choice for customers looking for a reliable exam guide in the books & stationery category at around 647 rupees.
2045,Faber Castell Gel Pen Set Prime 401,Faber Castell,Books & Stationery,Gel Pen Set,81,This gel pen set from Faber Castell is a entry level basic model designed for daily use. It offers hardbound long lasting cover, hardbound long lasting cover and smudge free smooth writing. Ideal choice for customers looking for a reliable gel pen set in the books & stationery category at around 81 rupees.
2046,Arihant Sketch Book Air 408,Arihant,Books & Stationery,Sketch Book,484,This sketch book from Arihant is a professional grade performance designed for daily use. It offers perfect for students and office use, eco friendly recycled paper and value pack for whole year. Ideal choice for customers looking for a reliable sketch book in the books & stationery category at around 484 rupees.
2047,Luxor Diary Pro 415,Luxor,Books & Stationery,Diary,227,This diary from Luxor is a budget friendly option designed for daily use. It offers includes solved practice questions, value pack for whole year and eco friendly recycled paper. Ideal choice for customers looking for a reliable diary in the books & stationery category at around 227 rupees.
2048,Navneet Highlighter Set Elite 422,Navneet,Books & Stationery,Highlighter Set,51,This highlighter set from Navneet is a premium quality product designed for daily use. It offers eco friendly recycled paper, smudge free smooth writing and hardbound long lasting cover. Ideal choice for customers looking for a reliable highlighter set in the books & stationery category at around 51 rupees.
2049,Penguin Textbook Pro 429,Penguin,Books & Stationery,Textbook,251,This textbook from Penguin is a mid range value for money pick designed for daily use. It offers bestselling engaging story, includes solved practice questions and high quality smooth paper. Ideal choice for customers looking for a reliable textbook in the books & stationery category at around 251 rupees.
2050,Parker Geometry Box Classic 436,Parker,Books & Stationery,Geometry Box,353,This geometry box from Parker is a entry level basic model designed for daily use. It offers ruled pages for neat notes, ruled pages for neat notes and bestselling engaging story. Ideal choice for customers looking for a reliable geometry box in the books & stationery category at around 353 rupees.
2051,Camlin Sticky Notes Prime 443,Camlin,Books & Stationery,Sticky Notes,39,This sticky notes from Camlin is a professional grade performance designed for daily use. It offers value pack for whole year, useful for competitive exam preparation and perfect for students and office use. Ideal choice for customers looking for a reliable sticky notes in the books & stationery category at around 39 rupees.
2052,Penguin Notebook Plus 450,Penguin,Books & Stationery,Notebook,351,This notebook from Penguin is a budget friendly option designed for daily use. It offers high quality smooth paper, perfect for students and office use and useful for competitive exam preparation. Ideal choice for customers looking for a reliable notebook in the books & stationery category at around 351 rupees.
2053,Parker Fiction Novel Air 457,Parker,Books & Stationery,Fiction Novel,425,This fiction novel from Parker is a premium quality product designed for daily use. It offers useful for competitive exam preparation, bestselling engaging story and ruled pages for neat notes. Ideal choice for customers looking for a reliable fiction novel in the books & stationery category at around 425 rupees.
2054,Camlin Exam Guide Max 464,Camlin,Books & Stationery,Exam Guide,903,This exam guide from Camlin is a mid range value for money pick designed for daily use. It offers smudge free smooth writing, high quality smooth paper and includes solved practice questions. Ideal choice for customers looking for a reliable exam guide in the books & stationery category at around 903 rupees.
2055,Oxford Gel Pen Set Lite 471,Oxford,Books & Stationery,Gel Pen Set,240,This gel pen set from Oxford is a entry level basic model designed for daily use. It offers hardbound long lasting cover, hardbound long lasting cover and smudge free smooth writing. Ideal choice for customers looking for a reliable gel pen set in the books & stationery category at around 240 rupees.
2056,Doms Sketch Book Plus 478,Doms,Books & Stationery,Sketch Book,308,This sketch book from Doms is a professional grade performance designed for daily use. It offers perfect for students and office use, eco friendly recycled paper and value pack for whole year. Ideal choice for customers looking for a reliable sketch book in the books & stationery category at around 308 rupees.
2057,Classmate Diary Plus 485,Classmate,Books & Stationery,Diary,269,This diary from Classmate is a budget friendly option designed for daily use. It offers includes solved practice questions, value pack for whole year and eco friendly recycled paper. Ideal choice for customers looking for a reliable diary in the books & stationery category at around 269 rupees.
2058,Faber Castell Highlighter Set Zen 492,Faber Castell,Books & Stationery,Highlighter Set,291,This highlighter set from Faber Castell is a premium quality product designed for daily use. It offers eco friendly recycled paper, smudge free smooth writing and hardbound long lasting cover. Ideal choice for customers looking for a reliable highlighter set in the books & stationery category at around 291 rupees.
2059,Arihant Textbook Plus 499,Arihant,Books & Stationery,Textbook,635,This textbook from Arihant is a mid range value for money pick designed for daily use. It offers bestselling engaging story, includes solved practice questions and high quality smooth paper. Ideal choice for customers looking for a reliable textbook in the books & stationery category at around 635 rupees.
2060,Luxor Geometry Box Lite 506,Luxor,Books & Stationery,Geometry Box,381,This geometry box from Luxor is a entry level basic model designed for daily use. It offers ruled pages for neat notes, ruled pages for neat notes and bestselling engaging story. Ideal choice for customers looking for a reliable geometry box in the books & stationery category at around 381 rupees.
2061,Navneet Sticky Notes Ultra 513,Navneet,Books & Stationery,Sticky Notes,74,This sticky notes from Navneet is a professional grade performance designed for daily use. It offers value pack for whole year, useful for competitive exam preparation and perfect for students and office use. Ideal choice for customers looking for a reliable sticky notes in the books & stationery category at around 74 rupees.
2062,Arihant Notebook Max 520,Arihant,Books & Stationery,Notebook,39,This notebook from Arihant is a budget friendly option designed for daily use. It offers high quality smooth paper, perfect for students and office use and useful for competitive exam preparation. Ideal choice for customers looking for a reliable notebook in the books & stationery category at around 39 rupees.
2063,Luxor Fiction Novel Sport 527,Luxor,Books & Stationery,Fiction Novel,485,This fiction novel from Luxor is a premium quality product designed for daily use. It offers useful for competitive exam preparation, bestselling engaging story and ruled pages for neat notes. Ideal choice for customers looking for a reliable fiction novel in the books & stationery category at around 485 rupees.
2064,Navneet Exam Guide Lite 534,Navneet,Books & Stationery,Exam Guide,807,This exam guide from Navneet is a mid range value for money pick designed for daily use. It offers smudge free smooth writing, high quality smooth paper and includes solved practice questions. Ideal choice for customers looking for a reliable exam guide in the books & stationery category at around 807 rupees.
2065,Penguin Gel Pen Set Neo 541,Penguin,Books & Stationery,Gel Pen Set,204,This gel pen set from Penguin is a entry level basic model designed for daily use. It offers hardbound long lasting cover, hardbound long lasting cover and smudge free smooth writing. Ideal choice for customers looking for a reliable gel pen set in the books & stationery category at around 204 rupees.
2066,Parker Sketch Book Sport 548,Parker,Books & Stationery,Sketch Book,164,This sketch book from Parker is a professional grade performance designed for daily use. It offers perfect for students and office use, eco friendly recycled paper and value pack for whole year. Ideal choice for customers looking for a reliable sketch book in the books & stationery category at around 164 rupees.
2067,Camlin Diary Pro 555,Camlin,Books & Stationery,Diary,185,This diary from Camlin is a budget friendly option designed for daily use. It offers includes solved practice questions, value pack for whole year and eco friendly recycled paper. Ideal choice for customers looking for a reliable diary in the books & stationery category at around 185 rupees.
2068,Oxford Highlighter Set Max 562,Oxford,Books & Stationery,Highlighter Set,291,This highlighter set from Oxford is a premium quality product designed for daily use. It offers eco friendly recycled paper, smudge free smooth writing and hardbound long lasting cover. Ideal choice for customers looking for a reliable highlighter set in the books & stationery category at around 291 rupees.
2069,Doms Textbook Sport 569,Doms,Books & Stationery,Textbook,923,This textbook from Doms is a mid range value for money pick designed for daily use. It offers bestselling engaging story, includes solved practice questions and high quality smooth paper. Ideal choice for customers looking for a reliable textbook in the books & stationery category at around 923 rupees.
2070,Classmate Geometry Box Elite 576,Classmate,Books & Stationery,Geometry Box,185,This geometry box from Classmate is a entry level basic model designed for daily use. It offers ruled pages for neat notes, ruled pages for neat notes and bestselling engaging story. Ideal choice for customers looking for a reliable geometry box in the books & stationery category at around 185 rupees.
2071,Faber Castell Sticky Notes Zen 583,Faber Castell,Books & Stationery,Sticky Notes,79,This sticky notes from Faber Castell is a professional grade performance designed for daily use. It offers value pack for whole year, useful for competitive exam preparation and perfect for students and office use. Ideal choice for customers looking for a reliable sticky notes in the books & stationery category at around 79 rupees.
2072,Doms Notebook Zen 590,Doms,Books & Stationery,Notebook,39,This notebook from Doms is a budget friendly option designed for daily use. It offers high quality smooth paper, perfect for students and office use and useful for competitive exam preparation. Ideal choice for customers looking for a reliable notebook in the books & stationery category at around 39 rupees.
2073,Classmate Fiction Novel Ultra 597,Classmate,Books & Stationery,Fiction Novel,605,This fiction novel from Classmate is a premium quality product designed for daily use. It offers useful for competitive exam preparation, bestselling engaging story and ruled pages for neat notes. Ideal choice for customers looking for a reliable fiction novel in the books & stationery category at around 605 rupees.
2074,Faber Castell Exam Guide Plus 604,Faber Castell,Books & Stationery,Exam Guide,167,This exam guide from Faber Castell is a mid range value for money pick designed for daily use. It offers smudge free smooth writing, high quality smooth paper and includes solved practice questions. Ideal choice for customers looking for a reliable exam guide in the books & stationery category at around 167 rupees.
2075,Arihant Gel Pen Set Max 611,Arihant,Books & Stationery,Gel Pen Set,125,This gel pen set from Arihant is a entry level basic model designed for daily use. It offers hardbound long lasting cover, hardbound long lasting cover and smudge free smooth writing. Ideal choice for customers looking for a reliable gel pen set in the books & stationery category at around 125 rupees.
2076,Luxor Sketch Book Neo 618,Luxor,Books & Stationery,Sketch Book,452,This sketch book from Luxor is a professional grade performance designed for daily use. It offers perfect for students and office use, eco friendly recycled paper and value pack for whole year. Ideal choice for customers looking for a reliable sketch book in the books & stationery category at around 452 rupees.
2077,Navneet Diary Sport 625,Navneet,Books & Stationery,Diary,241,This diary from Navneet is a budget friendly option designed for daily use. It offers includes solved practice questions, value pack for whole year and eco friendly recycled paper. Ideal choice for customers looking for a reliable diary in the books & stationery category at around 241 rupees.
2078,Penguin Highlighter Set Prime 632,Penguin,Books & Stationery,Highlighter Set,183,This highlighter set from Penguin is a premium quality product designed for daily use. It offers eco friendly recycled paper, smudge free smooth writing and hardbound long lasting cover. Ideal choice for customers looking for a reliable highlighter set in the books & stationery category at around 183 rupees.
2079,Parker Textbook Neo 639,Parker,Books & Stationery,Textbook,395,This textbook from Parker is a mid range value for money pick designed for daily use. It offers bestselling engaging story, includes solved practice questions and high quality smooth paper. Ideal choice for customers looking for a reliable textbook in the books & stationery category at around 395 rupees.
2080,Camlin Geometry Box Zen 646,Camlin,Books & Stationery,Geometry Box,367,This geometry box from Camlin is a entry level basic model designed for daily use. It offers ruled pages for neat notes, ruled pages for neat notes and bestselling engaging story. Ideal choice for customers looking for a reliable geometry box in the books & stationery category at around 367 rupees.
2081,Oxford Sticky Notes Nova 653,Oxford,Books & Stationery,Sticky Notes,116,This sticky notes from Oxford is a professional grade performance designed for daily use. It offers value pack for whole year, useful for competitive exam preparation and perfect for students and office use. Ideal choice for customers looking for a reliable sticky notes in the books & stationery category at around 116 rupees.
2082,Parker Notebook Nova 660,Parker,Books & Stationery,Notebook,351,This notebook from Parker is a budget friendly option designed for daily use. It offers high quality smooth paper, perfect for students and office use and useful for competitive exam preparation. Ideal choice for customers looking for a reliable notebook in the books & stationery category at around 351 rupees.
2083,Camlin Fiction Novel Sport 667,Camlin,Books & Stationery,Fiction Novel,545,This fiction novel from Camlin is a premium quality product designed for daily use. It offers useful for competitive exam preparation, bestselling engaging story and ruled pages for neat notes. Ideal choice for customers looking for a reliable fiction novel in the books & stationery category at around 545 rupees.
2084,Oxford Exam Guide Classic 674,Oxford,Books & Stationery,Exam Guide,167,This exam guide from Oxford is a mid range value for money pick designed for daily use. It offers smudge free smooth writing, high quality smooth paper and includes solved practice questions. Ideal choice for customers looking for a reliable exam guide in the books & stationery category at around 167 rupees.
2085,Doms Gel Pen Set Max 681,Doms,Books & Stationery,Gel Pen Set,196,This gel pen set from Doms is a entry level basic model designed for daily use. It offers hardbound long lasting cover, hardbound long lasting cover and smudge free smooth writing. Ideal choice for customers looking for a reliable gel pen set in the books & stationery category at around 196 rupees.
2086,Classmate Sketch Book Max 688,Classmate,Books & Stationery,Sketch Book,68,This sketch book from Classmate is a professional grade performance designed for daily use. It offers perfect for students and office use, eco friendly recycled paper and value pack for whole year. Ideal choice for customers looking for a reliable sketch book in the books & stationery category at around 68 rupees.
2087,Faber Castell Diary Pro 695,Faber Castell,Books & Stationery,Diary,227,This diary from Faber Castell is a budget friendly option designed for daily use. It offers includes solved practice questions, value pack for whole year and eco friendly recycled paper. Ideal choice for customers looking for a reliable diary in the books & stationery category at around 227 rupees.
2088,Arihant Highlighter Set Sport 702,Arihant,Books & Stationery,Highlighter Set,75,This highlighter set from Arihant is a premium quality product designed for daily use. It offers eco friendly recycled paper, smudge free smooth writing and hardbound long lasting cover. Ideal choice for customers looking for a reliable highlighter set in the books & stationery category at around 75 rupees.
2089,Luxor Textbook Pro 709,Luxor,Books & Stationery,Textbook,251,This textbook from Luxor is a mid range value for money pick designed for daily use. It offers bestselling engaging story, includes solved practice questions and high quality smooth paper. Ideal choice for customers looking for a reliable textbook in the books & stationery category at around 251 rupees.
2090,Navneet Geometry Box Sport 716,Navneet,Books & Stationery,Geometry Box,59,This geometry box from Navneet is a entry level basic model designed for daily use. It offers ruled pages for neat notes, ruled pages for neat notes and bestselling engaging story. Ideal choice for customers looking for a reliable geometry box in the books & stationery category at around 59 rupees.
2091,Penguin Sticky Notes Nova 723,Penguin,Books & Stationery,Sticky Notes,53,This sticky notes from Penguin is a professional grade performance designed for daily use. It offers value pack for whole year, useful for competitive exam preparation and perfect for students and office use. Ideal choice for customers looking for a reliable sticky notes in the books & stationery category at around 53 rupees.
2092,Luxor Notebook Ultra 730,Luxor,Books & Stationery,Notebook,111,This notebook from Luxor is a budget friendly option designed for daily use. It offers high quality smooth paper, perfect for students and office use and useful for competitive exam preparation. Ideal choice for customers looking for a reliable notebook in the books & stationery category at around 111 rupees.
2093,Navneet Fiction Novel Prime 737,Navneet,Books & Stationery,Fiction Novel,125,This fiction novel from Navneet is a premium quality product designed for daily use. It offers useful for competitive exam preparation, bestselling engaging story and ruled pages for neat notes. Ideal choice for customers looking for a reliable fiction novel in the books & stationery category at around 125 rupees.
2094,Penguin Exam Guide Zen 744,Penguin,Books & Stationery,Exam Guide,455,This exam guide from Penguin is a mid range value for money pick designed for daily use. It offers smudge free smooth writing, high quality smooth paper and includes solved practice questions. Ideal choice for customers looking for a reliable exam guide in the books & stationery category at around 455 rupees.
2095,Parker Gel Pen Set Nova 751,Parker,Books & Stationery,Gel Pen Set,222,This gel pen set from Parker is a entry level basic model designed for daily use. It offers hardbound long lasting cover, hardbound long lasting cover and smudge free smooth writing. Ideal choice for customers looking for a reliable gel pen set in the books & stationery category at around 222 rupees.
2096,Camlin Sketch Book Prime 758,Camlin,Books & Stationery,Sketch Book,180,This sketch book from Camlin is a professional grade performance designed for daily use. It offers perfect for students and office use, eco friendly recycled paper and value pack for whole year. Ideal choice for customers looking for a reliable sketch book in the books & stationery category at around 180 rupees.
2097,Oxford Diary Prime 765,Oxford,Books & Stationery,Diary,171,This diary from Oxford is a budget friendly option designed for daily use. It offers includes solved practice questions, value pack for whole year and eco friendly recycled paper. Ideal choice for customers looking for a reliable diary in the books & stationery category at around 171 rupees.
2098,Doms Highlighter Set Ultra 772,Doms,Books & Stationery,Highlighter Set,135,This highlighter set from Doms is a premium quality product designed for daily use. It offers eco friendly recycled paper, smudge free smooth writing and hardbound long lasting cover. Ideal choice for customers looking for a reliable highlighter set in the books & stationery category at around 135 rupees.
2099,Classmate Textbook Elite 779,Classmate,Books & Stationery,Textbook,203,This textbook from Classmate is a mid range value for money pick designed for daily use. It offers bestselling engaging story, includes solved practice questions and high quality smooth paper. Ideal choice for customers looking for a reliable textbook in the books & stationery category at around 203 rupees.
2100,Faber Castell Geometry Box Ultra 786,Faber Castell,Books & Stationery,Geometry Box,311,This geometry box from Faber Castell is a entry level basic model designed for daily use. It offers ruled pages for neat notes, ruled pages for neat notes and bestselling engaging story. Ideal choice for customers looking for a reliable geometry box in the books & stationery category at around 311 rupees.
2101,Arihant Sticky Notes Neo 793,Arihant,Books & Stationery,Sticky Notes,39,This sticky notes from Arihant is a professional grade performance designed for daily use. It offers value pack for whole year, useful for competitive exam preparation and perfect for students and office use. Ideal choice for customers looking for a reliable sticky notes in the books & stationery category at around 39 rupees.
2102,Classmate Notebook Core 800,Classmate,Books & Stationery,Notebook,363,This notebook from Classmate is a budget friendly option designed for daily use. It offers high quality smooth paper, perfect for students and office use and useful for competitive exam preparation. Ideal choice for customers looking for a reliable notebook in the books & stationery category at around 363 rupees.
2103,Faber Castell Fiction Novel Prime 807,Faber Castell,Books & Stationery,Fiction Novel,565,This fiction novel from Faber Castell is a premium quality product designed for daily use. It offers useful for competitive exam preparation, bestselling engaging story and ruled pages for neat notes. Ideal choice for customers looking for a reliable fiction novel in the books & stationery category at around 565 rupees.
2104,Arihant Exam Guide Ultra 814,Arihant,Books & Stationery,Exam Guide,391,This exam guide from Arihant is a mid range value for money pick designed for daily use. It offers smudge free smooth writing, high quality smooth paper and includes solved practice questions. Ideal choice for customers looking for a reliable exam guide in the books & stationery category at around 391 rupees.
2105,Luxor Gel Pen Set Classic 821,Luxor,Books & Stationery,Gel Pen Set,46,This gel pen set from Luxor is a entry level basic model designed for daily use. It offers hardbound long lasting cover, hardbound long lasting cover and smudge free smooth writing. Ideal choice for customers looking for a reliable gel pen set in the books & stationery category at around 46 rupees.
2106,Navneet Sketch Book Sport 828,Navneet,Books & Stationery,Sketch Book,260,This sketch book from Navneet is a professional grade performance designed for daily use. It offers perfect for students and office use, eco friendly recycled paper and value pack for whole year. Ideal choice for customers looking for a reliable sketch book in the books & stationery category at around 260 rupees.
2107,Penguin Diary Prime 835,Penguin,Books & Stationery,Diary,297,This diary from Penguin is a budget friendly option designed for daily use. It offers includes solved practice questions, value pack for whole year and eco friendly recycled paper. Ideal choice for customers looking for a reliable diary in the books & stationery category at around 297 rupees.
2108,Parker Highlighter Set Neo 842,Parker,Books & Stationery,Highlighter Set,159,This highlighter set from Parker is a premium quality product designed for daily use. It offers eco friendly recycled paper, smudge free smooth writing and hardbound long lasting cover. Ideal choice for customers looking for a reliable highlighter set in the books & stationery category at around 159 rupees.
2109,Camlin Textbook Sport 849,Camlin,Books & Stationery,Textbook,779,This textbook from Camlin is a mid range value for money pick designed for daily use. It offers bestselling engaging story, includes solved practice questions and high quality smooth paper. Ideal choice for customers looking for a reliable textbook in the books & stationery category at around 779 rupees.
2110,Oxford Geometry Box Classic 856,Oxford,Books & Stationery,Geometry Box,73,This geometry box from Oxford is a entry level basic model designed for daily use. It offers ruled pages for neat notes, ruled pages for neat notes and bestselling engaging story. Ideal choice for customers looking for a reliable geometry box in the books & stationery category at around 73 rupees.
2111,Doms Sticky Notes Elite 863,Doms,Books & Stationery,Sticky Notes,43,This sticky notes from Doms is a professional grade performance designed for daily use. It offers value pack for whole year, useful for competitive exam preparation and perfect for students and office use. Ideal choice for customers looking for a reliable sticky notes in the books & stationery category at around 43 rupees.
2112,Camlin Notebook Core 870,Camlin,Books & Stationery,Notebook,351,This notebook from Camlin is a budget friendly option designed for daily use. It offers high quality smooth paper, perfect for students and office use and useful for competitive exam preparation. Ideal choice for customers looking for a reliable notebook in the books & stationery category at around 351 rupees.
2113,Oxford Fiction Novel Classic 877,Oxford,Books & Stationery,Fiction Novel,405,This fiction novel from Oxford is a premium quality product designed for daily use. It offers useful for competitive exam preparation, bestselling engaging story and ruled pages for neat notes. Ideal choice for customers looking for a reliable fiction novel in the books & stationery category at around 405 rupees.
2114,Doms Exam Guide Air 884,Doms,Books & Stationery,Exam Guide,423,This exam guide from Doms is a mid range value for money pick designed for daily use. It offers smudge free smooth writing, high quality smooth paper and includes solved practice questions. Ideal choice for customers looking for a reliable exam guide in the books & stationery category at around 423 rupees.
2115,Classmate Gel Pen Set Elite 891,Classmate,Books & Stationery,Gel Pen Set,178,This gel pen set from Classmate is a entry level basic model designed for daily use. It offers hardbound long lasting cover, hardbound long lasting cover and smudge free smooth writing. Ideal choice for customers looking for a reliable gel pen set in the books & stationery category at around 178 rupees.
2116,Faber Castell Sketch Book Edge 898,Faber Castell,Books & Stationery,Sketch Book,68,This sketch book from Faber Castell is a professional grade performance designed for daily use. It offers perfect for students and office use, eco friendly recycled paper and value pack for whole year. Ideal choice for customers looking for a reliable sketch book in the books & stationery category at around 68 rupees.
2117,Arihant Diary Lite 905,Arihant,Books & Stationery,Diary,395,This diary from Arihant is a budget friendly option designed for daily use. It offers includes solved practice questions, value pack for whole year and eco friendly recycled paper. Ideal choice for customers looking for a reliable diary in the books & stationery category at around 395 rupees.
2118,Luxor Highlighter Set Classic 912,Luxor,Books & Stationery,Highlighter Set,147,This highlighter set from Luxor is a premium quality product designed for daily use. It offers eco friendly recycled paper, smudge free smooth writing and hardbound long lasting cover. Ideal choice for customers looking for a reliable highlighter set in the books & stationery category at around 147 rupees.
2119,Navneet Textbook Pro 919,Navneet,Books & Stationery,Textbook,203,This textbook from Navneet is a mid range value for money pick designed for daily use. It offers bestselling engaging story, includes solved practice questions and high quality smooth paper. Ideal choice for customers looking for a reliable textbook in the books & stationery category at around 203 rupees.
2120,Penguin Geometry Box Ultra 926,Penguin,Books & Stationery,Geometry Box,255,This geometry box from Penguin is a entry level basic model designed for daily use. It offers ruled pages for neat notes, ruled pages for neat notes and bestselling engaging story. Ideal choice for customers looking for a reliable geometry box in the books & stationery category at around 255 rupees.
2121,Parker Sticky Notes Pro 933,Parker,Books & Stationery,Sticky Notes,147,This sticky notes from Parker is a professional grade performance designed for daily use. It offers value pack for whole year, useful for competitive exam preparation and perfect for students and office use. Ideal choice for customers looking for a reliable sticky notes in the books & stationery category at around 147 rupees.
2122,Navneet Notebook Sport 940,Navneet,Books & Stationery,Notebook,195,This notebook from Navneet is a budget friendly option designed for daily use. It offers high quality smooth paper, perfect for students and office use and useful for competitive exam preparation. Ideal choice for customers looking for a reliable notebook in the books & stationery category at around 195 rupees.
2123,Penguin Fiction Novel Core 947,Penguin,Books & Stationery,Fiction Novel,85,This fiction novel from Penguin is a premium quality product designed for daily use. It offers useful for competitive exam preparation, bestselling engaging story and ruled pages for neat notes. Ideal choice for customers looking for a reliable fiction novel in the books & stationery category at around 85 rupees.
2124,Parker Exam Guide Sport 954,Parker,Books & Stationery,Exam Guide,103,This exam guide from Parker is a mid range value for money pick designed for daily use. It offers smudge free smooth writing, high quality smooth paper and includes solved practice questions. Ideal choice for customers looking for a reliable exam guide in the books & stationery category at around 103 rupees.
2125,Camlin Gel Pen Set Max 961,Camlin,Books & Stationery,Gel Pen Set,81,This gel pen set from Camlin is a entry level basic model designed for daily use. It offers hardbound long lasting cover, hardbound long lasting cover and smudge free smooth writing. Ideal choice for customers looking for a reliable gel pen set in the books & stationery category at around 81 rupees.
2126,Oxford Sketch Book Sport 968,Oxford,Books & Stationery,Sketch Book,116,This sketch book from Oxford is a professional grade performance designed for daily use. It offers perfect for students and office use, eco friendly recycled paper and value pack for whole year. Ideal choice for customers looking for a reliable sketch book in the books & stationery category at around 116 rupees.
2127,Doms Diary Nova 975,Doms,Books & Stationery,Diary,45,This diary from Doms is a budget friendly option designed for daily use. It offers includes solved practice questions, value pack for whole year and eco friendly recycled paper. Ideal choice for customers looking for a reliable diary in the books & stationery category at around 45 rupees.
2128,Classmate Highlighter Set Edge 982,Classmate,Books & Stationery,Highlighter Set,111,This highlighter set from Classmate is a premium quality product designed for daily use. It offers eco friendly recycled paper, smudge free smooth writing and hardbound long lasting cover. Ideal choice for customers looking for a reliable highlighter set in the books & stationery category at around 111 rupees.
2129,Faber Castell Textbook Ultra 989,Faber Castell,Books & Stationery,Textbook,1451,This textbook from Faber Castell is a mid range value for money pick designed for daily use. It offers bestselling engaging story, includes solved practice questions and high quality smooth paper. Ideal choice for customers looking for a reliable textbook in the books & stationery category at around 1451 rupees.
2130,Arihant Geometry Box Plus 996,Arihant,Books & Stationery,Geometry Box,129,This geometry box from Arihant is a entry level basic model designed for daily use. It offers ruled pages for neat notes, ruled pages for neat notes and bestselling engaging story. Ideal choice for customers looking for a reliable geometry box in the books & stationery category at around 129 rupees.
2131,Luxor Sticky Notes Edge 103,Luxor,Books & Stationery,Sticky Notes,157,This sticky notes from Luxor is a professional grade performance designed for daily use. It offers value pack for whole year, useful for competitive exam preparation and perfect for students and office use. Ideal choice for customers looking for a reliable sticky notes in the books & stationery category at around 157 rupees.
2132,Faber Castell Notebook Ultra 110,Faber Castell,Books & Stationery,Notebook,351,This notebook from Faber Castell is a budget friendly option designed for daily use. It offers high quality smooth paper, perfect for students and office use and useful for competitive exam preparation. Ideal choice for customers looking for a reliable notebook in the books & stationery category at around 351 rupees.
2133,Arihant Fiction Novel Air 117,Arihant,Books & Stationery,Fiction Novel,485,This fiction novel from Arihant is a premium quality product designed for daily use. It offers useful for competitive exam preparation, bestselling engaging story and ruled pages for neat notes. Ideal choice for customers looking for a reliable fiction novel in the books & stationery category at around 485 rupees.
2134,Luxor Exam Guide Edge 124,Luxor,Books & Stationery,Exam Guide,103,This exam guide from Luxor is a mid range value for money pick designed for daily use. It offers smudge free smooth writing, high quality smooth paper and includes solved practice questions. Ideal choice for customers looking for a reliable exam guide in the books & stationery category at around 103 rupees.
2135,Navneet Gel Pen Set Plus 131,Navneet,Books & Stationery,Gel Pen Set,152,This gel pen set from Navneet is a entry level basic model designed for daily use. It offers hardbound long lasting cover, hardbound long lasting cover and smudge free smooth writing. Ideal choice for customers looking for a reliable gel pen set in the books & stationery category at around 152 rupees.
2136,Penguin Sketch Book Sport 138,Penguin,Books & Stationery,Sketch Book,468,This sketch book from Penguin is a professional grade performance designed for daily use. It offers perfect for students and office use, eco friendly recycled paper and value pack for whole year. Ideal choice for customers looking for a reliable sketch book in the books & stationery category at around 468 rupees.
2137,Parker Diary Plus 145,Parker,Books & Stationery,Diary,185,This diary from Parker is a budget friendly option designed for daily use. It offers includes solved practice questions, value pack for whole year and eco friendly recycled paper. Ideal choice for customers looking for a reliable diary in the books & stationery category at around 185 rupees.
2138,Camlin Highlighter Set Plus 152,Camlin,Books & Stationery,Highlighter Set,99,This highlighter set from Camlin is a premium quality product designed for daily use. It offers eco friendly recycled paper, smudge free smooth writing and hardbound long lasting cover. Ideal choice for customers looking for a reliable highlighter set in the books & stationery category at around 99 rupees.
2139,Oxford Textbook Air 159,Oxford,Books & Stationery,Textbook,635,This textbook from Oxford is a mid range value for money pick designed for daily use. It offers bestselling engaging story, includes solved practice questions and high quality smooth paper. Ideal choice for customers looking for a reliable textbook in the books & stationery category at around 635 rupees.
2140,Doms Geometry Box Lite 166,Doms,Books & Stationery,Geometry Box,39,This geometry box from Doms is a entry level basic model designed for daily use. It offers ruled pages for neat notes, ruled pages for neat notes and bestselling engaging story. Ideal choice for customers looking for a reliable geometry box in the books & stationery category at around 39 rupees.
2141,Classmate Sticky Notes Pro 173,Classmate,Books & Stationery,Sticky Notes,48,This sticky notes from Classmate is a professional grade performance designed for daily use. It offers value pack for whole year, useful for competitive exam preparation and perfect for students and office use. Ideal choice for customers looking for a reliable sticky notes in the books & stationery category at around 48 rupees.
2142,Oxford Notebook Zen 180,Oxford,Books & Stationery,Notebook,63,This notebook from Oxford is a budget friendly option designed for daily use. It offers high quality smooth paper, perfect for students and office use and useful for competitive exam preparation. Ideal choice for customers looking for a reliable notebook in the books & stationery category at around 63 rupees.
2143,Doms Fiction Novel Edge 187,Doms,Books & Stationery,Fiction Novel,85,This fiction novel from Doms is a premium quality product designed for daily use. It offers useful for competitive exam preparation, bestselling engaging story and ruled pages for neat notes. Ideal choice for customers looking for a reliable fiction novel in the books & stationery category at around 85 rupees.
2144,Classmate Exam Guide Max 194,Classmate,Books & Stationery,Exam Guide,263,This exam guide from Classmate is a mid range value for money pick designed for daily use. It offers smudge free smooth writing, high quality smooth paper and includes solved practice questions. Ideal choice for customers looking for a reliable exam guide in the books & stationery category at around 263 rupees.
2145,Bosch Car Vacuum Pro 100,Bosch,Automotive,Car Vacuum,3814,This car vacuum from Bosch is a budget friendly option designed for daily use. It offers easy to install at home, universal fit for most vehicles and weather resistant protective cover. Ideal choice for customers looking for a reliable car vacuum in the automotive category at around 3814 rupees.
2146,Steelbird Bike Cover Prime 107,Steelbird,Automotive,Bike Cover,3600,This bike cover from Steelbird is a premium quality product designed for daily use. It offers weather resistant protective cover, scratch proof outer layer and compact storage in boot. Ideal choice for customers looking for a reliable bike cover in the automotive category at around 3600 rupees.
2147,Mobil Engine Oil Plus 114,Mobil,Automotive,Engine Oil,2069,This engine oil from Mobil is a mid range value for money pick designed for daily use. It offers improves engine performance, easy to install at home and certified safety standard. Ideal choice for customers looking for a reliable engine oil in the automotive category at around 2069 rupees.
2148,Exide Car Phone Holder Elite 121,Exide,Automotive,Car Phone Holder,2786,This car phone holder from Exide is a entry level basic model designed for daily use. It offers strong suction power, strong suction power and improves engine performance. Ideal choice for customers looking for a reliable car phone holder in the automotive category at around 2786 rupees.
2149,Castrol Tyre Inflator Plus 128,Castrol,Automotive,Tyre Inflator,7159,This tyre inflator from Castrol is a professional grade performance designed for daily use. It offers universal fit for most vehicles, reduces fuel consumption and long lasting durable build. Ideal choice for customers looking for a reliable tyre inflator in the automotive category at around 7159 rupees.
2150,Amaron Dash Camera Lite 135,Amaron,Automotive,Dash Camera,4829,This dash camera from Amaron is a budget friendly option designed for daily use. It offers certified safety standard, long lasting durable build and reduces fuel consumption. Ideal choice for customers looking for a reliable dash camera in the automotive category at around 4829 rupees.
2151,Vega Car Perfume Max 142,Vega,Automotive,Car Perfume,2079,This car perfume from Vega is a premium quality product designed for daily use. It offers reduces fuel consumption, improves engine performance and strong suction power. Ideal choice for customers looking for a reliable car perfume in the automotive category at around 2079 rupees.
2152,Michelin Helmet Ultra 149,Michelin,Automotive,Helmet,3779,This helmet from Michelin is a mid range value for money pick designed for daily use. It offers scratch proof outer layer, certified safety standard and easy to install at home. Ideal choice for customers looking for a reliable helmet in the automotive category at around 3779 rupees.
2153,Studds Seat Cover Elite 156,Studds,Automotive,Seat Cover,1869,This seat cover from Studds is a entry level basic model designed for daily use. It offers compact storage in boot, compact storage in boot and scratch proof outer layer. Ideal choice for customers looking for a reliable seat cover in the automotive category at around 1869 rupees.
2154,3M Jump Starter Zen 163,3M,Automotive,Jump Starter,9034,This jump starter from 3M is a professional grade performance designed for daily use. It offers long lasting durable build, weather resistant protective cover and universal fit for most vehicles. Ideal choice for customers looking for a reliable jump starter in the automotive category at around 9034 rupees.
2155,Michelin Car Vacuum Lite 170,Michelin,Automotive,Car Vacuum,5039,This car vacuum from Michelin is a budget friendly option designed for daily use. It offers easy to install at home, universal fit for most vehicles and weather resistant protective cover. Ideal choice for customers looking for a reliable car vacuum in the automotive category at around 5039 rupees.
2156,Studds Bike Cover Sport 177,Studds,Automotive,Bike Cover,2225,This bike cover from Studds is a premium quality product designed for daily use. It offers weather resistant protective cover, scratch proof outer layer and compact storage in boot. Ideal choice for customers looking for a reliable bike cover in the automotive category at around 2225 rupees.
2157,3M Engine Oil Edge 184,3M,Automotive,Engine Oil,4469,This engine oil from 3M is a mid range value for money pick designed for daily use. It offers improves engine performance, easy to install at home and certified safety standard. Ideal choice for customers looking for a reliable engine oil in the automotive category at around 4469 rupees.
2158,Bosch Car Phone Holder Max 191,Bosch,Automotive,Car Phone Holder,2576,This car phone holder from Bosch is a entry level basic model designed for daily use. It offers strong suction power, strong suction power and improves engine performance. Ideal choice for customers looking for a reliable car phone holder in the automotive category at around 2576 rupees.
2159,Steelbird Tyre Inflator Prime 198,Steelbird,Automotive,Tyre Inflator,4759,This tyre inflator from Steelbird is a professional grade performance designed for daily use. It offers universal fit for most vehicles, reduces fuel consumption and long lasting durable build. Ideal choice for customers looking for a reliable tyre inflator in the automotive category at around 4759 rupees.
2160,Mobil Dash Camera Classic 205,Mobil,Automotive,Dash Camera,10429,This dash camera from Mobil is a budget friendly option designed for daily use. It offers certified safety standard, long lasting durable build and reduces fuel consumption. Ideal choice for customers looking for a reliable dash camera in the automotive category at around 10429 rupees.
2161,Exide Car Perfume Zen 212,Exide,Automotive,Car Perfume,1034,This car perfume from Exide is a premium quality product designed for daily use. It offers reduces fuel consumption, improves engine performance and strong suction power. Ideal choice for customers looking for a reliable car perfume in the automotive category at around 1034 rupees.
2162,Castrol Helmet Plus 219,Castrol,Automotive,Helmet,1529,This helmet from Castrol is a mid range value for money pick designed for daily use. It offers scratch proof outer layer, certified safety standard and easy to install at home. Ideal choice for customers looking for a reliable helmet in the automotive category at around 1529 rupees.
2163,Amaron Seat Cover Plus 226,Amaron,Automotive,Seat Cover,1869,This seat cover from Amaron is a entry level basic model designed for daily use. It offers compact storage in boot, compact storage in boot and scratch proof outer layer. Ideal choice for customers looking for a reliable seat cover in the automotive category at around 1869 rupees.
2164,Vega Jump Starter Neo 233,Vega,Automotive,Jump Starter,7734,This jump starter from Vega is a professional grade performance designed for daily use. It offers long lasting durable build, weather resistant protective cover and universal fit for most vehicles. Ideal choice for customers looking for a reliable jump starter in the automotive category at around 7734 rupees.
2165,Castrol Car Vacuum Nova 240,Castrol,Automotive,Car Vacuum,839,This car vacuum from Castrol is a budget friendly option designed for daily use. It offers easy to install at home, universal fit for most vehicles and weather resistant protective cover. Ideal choice for customers looking for a reliable car vacuum in the automotive category at around 839 rupees.
2166,Amaron Bike Cover Prime 247,Amaron,Automotive,Bike Cover,1350,This bike cover from Amaron is a premium quality product designed for daily use. It offers weather resistant protective cover, scratch proof outer layer and compact storage in boot. Ideal choice for customers looking for a reliable bike cover in the automotive category at around 1350 rupees.
2167,Vega Engine Oil Lite 254,Vega,Automotive,Engine Oil,3419,This engine oil from Vega is a mid range value for money pick designed for daily use. It offers improves engine performance, easy to install at home and certified safety standard. Ideal choice for customers looking for a reliable engine oil in the automotive category at around 3419 rupees.
2168,Michelin Car Phone Holder Max 261,Michelin,Automotive,Car Phone Holder,1386,This car phone holder from Michelin is a entry level basic model designed for daily use. It offers strong suction power, strong suction power and improves engine performance. Ideal choice for customers looking for a reliable car phone holder in the automotive category at around 1386 rupees.
2169,Studds Tyre Inflator Air 268,Studds,Automotive,Tyre Inflator,1559,This tyre inflator from Studds is a professional grade performance designed for daily use. It offers universal fit for most vehicles, reduces fuel consumption and long lasting durable build. Ideal choice for customers looking for a reliable tyre inflator in the automotive category at around 1559 rupees.
2170,3M Dash Camera Neo 275,3M,Automotive,Dash Camera,4479,This dash camera from 3M is a budget friendly option designed for daily use. It offers certified safety standard, long lasting durable build and reduces fuel consumption. Ideal choice for customers looking for a reliable dash camera in the automotive category at around 4479 rupees.
2171,Bosch Car Perfume Elite 282,Bosch,Automotive,Car Perfume,869,This car perfume from Bosch is a premium quality product designed for daily use. It offers reduces fuel consumption, improves engine performance and strong suction power. Ideal choice for customers looking for a reliable car perfume in the automotive category at around 869 rupees.
2172,Steelbird Helmet Zen 289,Steelbird,Automotive,Helmet,3554,This helmet from Steelbird is a mid range value for money pick designed for daily use. It offers scratch proof outer layer, certified safety standard and easy to install at home. Ideal choice for customers looking for a reliable helmet in the automotive category at around 3554 rupees.
2173,Mobil Seat Cover Core 296,Mobil,Automotive,Seat Cover,6269,This seat cover from Mobil is a entry level basic model designed for daily use. It offers compact storage in boot, compact storage in boot and scratch proof outer layer. Ideal choice for customers looking for a reliable seat cover in the automotive category at around 6269 rupees.
2174,Exide Jump Starter Elite 303,Exide,Automotive,Jump Starter,2209,This jump starter from Exide is a professional grade performance designed for daily use. It offers long lasting durable build, weather resistant protective cover and universal fit for most vehicles. Ideal choice for customers looking for a reliable jump starter in the automotive category at around 2209 rupees.
2175,Steelbird Car Vacuum Pro 310,Steelbird,Automotive,Car Vacuum,5564,This car vacuum from Steelbird is a budget friendly option designed for daily use. It offers easy to install at home, universal fit for most vehicles and weather resistant protective cover. Ideal choice for customers looking for a reliable car vacuum in the automotive category at around 5564 rupees.
2176,Mobil Bike Cover Air 317,Mobil,Automotive,Bike Cover,2725,This bike cover from Mobil is a premium quality product designed for daily use. It offers weather resistant protective cover, scratch proof outer layer and compact storage in boot. Ideal choice for customers looking for a reliable bike cover in the automotive category at around 2725 rupees.
2177,Exide Engine Oil Pro 324,Exide,Automotive,Engine Oil,4619,This engine oil from Exide is a mid range value for money pick designed for daily use. It offers improves engine performance, easy to install at home and certified safety standard. Ideal choice for customers looking for a reliable engine oil in the automotive category at around 4619 rupees.
2178,Castrol Car Phone Holder Neo 331,Castrol,Automotive,Car Phone Holder,1036,This car phone holder from Castrol is a entry level basic model designed for daily use. It offers strong suction power, strong suction power and improves engine performance. Ideal choice for customers looking for a reliable car phone holder in the automotive category at around 1036 rupees.
2179,Amaron Tyre Inflator Nova 338,Amaron,Automotive,Tyre Inflator,6159,This tyre inflator from Amaron is a professional grade performance designed for daily use. It offers universal fit for most vehicles, reduces fuel consumption and long lasting durable build. Ideal choice for customers looking for a reliable tyre inflator in the automotive category at around 6159 rupees.
2180,Vega Dash Camera Zen 345,Vega,Automotive,Dash Camera,1679,This dash camera from Vega is a budget friendly option designed for daily use. It offers certified safety standard, long lasting durable build and reduces fuel consumption. Ideal choice for customers looking for a reliable dash camera in the automotive category at around 1679 rupees.
2181,Michelin Car Perfume Edge 352,Michelin,Automotive,Car Perfume,429,This car perfume from Michelin is a premium quality product designed for daily use. It offers reduces fuel consumption, improves engine performance and strong suction power. Ideal choice for customers looking for a reliable car perfume in the automotive category at around 429 rupees.
2182,Studds Helmet Max 359,Studds,Automotive,Helmet,1304,This helmet from Studds is a mid range value for money pick designed for daily use. It offers scratch proof outer layer, certified safety standard and easy to install at home. Ideal choice for customers looking for a reliable helmet in the automotive category at around 1304 rupees.
2183,3M Seat Cover Ultra 366,3M,Automotive,Seat Cover,10944,This seat cover from 3M is a entry level basic model designed for daily use. It offers compact storage in boot, compact storage in boot and scratch proof outer layer. Ideal choice for customers looking for a reliable seat cover in the automotive category at around 10944 rupees.
2184,Bosch Jump Starter Zen 373,Bosch,Automotive,Jump Starter,584,This jump starter from Bosch is a professional grade performance designed for daily use. It offers long lasting durable build, weather resistant protective cover and universal fit for most vehicles. Ideal choice for customers looking for a reliable jump starter in the automotive category at around 584 rupees.
2185,Studds Car Vacuum Sport 380,Studds,Automotive,Car Vacuum,1014,This car vacuum from Studds is a budget friendly option designed for daily use. It offers easy to install at home, universal fit for most vehicles and weather resistant protective cover. Ideal choice for customers looking for a reliable car vacuum in the automotive category at around 1014 rupees.
2186,3M Bike Cover Air 387,3M,Automotive,Bike Cover,3600,This bike cover from 3M is a premium quality product designed for daily use. It offers weather resistant protective cover, scratch proof outer layer and compact storage in boot. Ideal choice for customers looking for a reliable bike cover in the automotive category at around 3600 rupees.
2187,Bosch Engine Oil Ultra 394,Bosch,Automotive,Engine Oil,4019,This engine oil from Bosch is a mid range value for money pick designed for daily use. It offers improves engine performance, easy to install at home and certified safety standard. Ideal choice for customers looking for a reliable engine oil in the automotive category at around 4019 rupees.
2188,Steelbird Car Phone Holder Sport 401,Steelbird,Automotive,Car Phone Holder,1876,This car phone holder from Steelbird is a entry level basic model designed for daily use. It offers strong suction power, strong suction power and improves engine performance. Ideal choice for customers looking for a reliable car phone holder in the automotive category at around 1876 rupees.
2189,Mobil Tyre Inflator Air 408,Mobil,Automotive,Tyre Inflator,1959,This tyre inflator from Mobil is a professional grade performance designed for daily use. It offers universal fit for most vehicles, reduces fuel consumption and long lasting durable build. Ideal choice for customers looking for a reliable tyre inflator in the automotive category at around 1959 rupees.
2190,Exide Dash Camera Sport 415,Exide,Automotive,Dash Camera,8679,This dash camera from Exide is a budget friendly option designed for daily use. It offers certified safety standard, long lasting durable build and reduces fuel consumption. Ideal choice for customers looking for a reliable dash camera in the automotive category at around 8679 rupees.
2191,Castrol Car Perfume Max 422,Castrol,Automotive,Car Perfume,319,This car perfume from Castrol is a premium quality product designed for daily use. It offers reduces fuel consumption, improves engine performance and strong suction power. Ideal choice for customers looking for a reliable car perfume in the automotive category at around 319 rupees.
2192,Amaron Helmet Nova 429,Amaron,Automotive,Helmet,6704,This helmet from Amaron is a mid range value for money pick designed for daily use. It offers scratch proof outer layer, certified safety standard and easy to install at home. Ideal choice for customers looking for a reliable helmet in the automotive category at around 6704 rupees.
2193,Vega Seat Cover Lite 436,Vega,Automotive,Seat Cover,10944,This seat cover from Vega is a entry level basic model designed for daily use. It offers compact storage in boot, compact storage in boot and scratch proof outer layer. Ideal choice for customers looking for a reliable seat cover in the automotive category at around 10944 rupees.
2194,Michelin Jump Starter Air 443,Michelin,Automotive,Jump Starter,12934,This jump starter from Michelin is a professional grade performance designed for daily use. It offers long lasting durable build, weather resistant protective cover and universal fit for most vehicles. Ideal choice for customers looking for a reliable jump starter in the automotive category at around 12934 rupees.
2195,Amaron Car Vacuum Elite 450,Amaron,Automotive,Car Vacuum,4164,This car vacuum from Amaron is a budget friendly option designed for daily use. It offers easy to install at home, universal fit for most vehicles and weather resistant protective cover. Ideal choice for customers looking for a reliable car vacuum in the automotive category at around 4164 rupees.
2196,Vega Bike Cover Lite 457,Vega,Automotive,Bike Cover,1475,This bike cover from Vega is a premium quality product designed for daily use. It offers weather resistant protective cover, scratch proof outer layer and compact storage in boot. Ideal choice for customers looking for a reliable bike cover in the automotive category at around 1475 rupees.
2197,Michelin Engine Oil Zen 464,Michelin,Automotive,Engine Oil,2369,This engine oil from Michelin is a mid range value for money pick designed for daily use. It offers improves engine performance, easy to install at home and certified safety standard. Ideal choice for customers looking for a reliable engine oil in the automotive category at around 2369 rupees.
2198,Studds Car Phone Holder Core 471,Studds,Automotive,Car Phone Holder,2506,This car phone holder from Studds is a entry level basic model designed for daily use. It offers strong suction power, strong suction power and improves engine performance. Ideal choice for customers looking for a reliable car phone holder in the automotive category at around 2506 rupees.
2199,3M Tyre Inflator Ultra 478,3M,Automotive,Tyre Inflator,5159,This tyre inflator from 3M is a professional grade performance designed for daily use. It offers universal fit for most vehicles, reduces fuel consumption and long lasting durable build. Ideal choice for customers looking for a reliable tyre inflator in the automotive category at around 5159 rupees.
2200,Bosch Dash Camera Pro 485,Bosch,Automotive,Dash Camera,9729,This dash camera from Bosch is a budget friendly option designed for daily use. It offers certified safety standard, long lasting durable build and reduces fuel consumption. Ideal choice for customers looking for a reliable dash camera in the automotive category at around 9729 rupees.
2201,Steelbird Car Perfume Pro 492,Steelbird,Automotive,Car Perfume,649,This car perfume from Steelbird is a premium quality product designed for daily use. It offers reduces fuel consumption, improves engine performance and strong suction power. Ideal choice for customers looking for a reliable car perfume in the automotive category at around 649 rupees.
2202,Mobil Helmet Classic 499,Mobil,Automotive,Helmet,8279,This helmet from Mobil is a mid range value for money pick designed for daily use. It offers scratch proof outer layer, certified safety standard and easy to install at home. Ideal choice for customers looking for a reliable helmet in the automotive category at around 8279 rupees.
2203,Exide Seat Cover Lite 506,Exide,Automotive,Seat Cover,5169,This seat cover from Exide is a entry level basic model designed for daily use. It offers compact storage in boot, compact storage in boot and scratch proof outer layer. Ideal choice for customers looking for a reliable seat cover in the automotive category at around 5169 rupees.
2204,Castrol Jump Starter Max 513,Castrol,Automotive,Jump Starter,8384,This jump starter from Castrol is a professional grade performance designed for daily use. It offers long lasting durable build, weather resistant protective cover and universal fit for most vehicles. Ideal choice for customers looking for a reliable jump starter in the automotive category at around 8384 rupees.
2205,Mobil Car Vacuum Plus 520,Mobil,Automotive,Car Vacuum,3114,This car vacuum from Mobil is a budget friendly option designed for daily use. It offers easy to install at home, universal fit for most vehicles and weather resistant protective cover. Ideal choice for customers looking for a reliable car vacuum in the automotive category at around 3114 rupees.
2206,Exide Bike Cover Core 527,Exide,Automotive,Bike Cover,2100,This bike cover from Exide is a premium quality product designed for daily use. It offers weather resistant protective cover, scratch proof outer layer and compact storage in boot. Ideal choice for customers looking for a reliable bike cover in the automotive category at around 2100 rupees.
2207,Castrol Engine Oil Air 534,Castrol,Automotive,Engine Oil,869,This engine oil from Castrol is a mid range value for money pick designed for daily use. It offers improves engine performance, easy to install at home and certified safety standard. Ideal choice for customers looking for a reliable engine oil in the automotive category at around 869 rupees.
2208,Amaron Car Phone Holder Air 541,Amaron,Automotive,Car Phone Holder,546,This car phone holder from Amaron is a entry level basic model designed for daily use. It offers strong suction power, strong suction power and improves engine performance. Ideal choice for customers looking for a reliable car phone holder in the automotive category at around 546 rupees.
2209,Vega Tyre Inflator Nova 548,Vega,Automotive,Tyre Inflator,2759,This tyre inflator from Vega is a professional grade performance designed for daily use. It offers universal fit for most vehicles, reduces fuel consumption and long lasting durable build. Ideal choice for customers looking for a reliable tyre inflator in the automotive category at around 2759 rupees.
2210,Michelin Dash Camera Lite 555,Michelin,Automotive,Dash Camera,5529,This dash camera from Michelin is a budget friendly option designed for daily use. It offers certified safety standard, long lasting durable build and reduces fuel consumption. Ideal choice for customers looking for a reliable dash camera in the automotive category at around 5529 rupees.
2211,Studds Car Perfume Prime 562,Studds,Automotive,Car Perfume,1639,This car perfume from Studds is a premium quality product designed for daily use. It offers reduces fuel consumption, improves engine performance and strong suction power. Ideal choice for customers looking for a reliable car perfume in the automotive category at around 1639 rupees.
2212,3M Helmet Elite 569,3M,Automotive,Helmet,2879,This helmet from 3M is a mid range value for money pick designed for daily use. It offers scratch proof outer layer, certified safety standard and easy to install at home. Ideal choice for customers looking for a reliable helmet in the automotive category at around 2879 rupees.
2213,Bosch Seat Cover Elite 576,Bosch,Automotive,Seat Cover,4344,This seat cover from Bosch is a entry level basic model designed for daily use. It offers compact storage in boot, compact storage in boot and scratch proof outer layer. Ideal choice for customers looking for a reliable seat cover in the automotive category at around 4344 rupees.
2214,Steelbird Jump Starter Prime 583,Steelbird,Automotive,Jump Starter,8709,This jump starter from Steelbird is a professional grade performance designed for daily use. It offers long lasting durable build, weather resistant protective cover and universal fit for most vehicles. Ideal choice for customers looking for a reliable jump starter in the automotive category at around 8709 rupees.
2215,3M Car Vacuum Sport 590,3M,Automotive,Car Vacuum,2764,This car vacuum from 3M is a budget friendly option designed for daily use. It offers easy to install at home, universal fit for most vehicles and weather resistant protective cover. Ideal choice for customers looking for a reliable car vacuum in the automotive category at around 2764 rupees.
2216,Bosch Bike Cover Zen 597,Bosch,Automotive,Bike Cover,4350,This bike cover from Bosch is a premium quality product designed for daily use. It offers weather resistant protective cover, scratch proof outer layer and compact storage in boot. Ideal choice for customers looking for a reliable bike cover in the automotive category at around 4350 rupees.
2217,Steelbird Engine Oil Plus 604,Steelbird,Automotive,Engine Oil,2219,This engine oil from Steelbird is a mid range value for money pick designed for daily use. It offers improves engine performance, easy to install at home and certified safety standard. Ideal choice for customers looking for a reliable engine oil in the automotive category at around 2219 rupees.
2218,Mobil Car Phone Holder Ultra 611,Mobil,Automotive,Car Phone Holder,2786,This car phone holder from Mobil is a entry level basic model designed for daily use. It offers strong suction power, strong suction power and improves engine performance. Ideal choice for customers looking for a reliable car phone holder in the automotive category at around 2786 rupees.
2219,Exide Tyre Inflator Prime 618,Exide,Automotive,Tyre Inflator,5759,This tyre inflator from Exide is a professional grade performance designed for daily use. It offers universal fit for most vehicles, reduces fuel consumption and long lasting durable build. Ideal choice for customers looking for a reliable tyre inflator in the automotive category at around 5759 rupees.
2220,Castrol Dash Camera Pro 625,Castrol,Automotive,Dash Camera,13579,This dash camera from Castrol is a budget friendly option designed for daily use. It offers certified safety standard, long lasting durable build and reduces fuel consumption. Ideal choice for customers looking for a reliable dash camera in the automotive category at around 13579 rupees.
2221,Amaron Car Perfume Core 632,Amaron,Automotive,Car Perfume,924,This car perfume from Amaron is a premium quality product designed for daily use. It offers reduces fuel consumption, improves engine performance and strong suction power. Ideal choice for customers looking for a reliable car perfume in the automotive category at around 924 rupees.
2222,Vega Helmet Air 639,Vega,Automotive,Helmet,6254,This helmet from Vega is a mid range value for money pick designed for daily use. It offers scratch proof outer layer, certified safety standard and easy to install at home. Ideal choice for customers looking for a reliable helmet in the automotive category at around 6254 rupees.
2223,Michelin Seat Cover Neo 646,Michelin,Automotive,Seat Cover,8744,This seat cover from Michelin is a entry level basic model designed for daily use. It offers compact storage in boot, compact storage in boot and scratch proof outer layer. Ideal choice for customers looking for a reliable seat cover in the automotive category at around 8744 rupees.
2224,Studds Jump Starter Sport 653,Studds,Automotive,Jump Starter,6759,This jump starter from Studds is a professional grade performance designed for daily use. It offers long lasting durable build, weather resistant protective cover and universal fit for most vehicles. Ideal choice for customers looking for a reliable jump starter in the automotive category at around 6759 rupees.
2225,Vega Car Vacuum Plus 660,Vega,Automotive,Car Vacuum,1714,This car vacuum from Vega is a budget friendly option designed for daily use. It offers easy to install at home, universal fit for most vehicles and weather resistant protective cover. Ideal choice for customers looking for a reliable car vacuum in the automotive category at around 1714 rupees.
2226,Michelin Bike Cover Max 667,Michelin,Automotive,Bike Cover,350,This bike cover from Michelin is a premium quality product designed for daily use. It offers weather resistant protective cover, scratch proof outer layer and compact storage in boot. Ideal choice for customers looking for a reliable bike cover in the automotive category at around 350 rupees.
2227,Studds Engine Oil Edge 674,Studds,Automotive,Engine Oil,1619,This engine oil from Studds is a mid range value for money pick designed for daily use. It offers improves engine performance, easy to install at home and certified safety standard. Ideal choice for customers looking for a reliable engine oil in the automotive category at around 1619 rupees.
2228,3M Car Phone Holder Prime 681,3M,Automotive,Car Phone Holder,476,This car phone holder from 3M is a entry level basic model designed for daily use. It offers strong suction power, strong suction power and improves engine performance. Ideal choice for customers looking for a reliable car phone holder in the automotive category at around 476 rupees.
2229,Bosch Tyre Inflator Neo 688,Bosch,Automotive,Tyre Inflator,559,This tyre inflator from Bosch is a professional grade performance designed for daily use. It offers universal fit for most vehicles, reduces fuel consumption and long lasting durable build. Ideal choice for customers looking for a reliable tyre inflator in the automotive category at around 559 rupees.
2230,Steelbird Dash Camera Pro 695,Steelbird,Automotive,Dash Camera,2729,This dash camera from Steelbird is a budget friendly option designed for daily use. It offers certified safety standard, long lasting durable build and reduces fuel consumption. Ideal choice for customers looking for a reliable dash camera in the automotive category at around 2729 rupees.
2231,Mobil Car Perfume Classic 702,Mobil,Automotive,Car Perfume,1859,This car perfume from Mobil is a premium quality product designed for daily use. It offers reduces fuel consumption, improves engine performance and strong suction power. Ideal choice for customers looking for a reliable car perfume in the automotive category at around 1859 rupees.
2232,Exide Helmet Edge 709,Exide,Automotive,Helmet,8054,This helmet from Exide is a mid range value for money pick designed for daily use. It offers scratch proof outer layer, certified safety standard and easy to install at home. Ideal choice for customers looking for a reliable helmet in the automotive category at around 8054 rupees.
2233,Castrol Seat Cover Classic 716,Castrol,Automotive,Seat Cover,494,This seat cover from Castrol is a entry level basic model designed for daily use. It offers compact storage in boot, compact storage in boot and scratch proof outer layer. Ideal choice for customers looking for a reliable seat cover in the automotive category at around 494 rupees.
2234,Amaron Jump Starter Core 723,Amaron,Automotive,Jump Starter,11634,This jump starter from Amaron is a professional grade performance designed for daily use. It offers long lasting durable build, weather resistant protective cover and universal fit for most vehicles. Ideal choice for customers looking for a reliable jump starter in the automotive category at around 11634 rupees.
2235,Exide Car Vacuum Max 730,Exide,Automotive,Car Vacuum,839,This car vacuum from Exide is a budget friendly option designed for daily use. It offers easy to install at home, universal fit for most vehicles and weather resistant protective cover. Ideal choice for customers looking for a reliable car vacuum in the automotive category at around 839 rupees.
2236,Castrol Bike Cover Air 737,Castrol,Automotive,Bike Cover,2100,This bike cover from Castrol is a premium quality product designed for daily use. It offers weather resistant protective cover, scratch proof outer layer and compact storage in boot. Ideal choice for customers looking for a reliable bike cover in the automotive category at around 2100 rupees.
2237,Amaron Engine Oil Neo 744,Amaron,Automotive,Engine Oil,1319,This engine oil from Amaron is a mid range value for money pick designed for daily use. It offers improves engine performance, easy to install at home and certified safety standard. Ideal choice for customers looking for a reliable engine oil in the automotive category at around 1319 rupees.
2238,Vega Car Phone Holder Max 751,Vega,Automotive,Car Phone Holder,1876,This car phone holder from Vega is a entry level basic model designed for daily use. It offers strong suction power, strong suction power and improves engine performance. Ideal choice for customers looking for a reliable car phone holder in the automotive category at around 1876 rupees.
2239,Michelin Tyre Inflator Max 758,Michelin,Automotive,Tyre Inflator,7959,This tyre inflator from Michelin is a professional grade performance designed for daily use. It offers universal fit for most vehicles, reduces fuel consumption and long lasting durable build. Ideal choice for customers looking for a reliable tyre inflator in the automotive category at around 7959 rupees.
2240,Studds Dash Camera Classic 765,Studds,Automotive,Dash Camera,6229,This dash camera from Studds is a budget friendly option designed for daily use. It offers certified safety standard, long lasting durable build and reduces fuel consumption. Ideal choice for customers looking for a reliable dash camera in the automotive category at around 6229 rupees.
2241,3M Car Perfume Nova 772,3M,Automotive,Car Perfume,2189,This car perfume from 3M is a premium quality product designed for daily use. It offers reduces fuel consumption, improves engine performance and strong suction power. Ideal choice for customers looking for a reliable car perfume in the automotive category at around 2189 rupees.
2242,Bosch Helmet Core 779,Bosch,Automotive,Helmet,6479,This helmet from Bosch is a mid range value for money pick designed for daily use. It offers scratch proof outer layer, certified safety standard and easy to install at home. Ideal choice for customers looking for a reliable helmet in the automotive category at around 6479 rupees.
2243,Steelbird Seat Cover Neo 786,Steelbird,Automotive,Seat Cover,5169,This seat cover from Steelbird is a entry level basic model designed for daily use. It offers compact storage in boot, compact storage in boot and scratch proof outer layer. Ideal choice for customers looking for a reliable seat cover in the automotive category at around 5169 rupees.
2244,Mobil Jump Starter Core 793,Mobil,Automotive,Jump Starter,259,This jump starter from Mobil is a professional grade performance designed for daily use. It offers long lasting durable build, weather resistant protective cover and universal fit for most vehicles. Ideal choice for customers looking for a reliable jump starter in the automotive category at around 259 rupees.
2245,Bosch Car Vacuum Prime 800,Bosch,Automotive,Car Vacuum,5039,This car vacuum from Bosch is a budget friendly option designed for daily use. It offers easy to install at home, universal fit for most vehicles and weather resistant protective cover. Ideal choice for customers looking for a reliable car vacuum in the automotive category at around 5039 rupees.
2246,Steelbird Bike Cover Core 807,Steelbird,Automotive,Bike Cover,4725,This bike cover from Steelbird is a premium quality product designed for daily use. It offers weather resistant protective cover, scratch proof outer layer and compact storage in boot. Ideal choice for customers looking for a reliable bike cover in the automotive category at around 4725 rupees.
2247,Mobil Engine Oil Zen 814,Mobil,Automotive,Engine Oil,269,This engine oil from Mobil is a mid range value for money pick designed for daily use. It offers improves engine performance, easy to install at home and certified safety standard. Ideal choice for customers looking for a reliable engine oil in the automotive category at around 269 rupees.
2248,Exide Car Phone Holder Classic 821,Exide,Automotive,Car Phone Holder,686,This car phone holder from Exide is a entry level basic model designed for daily use. It offers strong suction power, strong suction power and improves engine performance. Ideal choice for customers looking for a reliable car phone holder in the automotive category at around 686 rupees.
2249,Castrol Tyre Inflator Elite 828,Castrol,Automotive,Tyre Inflator,4959,This tyre inflator from Castrol is a professional grade performance designed for daily use. It offers universal fit for most vehicles, reduces fuel consumption and long lasting durable build. Ideal choice for customers looking for a reliable tyre inflator in the automotive category at around 4959 rupees.
2250,Amaron Dash Camera Core 835,Amaron,Automotive,Dash Camera,5529,This dash camera from Amaron is a budget friendly option designed for daily use. It offers certified safety standard, long lasting durable build and reduces fuel consumption. Ideal choice for customers looking for a reliable dash camera in the automotive category at around 5529 rupees.
2251,Vega Car Perfume Max 842,Vega,Automotive,Car Perfume,979,This car perfume from Vega is a premium quality product designed for daily use. It offers reduces fuel consumption, improves engine performance and strong suction power. Ideal choice for customers looking for a reliable car perfume in the automotive category at around 979 rupees.
2252,Michelin Helmet Elite 849,Michelin,Automotive,Helmet,1754,This helmet from Michelin is a mid range value for money pick designed for daily use. It offers scratch proof outer layer, certified safety standard and easy to install at home. Ideal choice for customers looking for a reliable helmet in the automotive category at around 1754 rupees.
2253,Studds Seat Cover Plus 856,Studds,Automotive,Seat Cover,3519,This seat cover from Studds is a entry level basic model designed for daily use. It offers compact storage in boot, compact storage in boot and scratch proof outer layer. Ideal choice for customers looking for a reliable seat cover in the automotive category at around 3519 rupees.
2254,3M Jump Starter Nova 863,3M,Automotive,Jump Starter,8709,This jump starter from 3M is a professional grade performance designed for daily use. It offers long lasting durable build, weather resistant protective cover and universal fit for most vehicles. Ideal choice for customers looking for a reliable jump starter in the automotive category at around 8709 rupees.
2255,Michelin Car Vacuum Pro 870,Michelin,Automotive,Car Vacuum,5389,This car vacuum from Michelin is a budget friendly option designed for daily use. It offers easy to install at home, universal fit for most vehicles and weather resistant protective cover. Ideal choice for customers looking for a reliable car vacuum in the automotive category at around 5389 rupees.
2256,Studds Bike Cover Air 877,Studds,Automotive,Bike Cover,475,This bike cover from Studds is a premium quality product designed for daily use. It offers weather resistant protective cover, scratch proof outer layer and compact storage in boot. Ideal choice for customers looking for a reliable bike cover in the automotive category at around 475 rupees.
2257,3M Engine Oil Zen 884,3M,Automotive,Engine Oil,4619,This engine oil from 3M is a mid range value for money pick designed for daily use. It offers improves engine performance, easy to install at home and certified safety standard. Ideal choice for customers looking for a reliable engine oil in the automotive category at around 4619 rupees.
2258,Bosch Car Phone Holder Core 891,Bosch,Automotive,Car Phone Holder,1386,This car phone holder from Bosch is a entry level basic model designed for daily use. It offers strong suction power, strong suction power and improves engine performance. Ideal choice for customers looking for a reliable car phone holder in the automotive category at around 1386 rupees.
2259,Steelbird Tyre Inflator Max 898,Steelbird,Automotive,Tyre Inflator,1559,This tyre inflator from Steelbird is a professional grade performance designed for daily use. It offers universal fit for most vehicles, reduces fuel consumption and long lasting durable build. Ideal choice for customers looking for a reliable tyre inflator in the automotive category at around 1559 rupees.
2260,Mobil Dash Camera Max 905,Mobil,Automotive,Dash Camera,4479,This dash camera from Mobil is a budget friendly option designed for daily use. It offers certified safety standard, long lasting durable build and reduces fuel consumption. Ideal choice for customers looking for a reliable dash camera in the automotive category at around 4479 rupees.
2261,Exide Car Perfume Nova 912,Exide,Automotive,Car Perfume,2079,This car perfume from Exide is a premium quality product designed for daily use. It offers reduces fuel consumption, improves engine performance and strong suction power. Ideal choice for customers looking for a reliable car perfume in the automotive category at around 2079 rupees.
2262,Castrol Helmet Nova 919,Castrol,Automotive,Helmet,629,This helmet from Castrol is a mid range value for money pick designed for daily use. It offers scratch proof outer layer, certified safety standard and easy to install at home. Ideal choice for customers looking for a reliable helmet in the automotive category at around 629 rupees.
2263,Amaron Seat Cover Edge 926,Amaron,Automotive,Seat Cover,2419,This seat cover from Amaron is a entry level basic model designed for daily use. It offers compact storage in boot, compact storage in boot and scratch proof outer layer. Ideal choice for customers looking for a reliable seat cover in the automotive category at around 2419 rupees.
2264,Vega Jump Starter Pro 933,Vega,Automotive,Jump Starter,12609,This jump starter from Vega is a professional grade performance designed for daily use. It offers long lasting durable build, weather resistant protective cover and universal fit for most vehicles. Ideal choice for customers looking for a reliable jump starter in the automotive category at around 12609 rupees.
2265,Castrol Car Vacuum Elite 940,Castrol,Automotive,Car Vacuum,3289,This car vacuum from Castrol is a budget friendly option designed for daily use. It offers easy to install at home, universal fit for most vehicles and weather resistant protective cover. Ideal choice for customers looking for a reliable car vacuum in the automotive category at around 3289 rupees.
2266,Amaron Bike Cover Classic 947,Amaron,Automotive,Bike Cover,975,This bike cover from Amaron is a premium quality product designed for daily use. It offers weather resistant protective cover, scratch proof outer layer and compact storage in boot. Ideal choice for customers looking for a reliable bike cover in the automotive category at around 975 rupees.
2267,Vega Engine Oil Nova 954,Vega,Automotive,Engine Oil,5819,This engine oil from Vega is a mid range value for money pick designed for daily use. It offers improves engine performance, easy to install at home and certified safety standard. Ideal choice for customers looking for a reliable engine oil in the automotive category at around 5819 rupees.
2268,Michelin Car Phone Holder Ultra 961,Michelin,Automotive,Car Phone Holder,476,This car phone holder from Michelin is a entry level basic model designed for daily use. It offers strong suction power, strong suction power and improves engine performance. Ideal choice for customers looking for a reliable car phone holder in the automotive category at around 476 rupees.
2269,Studds Tyre Inflator Nova 968,Studds,Automotive,Tyre Inflator,5559,This tyre inflator from Studds is a professional grade performance designed for daily use. It offers universal fit for most vehicles, reduces fuel consumption and long lasting durable build. Ideal choice for customers looking for a reliable tyre inflator in the automotive category at around 5559 rupees.
2270,3M Dash Camera Ultra 975,3M,Automotive,Dash Camera,5879,This dash camera from 3M is a budget friendly option designed for daily use. It offers certified safety standard, long lasting durable build and reduces fuel consumption. Ideal choice for customers looking for a reliable dash camera in the automotive category at around 5879 rupees.
2271,Bosch Car Perfume Elite 982,Bosch,Automotive,Car Perfume,319,This car perfume from Bosch is a premium quality product designed for daily use. It offers reduces fuel consumption, improves engine performance and strong suction power. Ideal choice for customers looking for a reliable car perfume in the automotive category at around 319 rupees.
2272,Steelbird Helmet Neo 989,Steelbird,Automotive,Helmet,6479,This helmet from Steelbird is a mid range value for money pick designed for daily use. It offers scratch proof outer layer, certified safety standard and easy to install at home. Ideal choice for customers looking for a reliable helmet in the automotive category at around 6479 rupees.
2273,Mobil Seat Cover Elite 996,Mobil,Automotive,Seat Cover,9569,This seat cover from Mobil is a entry level basic model designed for daily use. It offers compact storage in boot, compact storage in boot and scratch proof outer layer. Ideal choice for customers looking for a reliable seat cover in the automotive category at around 9569 rupees.
2274,Exide Jump Starter Plus 103,Exide,Automotive,Jump Starter,11309,This jump starter from Exide is a professional grade performance designed for daily use. It offers long lasting durable build, weather resistant protective cover and universal fit for most vehicles. Ideal choice for customers looking for a reliable jump starter in the automotive category at around 11309 rupees.
2275,Steelbird Car Vacuum Ultra 110,Steelbird,Automotive,Car Vacuum,1364,This car vacuum from Steelbird is a budget friendly option designed for daily use. It offers easy to install at home, universal fit for most vehicles and weather resistant protective cover. Ideal choice for customers looking for a reliable car vacuum in the automotive category at around 1364 rupees.
2276,Mobil Bike Cover Plus 117,Mobil,Automotive,Bike Cover,2350,This bike cover from Mobil is a premium quality product designed for daily use. It offers weather resistant protective cover, scratch proof outer layer and compact storage in boot. Ideal choice for customers looking for a reliable bike cover in the automotive category at around 2350 rupees.
2277,Exide Engine Oil Ultra 124,Exide,Automotive,Engine Oil,4169,This engine oil from Exide is a mid range value for money pick designed for daily use. It offers improves engine performance, easy to install at home and certified safety standard. Ideal choice for customers looking for a reliable engine oil in the automotive category at around 4169 rupees.
2278,Castrol Car Phone Holder Core 131,Castrol,Automotive,Car Phone Holder,546,This car phone holder from Castrol is a entry level basic model designed for daily use. It offers strong suction power, strong suction power and improves engine performance. Ideal choice for customers looking for a reliable car phone holder in the automotive category at around 546 rupees.
2279,Amaron Tyre Inflator Air 138,Amaron,Automotive,Tyre Inflator,6359,This tyre inflator from Amaron is a professional grade performance designed for daily use. It offers universal fit for most vehicles, reduces fuel consumption and long lasting durable build. Ideal choice for customers looking for a reliable tyre inflator in the automotive category at around 6359 rupees.
2280,Vega Dash Camera Plus 145,Vega,Automotive,Dash Camera,13229,This dash camera from Vega is a budget friendly option designed for daily use. It offers certified safety standard, long lasting durable build and reduces fuel consumption. Ideal choice for customers looking for a reliable dash camera in the automotive category at around 13229 rupees.
2281,Michelin Car Perfume Max 152,Michelin,Automotive,Car Perfume,1639,This car perfume from Michelin is a premium quality product designed for daily use. It offers reduces fuel consumption, improves engine performance and strong suction power. Ideal choice for customers looking for a reliable car perfume in the automotive category at around 1639 rupees.
2282,Studds Helmet Max 159,Studds,Automotive,Helmet,5354,This helmet from Studds is a mid range value for money pick designed for daily use. It offers scratch proof outer layer, certified safety standard and easy to install at home. Ideal choice for customers looking for a reliable helmet in the automotive category at around 5354 rupees.
2283,3M Seat Cover Edge 166,3M,Automotive,Seat Cover,5169,This seat cover from 3M is a entry level basic model designed for daily use. It offers compact storage in boot, compact storage in boot and scratch proof outer layer. Ideal choice for customers looking for a reliable seat cover in the automotive category at around 5169 rupees.
2284,Bosch Jump Starter Classic 173,Bosch,Automotive,Jump Starter,11959,This jump starter from Bosch is a professional grade performance designed for daily use. It offers long lasting durable build, weather resistant protective cover and universal fit for most vehicles. Ideal choice for customers looking for a reliable jump starter in the automotive category at around 11959 rupees.
2285,Studds Car Vacuum Prime 180,Studds,Automotive,Car Vacuum,6789,This car vacuum from Studds is a budget friendly option designed for daily use. It offers easy to install at home, universal fit for most vehicles and weather resistant protective cover. Ideal choice for customers looking for a reliable car vacuum in the automotive category at around 6789 rupees.
2286,3M Bike Cover Classic 187,3M,Automotive,Bike Cover,100,This bike cover from 3M is a premium quality product designed for daily use. It offers weather resistant protective cover, scratch proof outer layer and compact storage in boot. Ideal choice for customers looking for a reliable bike cover in the automotive category at around 100 rupees.
2287,Bosch Engine Oil Core 194,Bosch,Automotive,Engine Oil,4919,This engine oil from Bosch is a mid range value for money pick designed for daily use. It offers improves engine performance, easy to install at home and certified safety standard. Ideal choice for customers looking for a reliable engine oil in the automotive category at around 4919 rupees.
2288,Funskool Building Blocks Edge 100,Funskool,Toys & Games,Building Blocks,1529,This building blocks from Funskool is a budget friendly option designed for daily use. It offers safe non toxic material, improves problem solving skills and develops creativity and logic. Ideal choice for customers looking for a reliable building blocks in the toys & games category at around 1529 rupees.
2289,Mattel Remote Car Max 107,Mattel,Toys & Games,Remote Car,1799,This remote car from Mattel is a premium quality product designed for daily use. It offers develops creativity and logic, bright attractive colours and builds hand eye coordination. Ideal choice for customers looking for a reliable remote car in the toys & games category at around 1799 rupees.
2290,Hot Wheels Puzzle Set Core 114,Hot Wheels,Toys & Games,Puzzle Set,1320,This puzzle set from Hot Wheels is a mid range value for money pick designed for daily use. It offers suitable for age six and above, safe non toxic material and rechargeable battery included. Ideal choice for customers looking for a reliable puzzle set in the toys & games category at around 1320 rupees.
2291,Smartivity Board Game Lite 121,Smartivity,Toys & Games,Board Game,1994,This board game from Smartivity is a entry level basic model designed for daily use. It offers great return gift option, great return gift option and suitable for age six and above. Ideal choice for customers looking for a reliable board game in the toys & games category at around 1994 rupees.
2292,Lego Soft Toy Prime 128,Lego,Toys & Games,Soft Toy,336,This soft toy from Lego is a professional grade performance designed for daily use. It offers improves problem solving skills, family fun for all ages and educational learning activity. Ideal choice for customers looking for a reliable soft toy in the toys & games category at around 336 rupees.
2293,Chicco Action Figure Plus 135,Chicco,Toys & Games,Action Figure,2250,This action figure from Chicco is a budget friendly option designed for daily use. It offers rechargeable battery included, educational learning activity and family fun for all ages. Ideal choice for customers looking for a reliable action figure in the toys & games category at around 2250 rupees.
2294,Playdoh Drone Toy Classic 142,Playdoh,Toys & Games,Drone Toy,4198,This drone toy from Playdoh is a premium quality product designed for daily use. It offers family fun for all ages, suitable for age six and above and great return gift option. Ideal choice for customers looking for a reliable drone toy in the toys & games category at around 4198 rupees.
2295,Hasbro Doll House Zen 149,Hasbro,Toys & Games,Doll House,4094,This doll house from Hasbro is a mid range value for money pick designed for daily use. It offers bright attractive colours, rechargeable battery included and safe non toxic material. Ideal choice for customers looking for a reliable doll house in the toys & games category at around 4094 rupees.
2296,Skillmatics Science Kit Plus 156,Skillmatics,Toys & Games,Science Kit,2999,This science kit from Skillmatics is a entry level basic model designed for daily use. It offers builds hand eye coordination, builds hand eye coordination and bright attractive colours. Ideal choice for customers looking for a reliable science kit in the toys & games category at around 2999 rupees.
2297,Nerf Card Game Core 163,Nerf,Toys & Games,Card Game,540,This card game from Nerf is a professional grade performance designed for daily use. It offers educational learning activity, develops creativity and logic and improves problem solving skills. Ideal choice for customers looking for a reliable card game in the toys & games category at around 540 rupees.
2298,Hasbro Building Blocks Core 170,Hasbro,Toys & Games,Building Blocks,809,This building blocks from Hasbro is a budget friendly option designed for daily use. It offers safe non toxic material, improves problem solving skills and develops creativity and logic. Ideal choice for customers looking for a reliable building blocks in the toys & games category at around 809 rupees.
2299,Skillmatics Remote Car Edge 177,Skillmatics,Toys & Games,Remote Car,179,This remote car from Skillmatics is a premium quality product designed for daily use. It offers develops creativity and logic, bright attractive colours and builds hand eye coordination. Ideal choice for customers looking for a reliable remote car in the toys & games category at around 179 rupees.
2300,Nerf Puzzle Set Edge 184,Nerf,Toys & Games,Puzzle Set,1020,This puzzle set from Nerf is a mid range value for money pick designed for daily use. It offers suitable for age six and above, safe non toxic material and rechargeable battery included. Ideal choice for customers looking for a reliable puzzle set in the toys & games category at around 1020 rupees.
2301,Funskool Board Game Ultra 191,Funskool,Toys & Games,Board Game,1784,This board game from Funskool is a entry level basic model designed for daily use. It offers great return gift option, great return gift option and suitable for age six and above. Ideal choice for customers looking for a reliable board game in the toys & games category at around 1784 rupees.
2302,Mattel Soft Toy Elite 198,Mattel,Toys & Games,Soft Toy,1392,This soft toy from Mattel is a professional grade performance designed for daily use. It offers improves problem solving skills, family fun for all ages and educational learning activity. Ideal choice for customers looking for a reliable soft toy in the toys & games category at around 1392 rupees.
2303,Hot Wheels Action Figure Edge 205,Hot Wheels,Toys & Games,Action Figure,750,This action figure from Hot Wheels is a budget friendly option designed for daily use. It offers rechargeable battery included, educational learning activity and family fun for all ages. Ideal choice for customers looking for a reliable action figure in the toys & games category at around 750 rupees.
2304,Smartivity Drone Toy Zen 212,Smartivity,Toys & Games,Drone Toy,4498,This drone toy from Smartivity is a premium quality product designed for daily use. It offers family fun for all ages, suitable for age six and above and great return gift option. Ideal choice for customers looking for a reliable drone toy in the toys & games category at around 4498 rupees.
2305,Lego Doll House Lite 219,Lego,Toys & Games,Doll House,2924,This doll house from Lego is a mid range value for money pick designed for daily use. It offers bright attractive colours, rechargeable battery included and safe non toxic material. Ideal choice for customers looking for a reliable doll house in the toys & games category at around 2924 rupees.
2306,Chicco Science Kit Classic 226,Chicco,Toys & Games,Science Kit,2249,This science kit from Chicco is a entry level basic model designed for daily use. It offers builds hand eye coordination, builds hand eye coordination and bright attractive colours. Ideal choice for customers looking for a reliable science kit in the toys & games category at around 2249 rupees.
2307,Playdoh Card Game Core 233,Playdoh,Toys & Games,Card Game,39,This card game from Playdoh is a professional grade performance designed for daily use. It offers educational learning activity, develops creativity and logic and improves problem solving skills. Ideal choice for customers looking for a reliable card game in the toys & games category at around 39 rupees.
2308,Lego Building Blocks Pro 240,Lego,Toys & Games,Building Blocks,719,This building blocks from Lego is a budget friendly option designed for daily use. It offers safe non toxic material, improves problem solving skills and develops creativity and logic. Ideal choice for customers looking for a reliable building blocks in the toys & games category at around 719 rupees.
2309,Chicco Remote Car Edge 247,Chicco,Toys & Games,Remote Car,1619,This remote car from Chicco is a premium quality product designed for daily use. It offers develops creativity and logic, bright attractive colours and builds hand eye coordination. Ideal choice for customers looking for a reliable remote car in the toys & games category at around 1619 rupees.
2310,Playdoh Puzzle Set Pro 254,Playdoh,Toys & Games,Puzzle Set,1800,This puzzle set from Playdoh is a mid range value for money pick designed for daily use. It offers suitable for age six and above, safe non toxic material and rechargeable battery included. Ideal choice for customers looking for a reliable puzzle set in the toys & games category at around 1800 rupees.
2311,Hasbro Board Game Ultra 261,Hasbro,Toys & Games,Board Game,2939,This board game from Hasbro is a entry level basic model designed for daily use. It offers great return gift option, great return gift option and suitable for age six and above. Ideal choice for customers looking for a reliable board game in the toys & games category at around 2939 rupees.
2312,Skillmatics Soft Toy Elite 268,Skillmatics,Toys & Games,Soft Toy,1392,This soft toy from Skillmatics is a professional grade performance designed for daily use. It offers improves problem solving skills, family fun for all ages and educational learning activity. Ideal choice for customers looking for a reliable soft toy in the toys & games category at around 1392 rupees.
2313,Nerf Action Figure Zen 275,Nerf,Toys & Games,Action Figure,975,This action figure from Nerf is a budget friendly option designed for daily use. It offers rechargeable battery included, educational learning activity and family fun for all ages. Ideal choice for customers looking for a reliable action figure in the toys & games category at around 975 rupees.
2314,Funskool Drone Toy Lite 282,Funskool,Toys & Games,Drone Toy,4798,This drone toy from Funskool is a premium quality product designed for daily use. It offers family fun for all ages, suitable for age six and above and great return gift option. Ideal choice for customers looking for a reliable drone toy in the toys & games category at around 4798 rupees.
2315,Mattel Doll House Air 289,Mattel,Toys & Games,Doll House,584,This doll house from Mattel is a mid range value for money pick designed for daily use. It offers bright attractive colours, rechargeable battery included and safe non toxic material. Ideal choice for customers looking for a reliable doll house in the toys & games category at around 584 rupees.
2316,Hot Wheels Science Kit Zen 296,Hot Wheels,Toys & Games,Science Kit,2999,This science kit from Hot Wheels is a entry level basic model designed for daily use. It offers builds hand eye coordination, builds hand eye coordination and bright attractive colours. Ideal choice for customers looking for a reliable science kit in the toys & games category at around 2999 rupees.
2317,Smartivity Card Game Classic 303,Smartivity,Toys & Games,Card Game,108,This card game from Smartivity is a professional grade performance designed for daily use. It offers educational learning activity, develops creativity and logic and improves problem solving skills. Ideal choice for customers looking for a reliable card game in the toys & games category at around 108 rupees.
2318,Mattel Building Blocks Elite 310,Mattel,Toys & Games,Building Blocks,809,This building blocks from Mattel is a budget friendly option designed for daily use. It offers safe non toxic material, improves problem solving skills and develops creativity and logic. Ideal choice for customers looking for a reliable building blocks in the toys & games category at around 809 rupees.
2319,Hot Wheels Remote Car Edge 317,Hot Wheels,Toys & Games,Remote Car,3959,This remote car from Hot Wheels is a premium quality product designed for daily use. It offers develops creativity and logic, bright attractive colours and builds hand eye coordination. Ideal choice for customers looking for a reliable remote car in the toys & games category at around 3959 rupees.
2320,Smartivity Puzzle Set Nova 324,Smartivity,Toys & Games,Puzzle Set,1380,This puzzle set from Smartivity is a mid range value for money pick designed for daily use. It offers suitable for age six and above, safe non toxic material and rechargeable battery included. Ideal choice for customers looking for a reliable puzzle set in the toys & games category at around 1380 rupees.
2321,Lego Board Game Neo 331,Lego,Toys & Games,Board Game,734,This board game from Lego is a entry level basic model designed for daily use. It offers great return gift option, great return gift option and suitable for age six and above. Ideal choice for customers looking for a reliable board game in the toys & games category at around 734 rupees.
2322,Chicco Soft Toy Lite 338,Chicco,Toys & Games,Soft Toy,1056,This soft toy from Chicco is a professional grade performance designed for daily use. It offers improves problem solving skills, family fun for all ages and educational learning activity. Ideal choice for customers looking for a reliable soft toy in the toys & games category at around 1056 rupees.
2323,Playdoh Action Figure Edge 345,Playdoh,Toys & Games,Action Figure,150,This action figure from Playdoh is a budget friendly option designed for daily use. It offers rechargeable battery included, educational learning activity and family fun for all ages. Ideal choice for customers looking for a reliable action figure in the toys & games category at around 150 rupees.
2324,Hasbro Drone Toy Classic 352,Hasbro,Toys & Games,Drone Toy,3298,This drone toy from Hasbro is a premium quality product designed for daily use. It offers family fun for all ages, suitable for age six and above and great return gift option. Ideal choice for customers looking for a reliable drone toy in the toys & games category at around 3298 rupees.
2325,Skillmatics Doll House Lite 359,Skillmatics,Toys & Games,Doll House,1169,This doll house from Skillmatics is a mid range value for money pick designed for daily use. It offers bright attractive colours, rechargeable battery included and safe non toxic material. Ideal choice for customers looking for a reliable doll house in the toys & games category at around 1169 rupees.
2326,Nerf Science Kit Prime 366,Nerf,Toys & Games,Science Kit,1799,This science kit from Nerf is a entry level basic model designed for daily use. It offers builds hand eye coordination, builds hand eye coordination and bright attractive colours. Ideal choice for customers looking for a reliable science kit in the toys & games category at around 1799 rupees.
2327,Funskool Card Game Plus 373,Funskool,Toys & Games,Card Game,486,This card game from Funskool is a professional grade performance designed for daily use. It offers educational learning activity, develops creativity and logic and improves problem solving skills. Ideal choice for customers looking for a reliable card game in the toys & games category at around 486 rupees.
2328,Skillmatics Building Blocks Edge 380,Skillmatics,Toys & Games,Building Blocks,1349,This building blocks from Skillmatics is a budget friendly option designed for daily use. It offers safe non toxic material, improves problem solving skills and develops creativity and logic. Ideal choice for customers looking for a reliable building blocks in the toys & games category at around 1349 rupees.
2329,Nerf Remote Car Edge 387,Nerf,Toys & Games,Remote Car,3419,This remote car from Nerf is a premium quality product designed for daily use. It offers develops creativity and logic, bright attractive colours and builds hand eye coordination. Ideal choice for customers looking for a reliable remote car in the toys & games category at around 3419 rupees.
2330,Funskool Puzzle Set Nova 394,Funskool,Toys & Games,Puzzle Set,1560,This puzzle set from Funskool is a mid range value for money pick designed for daily use. It offers suitable for age six and above, safe non toxic material and rechargeable battery included. Ideal choice for customers looking for a reliable puzzle set in the toys & games category at around 1560 rupees.
2331,Mattel Board Game Air 401,Mattel,Toys & Games,Board Game,944,This board game from Mattel is a entry level basic model designed for daily use. It offers great return gift option, great return gift option and suitable for age six and above. Ideal choice for customers looking for a reliable board game in the toys & games category at around 944 rupees.
2332,Hot Wheels Soft Toy Plus 408,Hot Wheels,Toys & Games,Soft Toy,768,This soft toy from Hot Wheels is a professional grade performance designed for daily use. It offers improves problem solving skills, family fun for all ages and educational learning activity. Ideal choice for customers looking for a reliable soft toy in the toys & games category at around 768 rupees.
2333,Smartivity Action Figure Classic 415,Smartivity,Toys & Games,Action Figure,900,This action figure from Smartivity is a budget friendly option designed for daily use. It offers rechargeable battery included, educational learning activity and family fun for all ages. Ideal choice for customers looking for a reliable action figure in the toys & games category at around 900 rupees.
2334,Lego Drone Toy Nova 422,Lego,Toys & Games,Drone Toy,5398,This drone toy from Lego is a premium quality product designed for daily use. It offers family fun for all ages, suitable for age six and above and great return gift option. Ideal choice for customers looking for a reliable drone toy in the toys & games category at around 5398 rupees.
2335,Chicco Doll House Pro 429,Chicco,Toys & Games,Doll House,584,This doll house from Chicco is a mid range value for money pick designed for daily use. It offers bright attractive colours, rechargeable battery included and safe non toxic material. Ideal choice for customers looking for a reliable doll house in the toys & games category at around 584 rupees.
2336,Playdoh Science Kit Neo 436,Playdoh,Toys & Games,Science Kit,899,This science kit from Playdoh is a entry level basic model designed for daily use. It offers builds hand eye coordination, builds hand eye coordination and bright attractive colours. Ideal choice for customers looking for a reliable science kit in the toys & games category at around 899 rupees.
2337,Hasbro Card Game Sport 443,Hasbro,Toys & Games,Card Game,39,This card game from Hasbro is a professional grade performance designed for daily use. It offers educational learning activity, develops creativity and logic and improves problem solving skills. Ideal choice for customers looking for a reliable card game in the toys & games category at around 39 rupees.
2338,Chicco Building Blocks Zen 450,Chicco,Toys & Games,Building Blocks,2069,This building blocks from Chicco is a budget friendly option designed for daily use. It offers safe non toxic material, improves problem solving skills and develops creativity and logic. Ideal choice for customers looking for a reliable building blocks in the toys & games category at around 2069 rupees.
2339,Playdoh Remote Car Nova 457,Playdoh,Toys & Games,Remote Car,5039,This remote car from Playdoh is a premium quality product designed for daily use. It offers develops creativity and logic, bright attractive colours and builds hand eye coordination. Ideal choice for customers looking for a reliable remote car in the toys & games category at around 5039 rupees.
2340,Hasbro Puzzle Set Prime 464,Hasbro,Toys & Games,Puzzle Set,420,This puzzle set from Hasbro is a mid range value for money pick designed for daily use. It offers suitable for age six and above, safe non toxic material and rechargeable battery included. Ideal choice for customers looking for a reliable puzzle set in the toys & games category at around 420 rupees.
2341,Skillmatics Board Game Lite 471,Skillmatics,Toys & Games,Board Game,944,This board game from Skillmatics is a entry level basic model designed for daily use. It offers great return gift option, great return gift option and suitable for age six and above. Ideal choice for customers looking for a reliable board game in the toys & games category at around 944 rupees.
2342,Nerf Soft Toy Neo 478,Nerf,Toys & Games,Soft Toy,912,This soft toy from Nerf is a professional grade performance designed for daily use. It offers improves problem solving skills, family fun for all ages and educational learning activity. Ideal choice for customers looking for a reliable soft toy in the toys & games category at around 912 rupees.
2343,Funskool Action Figure Classic 485,Funskool,Toys & Games,Action Figure,975,This action figure from Funskool is a budget friendly option designed for daily use. It offers rechargeable battery included, educational learning activity and family fun for all ages. Ideal choice for customers looking for a reliable action figure in the toys & games category at around 975 rupees.
2344,Mattel Drone Toy Sport 492,Mattel,Toys & Games,Drone Toy,598,This drone toy from Mattel is a premium quality product designed for daily use. It offers family fun for all ages, suitable for age six and above and great return gift option. Ideal choice for customers looking for a reliable drone toy in the toys & games category at around 598 rupees.
2345,Hot Wheels Doll House Elite 499,Hot Wheels,Toys & Games,Doll House,2339,This doll house from Hot Wheels is a mid range value for money pick designed for daily use. It offers bright attractive colours, rechargeable battery included and safe non toxic material. Ideal choice for customers looking for a reliable doll house in the toys & games category at around 2339 rupees.
2346,Smartivity Science Kit Plus 506,Smartivity,Toys & Games,Science Kit,3149,This science kit from Smartivity is a entry level basic model designed for daily use. It offers builds hand eye coordination, builds hand eye coordination and bright attractive colours. Ideal choice for customers looking for a reliable science kit in the toys & games category at around 3149 rupees.
2347,Lego Card Game Ultra 513,Lego,Toys & Games,Card Game,783,This card game from Lego is a professional grade performance designed for daily use. It offers educational learning activity, develops creativity and logic and improves problem solving skills. Ideal choice for customers looking for a reliable card game in the toys & games category at around 783 rupees.
2348,Hot Wheels Building Blocks Nova 520,Hot Wheels,Toys & Games,Building Blocks,629,This building blocks from Hot Wheels is a budget friendly option designed for daily use. It offers safe non toxic material, improves problem solving skills and develops creativity and logic. Ideal choice for customers looking for a reliable building blocks in the toys & games category at around 629 rupees.
2349,Smartivity Remote Car Zen 527,Smartivity,Toys & Games,Remote Car,2699,This remote car from Smartivity is a premium quality product designed for daily use. It offers develops creativity and logic, bright attractive colours and builds hand eye coordination. Ideal choice for customers looking for a reliable remote car in the toys & games category at around 2699 rupees.
2350,Lego Puzzle Set Core 534,Lego,Toys & Games,Puzzle Set,420,This puzzle set from Lego is a mid range value for money pick designed for daily use. It offers suitable for age six and above, safe non toxic material and rechargeable battery included. Ideal choice for customers looking for a reliable puzzle set in the toys & games category at around 420 rupees.
2351,Chicco Board Game Pro 541,Chicco,Toys & Games,Board Game,2099,This board game from Chicco is a entry level basic model designed for daily use. It offers great return gift option, great return gift option and suitable for age six and above. Ideal choice for customers looking for a reliable board game in the toys & games category at around 2099 rupees.
2352,Playdoh Soft Toy Classic 548,Playdoh,Toys & Games,Soft Toy,1344,This soft toy from Playdoh is a professional grade performance designed for daily use. It offers improves problem solving skills, family fun for all ages and educational learning activity. Ideal choice for customers looking for a reliable soft toy in the toys & games category at around 1344 rupees.
2353,Hasbro Action Figure Pro 555,Hasbro,Toys & Games,Action Figure,300,This action figure from Hasbro is a budget friendly option designed for daily use. It offers rechargeable battery included, educational learning activity and family fun for all ages. Ideal choice for customers looking for a reliable action figure in the toys & games category at around 300 rupees.
2354,Skillmatics Drone Toy Edge 562,Skillmatics,Toys & Games,Drone Toy,7198,This drone toy from Skillmatics is a premium quality product designed for daily use. It offers family fun for all ages, suitable for age six and above and great return gift option. Ideal choice for customers looking for a reliable drone toy in the toys & games category at around 7198 rupees.
2355,Nerf Doll House Edge 569,Nerf,Toys & Games,Doll House,4484,This doll house from Nerf is a mid range value for money pick designed for daily use. It offers bright attractive colours, rechargeable battery included and safe non toxic material. Ideal choice for customers looking for a reliable doll house in the toys & games category at around 4484 rupees.
2356,Funskool Science Kit Edge 576,Funskool,Toys & Games,Science Kit,2399,This science kit from Funskool is a entry level basic model designed for daily use. It offers builds hand eye coordination, builds hand eye coordination and bright attractive colours. Ideal choice for customers looking for a reliable science kit in the toys & games category at around 2399 rupees.
2357,Mattel Card Game Prime 583,Mattel,Toys & Games,Card Game,648,This card game from Mattel is a professional grade performance designed for daily use. It offers educational learning activity, develops creativity and logic and improves problem solving skills. Ideal choice for customers looking for a reliable card game in the toys & games category at around 648 rupees.
2358,Nerf Building Blocks Elite 590,Nerf,Toys & Games,Building Blocks,1169,This building blocks from Nerf is a budget friendly option designed for daily use. It offers safe non toxic material, improves problem solving skills and develops creativity and logic. Ideal choice for customers looking for a reliable building blocks in the toys & games category at around 1169 rupees.
2359,Funskool Remote Car Zen 597,Funskool,Toys & Games,Remote Car,539,This remote car from Funskool is a premium quality product designed for daily use. It offers develops creativity and logic, bright attractive colours and builds hand eye coordination. Ideal choice for customers looking for a reliable remote car in the toys & games category at around 539 rupees.
2360,Mattel Puzzle Set Max 604,Mattel,Toys & Games,Puzzle Set,1500,This puzzle set from Mattel is a mid range value for money pick designed for daily use. It offers suitable for age six and above, safe non toxic material and rechargeable battery included. Ideal choice for customers looking for a reliable puzzle set in the toys & games category at around 1500 rupees.
2361,Hot Wheels Board Game Nova 611,Hot Wheels,Toys & Games,Board Game,1994,This board game from Hot Wheels is a entry level basic model designed for daily use. It offers great return gift option, great return gift option and suitable for age six and above. Ideal choice for customers looking for a reliable board game in the toys & games category at around 1994 rupees.
2362,Smartivity Soft Toy Pro 618,Smartivity,Toys & Games,Soft Toy,288,This soft toy from Smartivity is a professional grade performance designed for daily use. It offers improves problem solving skills, family fun for all ages and educational learning activity. Ideal choice for customers looking for a reliable soft toy in the toys & games category at around 288 rupees.
2363,Lego Action Figure Zen 625,Lego,Toys & Games,Action Figure,1200,This action figure from Lego is a budget friendly option designed for daily use. It offers rechargeable battery included, educational learning activity and family fun for all ages. Ideal choice for customers looking for a reliable action figure in the toys & games category at around 1200 rupees.
2364,Chicco Drone Toy Ultra 632,Chicco,Toys & Games,Drone Toy,8098,This drone toy from Chicco is a premium quality product designed for daily use. It offers family fun for all ages, suitable for age six and above and great return gift option. Ideal choice for customers looking for a reliable drone toy in the toys & games category at around 8098 rupees.
2365,Playdoh Doll House Ultra 639,Playdoh,Toys & Games,Doll House,2729,This doll house from Playdoh is a mid range value for money pick designed for daily use. It offers bright attractive colours, rechargeable battery included and safe non toxic material. Ideal choice for customers looking for a reliable doll house in the toys & games category at around 2729 rupees.
2366,Hasbro Science Kit Zen 646,Hasbro,Toys & Games,Science Kit,3449,This science kit from Hasbro is a entry level basic model designed for daily use. It offers builds hand eye coordination, builds hand eye coordination and bright attractive colours. Ideal choice for customers looking for a reliable science kit in the toys & games category at around 3449 rupees.
2367,Skillmatics Card Game Nova 653,Skillmatics,Toys & Games,Card Game,621,This card game from Skillmatics is a professional grade performance designed for daily use. It offers educational learning activity, develops creativity and logic and improves problem solving skills. Ideal choice for customers looking for a reliable card game in the toys & games category at around 621 rupees.
2368,Playdoh Building Blocks Edge 660,Playdoh,Toys & Games,Building Blocks,809,This building blocks from Playdoh is a budget friendly option designed for daily use. It offers safe non toxic material, improves problem solving skills and develops creativity and logic. Ideal choice for customers looking for a reliable building blocks in the toys & games category at around 809 rupees.
2369,Hasbro Remote Car Air 667,Hasbro,Toys & Games,Remote Car,3779,This remote car from Hasbro is a premium quality product designed for daily use. It offers develops creativity and logic, bright attractive colours and builds hand eye coordination. Ideal choice for customers looking for a reliable remote car in the toys & games category at around 3779 rupees.
2370,Skillmatics Puzzle Set Max 674,Skillmatics,Toys & Games,Puzzle Set,1680,This puzzle set from Skillmatics is a mid range value for money pick designed for daily use. It offers suitable for age six and above, safe non toxic material and rechargeable battery included. Ideal choice for customers looking for a reliable puzzle set in the toys & games category at around 1680 rupees.
2371,Nerf Board Game Elite 681,Nerf,Toys & Games,Board Game,1574,This board game from Nerf is a entry level basic model designed for daily use. It offers great return gift option, great return gift option and suitable for age six and above. Ideal choice for customers looking for a reliable board game in the toys & games category at around 1574 rupees.
2372,Funskool Soft Toy Nova 688,Funskool,Toys & Games,Soft Toy,1056,This soft toy from Funskool is a professional grade performance designed for daily use. It offers improves problem solving skills, family fun for all ages and educational learning activity. Ideal choice for customers looking for a reliable soft toy in the toys & games category at around 1056 rupees.
2373,Mattel Action Figure Plus 695,Mattel,Toys & Games,Action Figure,1875,This action figure from Mattel is a budget friendly option designed for daily use. It offers rechargeable battery included, educational learning activity and family fun for all ages. Ideal choice for customers looking for a reliable action figure in the toys & games category at around 1875 rupees.
2374,Hot Wheels Drone Toy Elite 702,Hot Wheels,Toys & Games,Drone Toy,298,This drone toy from Hot Wheels is a premium quality product designed for daily use. It offers family fun for all ages, suitable for age six and above and great return gift option. Ideal choice for customers looking for a reliable drone toy in the toys & games category at around 298 rupees.
2375,Smartivity Doll House Sport 709,Smartivity,Toys & Games,Doll House,1169,This doll house from Smartivity is a mid range value for money pick designed for daily use. It offers bright attractive colours, rechargeable battery included and safe non toxic material. Ideal choice for customers looking for a reliable doll house in the toys & games category at around 1169 rupees.
2376,Lego Science Kit Nova 716,Lego,Toys & Games,Science Kit,3149,This science kit from Lego is a entry level basic model designed for daily use. It offers builds hand eye coordination, builds hand eye coordination and bright attractive colours. Ideal choice for customers looking for a reliable science kit in the toys & games category at around 3149 rupees.
2377,Chicco Card Game Nova 723,Chicco,Toys & Games,Card Game,729,This card game from Chicco is a professional grade performance designed for daily use. It offers educational learning activity, develops creativity and logic and improves problem solving skills. Ideal choice for customers looking for a reliable card game in the toys & games category at around 729 rupees.
2378,Smartivity Building Blocks Max 730,Smartivity,Toys & Games,Building Blocks,89,This building blocks from Smartivity is a budget friendly option designed for daily use. It offers safe non toxic material, improves problem solving skills and develops creativity and logic. Ideal choice for customers looking for a reliable building blocks in the toys & games category at around 89 rupees.
2379,Lego Remote Car Pro 737,Lego,Toys & Games,Remote Car,3239,This remote car from Lego is a premium quality product designed for daily use. It offers develops creativity and logic, bright attractive colours and builds hand eye coordination. Ideal choice for customers looking for a reliable remote car in the toys & games category at around 3239 rupees.
2380,Chicco Puzzle Set Elite 744,Chicco,Toys & Games,Puzzle Set,1680,This puzzle set from Chicco is a mid range value for money pick designed for daily use. It offers suitable for age six and above, safe non toxic material and rechargeable battery included. Ideal choice for customers looking for a reliable puzzle set in the toys & games category at around 1680 rupees.
2381,Playdoh Board Game Neo 751,Playdoh,Toys & Games,Board Game,1469,This board game from Playdoh is a entry level basic model designed for daily use. It offers great return gift option, great return gift option and suitable for age six and above. Ideal choice for customers looking for a reliable board game in the toys & games category at around 1469 rupees.
2382,Hasbro Soft Toy Sport 758,Hasbro,Toys & Games,Soft Toy,816,This soft toy from Hasbro is a professional grade performance designed for daily use. It offers improves problem solving skills, family fun for all ages and educational learning activity. Ideal choice for customers looking for a reliable soft toy in the toys & games category at around 816 rupees.
2383,Skillmatics Action Figure Zen 765,Skillmatics,Toys & Games,Action Figure,1575,This action figure from Skillmatics is a budget friendly option designed for daily use. It offers rechargeable battery included, educational learning activity and family fun for all ages. Ideal choice for customers looking for a reliable action figure in the toys & games category at around 1575 rupees.
2384,Nerf Drone Toy Ultra 772,Nerf,Toys & Games,Drone Toy,1798,This drone toy from Nerf is a premium quality product designed for daily use. It offers family fun for all ages, suitable for age six and above and great return gift option. Ideal choice for customers looking for a reliable drone toy in the toys & games category at around 1798 rupees.
2385,Funskool Doll House Plus 779,Funskool,Toys & Games,Doll House,389,This doll house from Funskool is a mid range value for money pick designed for daily use. It offers bright attractive colours, rechargeable battery included and safe non toxic material. Ideal choice for customers looking for a reliable doll house in the toys & games category at around 389 rupees.
2386,Mattel Science Kit Prime 786,Mattel,Toys & Games,Science Kit,3149,This science kit from Mattel is a entry level basic model designed for daily use. It offers builds hand eye coordination, builds hand eye coordination and bright attractive colours. Ideal choice for customers looking for a reliable science kit in the toys & games category at around 3149 rupees.
2387,Hot Wheels Card Game Elite 793,Hot Wheels,Toys & Games,Card Game,270,This card game from Hot Wheels is a professional grade performance designed for daily use. It offers educational learning activity, develops creativity and logic and improves problem solving skills. Ideal choice for customers looking for a reliable card game in the toys & games category at around 270 rupees.
2388,Funskool Building Blocks Core 800,Funskool,Toys & Games,Building Blocks,1079,This building blocks from Funskool is a budget friendly option designed for daily use. It offers safe non toxic material, improves problem solving skills and develops creativity and logic. Ideal choice for customers looking for a reliable building blocks in the toys & games category at around 1079 rupees.
2389,Mattel Remote Car Plus 807,Mattel,Toys & Games,Remote Car,3059,This remote car from Mattel is a premium quality product designed for daily use. It offers develops creativity and logic, bright attractive colours and builds hand eye coordination. Ideal choice for customers looking for a reliable remote car in the toys & games category at around 3059 rupees.
2390,Hot Wheels Puzzle Set Core 814,Hot Wheels,Toys & Games,Puzzle Set,1140,This puzzle set from Hot Wheels is a mid range value for money pick designed for daily use. It offers suitable for age six and above, safe non toxic material and rechargeable battery included. Ideal choice for customers looking for a reliable puzzle set in the toys & games category at around 1140 rupees.
2391,Smartivity Board Game Air 821,Smartivity,Toys & Games,Board Game,1154,This board game from Smartivity is a entry level basic model designed for daily use. It offers great return gift option, great return gift option and suitable for age six and above. Ideal choice for customers looking for a reliable board game in the toys & games category at around 1154 rupees.
2392,Lego Soft Toy Pro 828,Lego,Toys & Games,Soft Toy,1296,This soft toy from Lego is a professional grade performance designed for daily use. It offers improves problem solving skills, family fun for all ages and educational learning activity. Ideal choice for customers looking for a reliable soft toy in the toys & games category at around 1296 rupees.
2393,Chicco Action Figure Neo 835,Chicco,Toys & Games,Action Figure,825,This action figure from Chicco is a budget friendly option designed for daily use. It offers rechargeable battery included, educational learning activity and family fun for all ages. Ideal choice for customers looking for a reliable action figure in the toys & games category at around 825 rupees.
2394,Playdoh Drone Toy Classic 842,Playdoh,Toys & Games,Drone Toy,4498,This drone toy from Playdoh is a premium quality product designed for daily use. It offers family fun for all ages, suitable for age six and above and great return gift option. Ideal choice for customers looking for a reliable drone toy in the toys & games category at around 4498 rupees.
2395,Hasbro Doll House Elite 849,Hasbro,Toys & Games,Doll House,3899,This doll house from Hasbro is a mid range value for money pick designed for daily use. It offers bright attractive colours, rechargeable battery included and safe non toxic material. Ideal choice for customers looking for a reliable doll house in the toys & games category at around 3899 rupees.
2396,Skillmatics Science Kit Pro 856,Skillmatics,Toys & Games,Science Kit,2849,This science kit from Skillmatics is a entry level basic model designed for daily use. It offers builds hand eye coordination, builds hand eye coordination and bright attractive colours. Ideal choice for customers looking for a reliable science kit in the toys & games category at around 2849 rupees.
2397,Nerf Card Game Plus 863,Nerf,Toys & Games,Card Game,621,This card game from Nerf is a professional grade performance designed for daily use. It offers educational learning activity, develops creativity and logic and improves problem solving skills. Ideal choice for customers looking for a reliable card game in the toys & games category at around 621 rupees.
2398,Hasbro Building Blocks Ultra 870,Hasbro,Toys & Games,Building Blocks,2699,This building blocks from Hasbro is a budget friendly option designed for daily use. It offers safe non toxic material, improves problem solving skills and develops creativity and logic. Ideal choice for customers looking for a reliable building blocks in the toys & games category at around 2699 rupees.
2399,Skillmatics Remote Car Ultra 877,Skillmatics,Toys & Games,Remote Car,3599,This remote car from Skillmatics is a premium quality product designed for daily use. It offers develops creativity and logic, bright attractive colours and builds hand eye coordination. Ideal choice for customers looking for a reliable remote car in the toys & games category at around 3599 rupees.
2400,Nerf Puzzle Set Neo 884,Nerf,Toys & Games,Puzzle Set,600,This puzzle set from Nerf is a mid range value for money pick designed for daily use. It offers suitable for age six and above, safe non toxic material and rechargeable battery included. Ideal choice for customers looking for a reliable puzzle set in the toys & games category at around 600 rupees.
2401,Funskool Board Game Classic 891,Funskool,Toys & Games,Board Game,3044,This board game from Funskool is a entry level basic model designed for daily use. It offers great return gift option, great return gift option and suitable for age six and above. Ideal choice for customers looking for a reliable board game in the toys & games category at around 3044 rupees.
2402,Mattel Soft Toy Nova 898,Mattel,Toys & Games,Soft Toy,384,This soft toy from Mattel is a professional grade performance designed for daily use. It offers improves problem solving skills, family fun for all ages and educational learning activity. Ideal choice for customers looking for a reliable soft toy in the toys & games category at around 384 rupees.
2403,Hot Wheels Action Figure Core 905,Hot Wheels,Toys & Games,Action Figure,150,This action figure from Hot Wheels is a budget friendly option designed for daily use. It offers rechargeable battery included, educational learning activity and family fun for all ages. Ideal choice for customers looking for a reliable action figure in the toys & games category at around 150 rupees.
2404,Smartivity Drone Toy Prime 912,Smartivity,Toys & Games,Drone Toy,2698,This drone toy from Smartivity is a premium quality product designed for daily use. It offers family fun for all ages, suitable for age six and above and great return gift option. Ideal choice for customers looking for a reliable drone toy in the toys & games category at around 2698 rupees.
2405,Lego Doll House Max 919,Lego,Toys & Games,Doll House,5264,This doll house from Lego is a mid range value for money pick designed for daily use. It offers bright attractive colours, rechargeable battery included and safe non toxic material. Ideal choice for customers looking for a reliable doll house in the toys & games category at around 5264 rupees.
2406,Chicco Science Kit Core 926,Chicco,Toys & Games,Science Kit,4349,This science kit from Chicco is a entry level basic model designed for daily use. It offers builds hand eye coordination, builds hand eye coordination and bright attractive colours. Ideal choice for customers looking for a reliable science kit in the toys & games category at around 4349 rupees.
2407,Playdoh Card Game Neo 933,Playdoh,Toys & Games,Card Game,756,This card game from Playdoh is a professional grade performance designed for daily use. It offers educational learning activity, develops creativity and logic and improves problem solving skills. Ideal choice for customers looking for a reliable card game in the toys & games category at around 756 rupees.
2408,Lego Building Blocks Elite 940,Lego,Toys & Games,Building Blocks,1709,This building blocks from Lego is a budget friendly option designed for daily use. It offers safe non toxic material, improves problem solving skills and develops creativity and logic. Ideal choice for customers looking for a reliable building blocks in the toys & games category at around 1709 rupees.
2409,Chicco Remote Car Air 947,Chicco,Toys & Games,Remote Car,3599,This remote car from Chicco is a premium quality product designed for daily use. It offers develops creativity and logic, bright attractive colours and builds hand eye coordination. Ideal choice for customers looking for a reliable remote car in the toys & games category at around 3599 rupees.
2410,Playdoh Puzzle Set Edge 954,Playdoh,Toys & Games,Puzzle Set,1680,This puzzle set from Playdoh is a mid range value for money pick designed for daily use. It offers suitable for age six and above, safe non toxic material and rechargeable battery included. Ideal choice for customers looking for a reliable puzzle set in the toys & games category at around 1680 rupees.
2411,Hasbro Board Game Classic 961,Hasbro,Toys & Games,Board Game,629,This board game from Hasbro is a entry level basic model designed for daily use. It offers great return gift option, great return gift option and suitable for age six and above. Ideal choice for customers looking for a reliable board game in the toys & games category at around 629 rupees.
2412,Skillmatics Soft Toy Classic 968,Skillmatics,Toys & Games,Soft Toy,384,This soft toy from Skillmatics is a professional grade performance designed for daily use. It offers improves problem solving skills, family fun for all ages and educational learning activity. Ideal choice for customers looking for a reliable soft toy in the toys & games category at around 384 rupees.
2413,Nerf Action Figure Prime 975,Nerf,Toys & Games,Action Figure,375,This action figure from Nerf is a budget friendly option designed for daily use. It offers rechargeable battery included, educational learning activity and family fun for all ages. Ideal choice for customers looking for a reliable action figure in the toys & games category at around 375 rupees.
2414,Funskool Drone Toy Core 982,Funskool,Toys & Games,Drone Toy,8998,This drone toy from Funskool is a premium quality product designed for daily use. It offers family fun for all ages, suitable for age six and above and great return gift option. Ideal choice for customers looking for a reliable drone toy in the toys & games category at around 8998 rupees.
2415,Mattel Doll House Core 989,Mattel,Toys & Games,Doll House,5459,This doll house from Mattel is a mid range value for money pick designed for daily use. It offers bright attractive colours, rechargeable battery included and safe non toxic material. Ideal choice for customers looking for a reliable doll house in the toys & games category at around 5459 rupees.
2416,Hot Wheels Science Kit Nova 996,Hot Wheels,Toys & Games,Science Kit,2099,This science kit from Hot Wheels is a entry level basic model designed for daily use. It offers builds hand eye coordination, builds hand eye coordination and bright attractive colours. Ideal choice for customers looking for a reliable science kit in the toys & games category at around 2099 rupees.
2417,Smartivity Card Game Air 103,Smartivity,Toys & Games,Card Game,783,This card game from Smartivity is a professional grade performance designed for daily use. It offers educational learning activity, develops creativity and logic and improves problem solving skills. Ideal choice for customers looking for a reliable card game in the toys & games category at around 783 rupees.
2418,Mattel Building Blocks Ultra 110,Mattel,Toys & Games,Building Blocks,1799,This building blocks from Mattel is a budget friendly option designed for daily use. It offers safe non toxic material, improves problem solving skills and develops creativity and logic. Ideal choice for customers looking for a reliable building blocks in the toys & games category at around 1799 rupees.
2419,Hot Wheels Remote Car Ultra 117,Hot Wheels,Toys & Games,Remote Car,2339,This remote car from Hot Wheels is a premium quality product designed for daily use. It offers develops creativity and logic, bright attractive colours and builds hand eye coordination. Ideal choice for customers looking for a reliable remote car in the toys & games category at around 2339 rupees.
2420,Smartivity Puzzle Set Max 124,Smartivity,Toys & Games,Puzzle Set,240,This puzzle set from Smartivity is a mid range value for money pick designed for daily use. It offers suitable for age six and above, safe non toxic material and rechargeable battery included. Ideal choice for customers looking for a reliable puzzle set in the toys & games category at around 240 rupees.
2421,Lego Board Game Zen 131,Lego,Toys & Games,Board Game,1784,This board game from Lego is a entry level basic model designed for daily use. It offers great return gift option, great return gift option and suitable for age six and above. Ideal choice for customers looking for a reliable board game in the toys & games category at around 1784 rupees.
2422,Chicco Soft Toy Neo 138,Chicco,Toys & Games,Soft Toy,864,This soft toy from Chicco is a professional grade performance designed for daily use. It offers improves problem solving skills, family fun for all ages and educational learning activity. Ideal choice for customers looking for a reliable soft toy in the toys & games category at around 864 rupees.
2423,Playdoh Action Figure Air 145,Playdoh,Toys & Games,Action Figure,375,This action figure from Playdoh is a budget friendly option designed for daily use. It offers rechargeable battery included, educational learning activity and family fun for all ages. Ideal choice for customers looking for a reliable action figure in the toys & games category at around 375 rupees.
2424,Hasbro Drone Toy Neo 152,Hasbro,Toys & Games,Drone Toy,4498,This drone toy from Hasbro is a premium quality product designed for daily use. It offers family fun for all ages, suitable for age six and above and great return gift option. Ideal choice for customers looking for a reliable drone toy in the toys & games category at around 4498 rupees.
2425,Skillmatics Doll House Nova 159,Skillmatics,Toys & Games,Doll House,4289,This doll house from Skillmatics is a mid range value for money pick designed for daily use. It offers bright attractive colours, rechargeable battery included and safe non toxic material. Ideal choice for customers looking for a reliable doll house in the toys & games category at around 4289 rupees.
2426,Nerf Science Kit Ultra 166,Nerf,Toys & Games,Science Kit,1199,This science kit from Nerf is a entry level basic model designed for daily use. It offers builds hand eye coordination, builds hand eye coordination and bright attractive colours. Ideal choice for customers looking for a reliable science kit in the toys & games category at around 1199 rupees.
2427,Funskool Card Game Pro 173,Funskool,Toys & Games,Card Game,702,This card game from Funskool is a professional grade performance designed for daily use. It offers educational learning activity, develops creativity and logic and improves problem solving skills. Ideal choice for customers looking for a reliable card game in the toys & games category at around 702 rupees.
2428,Skillmatics Building Blocks Zen 180,Skillmatics,Toys & Games,Building Blocks,1439,This building blocks from Skillmatics is a budget friendly option designed for daily use. It offers safe non toxic material, improves problem solving skills and develops creativity and logic. Ideal choice for customers looking for a reliable building blocks in the toys & games category at around 1439 rupees.
2429,Nerf Remote Car Lite 187,Nerf,Toys & Games,Remote Car,2339,This remote car from Nerf is a premium quality product designed for daily use. It offers develops creativity and logic, bright attractive colours and builds hand eye coordination. Ideal choice for customers looking for a reliable remote car in the toys & games category at around 2339 rupees.
2430,Funskool Puzzle Set Neo 194,Funskool,Toys & Games,Puzzle Set,1140,This puzzle set from Funskool is a mid range value for money pick designed for daily use. It offers suitable for age six and above, safe non toxic material and rechargeable battery included. Ideal choice for customers looking for a reliable puzzle set in the toys & games category at around 1140 rupees.
2431,Prestige Pressure Cooker Neo 100,Prestige,Kitchen,Pressure Cooker,8904,This pressure cooker from Prestige is a budget friendly option designed for daily use. It offers even heat distribution, leak proof tight lid and gas and induction compatible. Ideal choice for customers looking for a reliable pressure cooker in the kitchen category at around 8904 rupees.
2432,Butterfly Non Stick Pan Pro 107,Butterfly,Kitchen,Non Stick Pan,1829,This non stick pan from Butterfly is a premium quality product designed for daily use. It offers gas and induction compatible, ergonomic heat resistant handle and suitable for daily indian cooking. Ideal choice for customers looking for a reliable non stick pan in the kitchen category at around 1829 rupees.
2433,Cello Mixer Grinder Nova 114,Cello,Kitchen,Mixer Grinder,6478,This mixer grinder from Cello is a mid range value for money pick designed for daily use. It offers food grade stainless steel, even heat distribution and saves cooking time. Ideal choice for customers looking for a reliable mixer grinder in the kitchen category at around 6478 rupees.
2434,Vinod Knife Set Elite 121,Vinod,Kitchen,Knife Set,5634,This knife set from Vinod is a entry level basic model designed for daily use. It offers easy to clean non stick coating, easy to clean non stick coating and food grade stainless steel. Ideal choice for customers looking for a reliable knife set in the kitchen category at around 5634 rupees.
2435,Pigeon Dinner Set Ultra 128,Pigeon,Kitchen,Dinner Set,8854,This dinner set from Pigeon is a professional grade performance designed for daily use. It offers leak proof tight lid, dishwasher safe build and five year warranty. Ideal choice for customers looking for a reliable dinner set in the kitchen category at around 8854 rupees.
2436,Milton Casserole Air 135,Milton,Kitchen,Casserole,1525,This casserole from Milton is a budget friendly option designed for daily use. It offers saves cooking time, five year warranty and dishwasher safe build. Ideal choice for customers looking for a reliable casserole in the kitchen category at around 1525 rupees.
2437,Bajaj Chopping Board Classic 142,Bajaj,Kitchen,Chopping Board,657,This chopping board from Bajaj is a premium quality product designed for daily use. It offers dishwasher safe build, food grade stainless steel and easy to clean non stick coating. Ideal choice for customers looking for a reliable chopping board in the kitchen category at around 657 rupees.
2438,Hawkins Electric Kettle Elite 149,Hawkins,Kitchen,Electric Kettle,3534,This electric kettle from Hawkins is a mid range value for money pick designed for daily use. It offers ergonomic heat resistant handle, saves cooking time and even heat distribution. Ideal choice for customers looking for a reliable electric kettle in the kitchen category at around 3534 rupees.
2439,Borosil Tiffin Box Lite 156,Borosil,Kitchen,Tiffin Box,2512,This tiffin box from Borosil is a entry level basic model designed for daily use. It offers suitable for daily indian cooking, suitable for daily indian cooking and ergonomic heat resistant handle. Ideal choice for customers looking for a reliable tiffin box in the kitchen category at around 2512 rupees.
2440,Wonderchef Cookware Set Core 163,Wonderchef,Kitchen,Cookware Set,8728,This cookware set from Wonderchef is a professional grade performance designed for daily use. It offers five year warranty, gas and induction compatible and leak proof tight lid. Ideal choice for customers looking for a reliable cookware set in the kitchen category at around 8728 rupees.
2441,Hawkins Pressure Cooker Plus 170,Hawkins,Kitchen,Pressure Cooker,7084,This pressure cooker from Hawkins is a budget friendly option designed for daily use. It offers even heat distribution, leak proof tight lid and gas and induction compatible. Ideal choice for customers looking for a reliable pressure cooker in the kitchen category at around 7084 rupees.
2442,Borosil Non Stick Pan Ultra 177,Borosil,Kitchen,Non Stick Pan,1229,This non stick pan from Borosil is a premium quality product designed for daily use. It offers gas and induction compatible, ergonomic heat resistant handle and suitable for daily indian cooking. Ideal choice for customers looking for a reliable non stick pan in the kitchen category at around 1229 rupees.
2443,Wonderchef Mixer Grinder Nova 184,Wonderchef,Kitchen,Mixer Grinder,7118,This mixer grinder from Wonderchef is a mid range value for money pick designed for daily use. It offers food grade stainless steel, even heat distribution and saves cooking time. Ideal choice for customers looking for a reliable mixer grinder in the kitchen category at around 7118 rupees.
2444,Prestige Knife Set Prime 191,Prestige,Kitchen,Knife Set,2554,This knife set from Prestige is a entry level basic model designed for daily use. It offers easy to clean non stick coating, easy to clean non stick coating and food grade stainless steel. Ideal choice for customers looking for a reliable knife set in the kitchen category at around 2554 rupees.
2445,Butterfly Dinner Set Plus 198,Butterfly,Kitchen,Dinner Set,7534,This dinner set from Butterfly is a professional grade performance designed for daily use. It offers leak proof tight lid, dishwasher safe build and five year warranty. Ideal choice for customers looking for a reliable dinner set in the kitchen category at around 7534 rupees.
2446,Cello Casserole Air 205,Cello,Kitchen,Casserole,2425,This casserole from Cello is a budget friendly option designed for daily use. It offers saves cooking time, five year warranty and dishwasher safe build. Ideal choice for customers looking for a reliable casserole in the kitchen category at around 2425 rupees.
2447,Vinod Chopping Board Core 212,Vinod,Kitchen,Chopping Board,981,This chopping board from Vinod is a premium quality product designed for daily use. It offers dishwasher safe build, food grade stainless steel and easy to clean non stick coating. Ideal choice for customers looking for a reliable chopping board in the kitchen category at around 981 rupees.
2448,Pigeon Electric Kettle Sport 219,Pigeon,Kitchen,Electric Kettle,5634,This electric kettle from Pigeon is a mid range value for money pick designed for daily use. It offers ergonomic heat resistant handle, saves cooking time and even heat distribution. Ideal choice for customers looking for a reliable electric kettle in the kitchen category at around 5634 rupees.
2449,Milton Tiffin Box Core 226,Milton,Kitchen,Tiffin Box,2256,This tiffin box from Milton is a entry level basic model designed for daily use. It offers suitable for daily indian cooking, suitable for daily indian cooking and ergonomic heat resistant handle. Ideal choice for customers looking for a reliable tiffin box in the kitchen category at around 2256 rupees.
2450,Bajaj Cookware Set Plus 233,Bajaj,Kitchen,Cookware Set,2608,This cookware set from Bajaj is a professional grade performance designed for daily use. It offers five year warranty, gas and induction compatible and leak proof tight lid. Ideal choice for customers looking for a reliable cookware set in the kitchen category at around 2608 rupees.
2451,Pigeon Pressure Cooker Neo 240,Pigeon,Kitchen,Pressure Cooker,5264,This pressure cooker from Pigeon is a budget friendly option designed for daily use. It offers even heat distribution, leak proof tight lid and gas and induction compatible. Ideal choice for customers looking for a reliable pressure cooker in the kitchen category at around 5264 rupees.
2452,Milton Non Stick Pan Max 247,Milton,Kitchen,Non Stick Pan,1829,This non stick pan from Milton is a premium quality product designed for daily use. It offers gas and induction compatible, ergonomic heat resistant handle and suitable for daily indian cooking. Ideal choice for customers looking for a reliable non stick pan in the kitchen category at around 1829 rupees.
2453,Bajaj Mixer Grinder Neo 254,Bajaj,Kitchen,Mixer Grinder,9038,This mixer grinder from Bajaj is a mid range value for money pick designed for daily use. It offers food grade stainless steel, even heat distribution and saves cooking time. Ideal choice for customers looking for a reliable mixer grinder in the kitchen category at around 9038 rupees.
2454,Hawkins Knife Set Neo 261,Hawkins,Kitchen,Knife Set,2554,This knife set from Hawkins is a entry level basic model designed for daily use. It offers easy to clean non stick coating, easy to clean non stick coating and food grade stainless steel. Ideal choice for customers looking for a reliable knife set in the kitchen category at around 2554 rupees.
2455,Borosil Dinner Set Max 268,Borosil,Kitchen,Dinner Set,8854,This dinner set from Borosil is a professional grade performance designed for daily use. It offers leak proof tight lid, dishwasher safe build and five year warranty. Ideal choice for customers looking for a reliable dinner set in the kitchen category at around 8854 rupees.
2456,Wonderchef Casserole Pro 275,Wonderchef,Kitchen,Casserole,1125,This casserole from Wonderchef is a budget friendly option designed for daily use. It offers saves cooking time, five year warranty and dishwasher safe build. Ideal choice for customers looking for a reliable casserole in the kitchen category at around 1125 rupees.
2457,Prestige Chopping Board Core 282,Prestige,Kitchen,Chopping Board,1269,This chopping board from Prestige is a premium quality product designed for daily use. It offers dishwasher safe build, food grade stainless steel and easy to clean non stick coating. Ideal choice for customers looking for a reliable chopping board in the kitchen category at around 1269 rupees.
2458,Butterfly Electric Kettle Zen 289,Butterfly,Kitchen,Electric Kettle,174,This electric kettle from Butterfly is a mid range value for money pick designed for daily use. It offers ergonomic heat resistant handle, saves cooking time and even heat distribution. Ideal choice for customers looking for a reliable electric kettle in the kitchen category at around 174 rupees.
2459,Cello Tiffin Box Neo 296,Cello,Kitchen,Tiffin Box,2000,This tiffin box from Cello is a entry level basic model designed for daily use. It offers suitable for daily indian cooking, suitable for daily indian cooking and ergonomic heat resistant handle. Ideal choice for customers looking for a reliable tiffin box in the kitchen category at around 2000 rupees.
2460,Vinod Cookware Set Max 303,Vinod,Kitchen,Cookware Set,7648,This cookware set from Vinod is a professional grade performance designed for daily use. It offers five year warranty, gas and induction compatible and leak proof tight lid. Ideal choice for customers looking for a reliable cookware set in the kitchen category at around 7648 rupees.
2461,Butterfly Pressure Cooker Nova 310,Butterfly,Kitchen,Pressure Cooker,5004,This pressure cooker from Butterfly is a budget friendly option designed for daily use. It offers even heat distribution, leak proof tight lid and gas and induction compatible. Ideal choice for customers looking for a reliable pressure cooker in the kitchen category at around 5004 rupees.
2462,Cello Non Stick Pan Ultra 317,Cello,Kitchen,Non Stick Pan,2429,This non stick pan from Cello is a premium quality product designed for daily use. It offers gas and induction compatible, ergonomic heat resistant handle and suitable for daily indian cooking. Ideal choice for customers looking for a reliable non stick pan in the kitchen category at around 2429 rupees.
2463,Vinod Mixer Grinder Air 324,Vinod,Kitchen,Mixer Grinder,10638,This mixer grinder from Vinod is a mid range value for money pick designed for daily use. It offers food grade stainless steel, even heat distribution and saves cooking time. Ideal choice for customers looking for a reliable mixer grinder in the kitchen category at around 10638 rupees.
2464,Pigeon Knife Set Edge 331,Pigeon,Kitchen,Knife Set,3394,This knife set from Pigeon is a entry level basic model designed for daily use. It offers easy to clean non stick coating, easy to clean non stick coating and food grade stainless steel. Ideal choice for customers looking for a reliable knife set in the kitchen category at around 3394 rupees.
2465,Milton Dinner Set Pro 338,Milton,Kitchen,Dinner Set,1594,This dinner set from Milton is a professional grade performance designed for daily use. It offers leak proof tight lid, dishwasher safe build and five year warranty. Ideal choice for customers looking for a reliable dinner set in the kitchen category at around 1594 rupees.
2466,Bajaj Casserole Air 345,Bajaj,Kitchen,Casserole,3825,This casserole from Bajaj is a budget friendly option designed for daily use. It offers saves cooking time, five year warranty and dishwasher safe build. Ideal choice for customers looking for a reliable casserole in the kitchen category at around 3825 rupees.
2467,Hawkins Chopping Board Elite 352,Hawkins,Kitchen,Chopping Board,441,This chopping board from Hawkins is a premium quality product designed for daily use. It offers dishwasher safe build, food grade stainless steel and easy to clean non stick coating. Ideal choice for customers looking for a reliable chopping board in the kitchen category at around 441 rupees.
2468,Borosil Electric Kettle Core 359,Borosil,Kitchen,Electric Kettle,1434,This electric kettle from Borosil is a mid range value for money pick designed for daily use. It offers ergonomic heat resistant handle, saves cooking time and even heat distribution. Ideal choice for customers looking for a reliable electric kettle in the kitchen category at around 1434 rupees.
2469,Wonderchef Tiffin Box Core 366,Wonderchef,Kitchen,Tiffin Box,1424,This tiffin box from Wonderchef is a entry level basic model designed for daily use. It offers suitable for daily indian cooking, suitable for daily indian cooking and ergonomic heat resistant handle. Ideal choice for customers looking for a reliable tiffin box in the kitchen category at around 1424 rupees.
2470,Prestige Cookware Set Ultra 373,Prestige,Kitchen,Cookware Set,14128,This cookware set from Prestige is a professional grade performance designed for daily use. It offers five year warranty, gas and induction compatible and leak proof tight lid. Ideal choice for customers looking for a reliable cookware set in the kitchen category at around 14128 rupees.
2471,Borosil Pressure Cooker Sport 380,Borosil,Kitchen,Pressure Cooker,5784,This pressure cooker from Borosil is a budget friendly option designed for daily use. It offers even heat distribution, leak proof tight lid and gas and induction compatible. Ideal choice for customers looking for a reliable pressure cooker in the kitchen category at around 5784 rupees.
2472,Wonderchef Non Stick Pan Plus 387,Wonderchef,Kitchen,Non Stick Pan,869,This non stick pan from Wonderchef is a premium quality product designed for daily use. It offers gas and induction compatible, ergonomic heat resistant handle and suitable for daily indian cooking. Ideal choice for customers looking for a reliable non stick pan in the kitchen category at around 869 rupees.
2473,Prestige Mixer Grinder Classic 394,Prestige,Kitchen,Mixer Grinder,398,This mixer grinder from Prestige is a mid range value for money pick designed for daily use. It offers food grade stainless steel, even heat distribution and saves cooking time. Ideal choice for customers looking for a reliable mixer grinder in the kitchen category at around 398 rupees.
2474,Butterfly Knife Set Neo 401,Butterfly,Kitchen,Knife Set,174,This knife set from Butterfly is a entry level basic model designed for daily use. It offers easy to clean non stick coating, easy to clean non stick coating and food grade stainless steel. Ideal choice for customers looking for a reliable knife set in the kitchen category at around 174 rupees.
2475,Cello Dinner Set Pro 408,Cello,Kitchen,Dinner Set,3794,This dinner set from Cello is a professional grade performance designed for daily use. It offers leak proof tight lid, dishwasher safe build and five year warranty. Ideal choice for customers looking for a reliable dinner set in the kitchen category at around 3794 rupees.
2476,Vinod Casserole Lite 415,Vinod,Kitchen,Casserole,3825,This casserole from Vinod is a budget friendly option designed for daily use. It offers saves cooking time, five year warranty and dishwasher safe build. Ideal choice for customers looking for a reliable casserole in the kitchen category at around 3825 rupees.
2477,Pigeon Chopping Board Neo 422,Pigeon,Kitchen,Chopping Board,1017,This chopping board from Pigeon is a premium quality product designed for daily use. It offers dishwasher safe build, food grade stainless steel and easy to clean non stick coating. Ideal choice for customers looking for a reliable chopping board in the kitchen category at around 1017 rupees.
2478,Milton Electric Kettle Ultra 429,Milton,Kitchen,Electric Kettle,4374,This electric kettle from Milton is a mid range value for money pick designed for daily use. It offers ergonomic heat resistant handle, saves cooking time and even heat distribution. Ideal choice for customers looking for a reliable electric kettle in the kitchen category at around 4374 rupees.
2479,Bajaj Tiffin Box Zen 436,Bajaj,Kitchen,Tiffin Box,1040,This tiffin box from Bajaj is a entry level basic model designed for daily use. It offers suitable for daily indian cooking, suitable for daily indian cooking and ergonomic heat resistant handle. Ideal choice for customers looking for a reliable tiffin box in the kitchen category at around 1040 rupees.
2480,Hawkins Cookware Set Neo 443,Hawkins,Kitchen,Cookware Set,5848,This cookware set from Hawkins is a professional grade performance designed for daily use. It offers five year warranty, gas and induction compatible and leak proof tight lid. Ideal choice for customers looking for a reliable cookware set in the kitchen category at around 5848 rupees.
2481,Milton Pressure Cooker Nova 450,Milton,Kitchen,Pressure Cooker,1104,This pressure cooker from Milton is a budget friendly option designed for daily use. It offers even heat distribution, leak proof tight lid and gas and induction compatible. Ideal choice for customers looking for a reliable pressure cooker in the kitchen category at around 1104 rupees.
2482,Bajaj Non Stick Pan Nova 457,Bajaj,Kitchen,Non Stick Pan,989,This non stick pan from Bajaj is a premium quality product designed for daily use. It offers gas and induction compatible, ergonomic heat resistant handle and suitable for daily indian cooking. Ideal choice for customers looking for a reliable non stick pan in the kitchen category at around 989 rupees.
2483,Hawkins Mixer Grinder Zen 464,Hawkins,Kitchen,Mixer Grinder,718,This mixer grinder from Hawkins is a mid range value for money pick designed for daily use. It offers food grade stainless steel, even heat distribution and saves cooking time. Ideal choice for customers looking for a reliable mixer grinder in the kitchen category at around 718 rupees.
2484,Borosil Knife Set Core 471,Borosil,Kitchen,Knife Set,734,This knife set from Borosil is a entry level basic model designed for daily use. It offers easy to clean non stick coating, easy to clean non stick coating and food grade stainless steel. Ideal choice for customers looking for a reliable knife set in the kitchen category at around 734 rupees.
2485,Wonderchef Dinner Set Sport 478,Wonderchef,Kitchen,Dinner Set,5114,This dinner set from Wonderchef is a professional grade performance designed for daily use. It offers leak proof tight lid, dishwasher safe build and five year warranty. Ideal choice for customers looking for a reliable dinner set in the kitchen category at around 5114 rupees.
2486,Prestige Casserole Pro 485,Prestige,Kitchen,Casserole,3525,This casserole from Prestige is a budget friendly option designed for daily use. It offers saves cooking time, five year warranty and dishwasher safe build. Ideal choice for customers looking for a reliable casserole in the kitchen category at around 3525 rupees.
2487,Butterfly Chopping Board Lite 492,Butterfly,Kitchen,Chopping Board,261,This chopping board from Butterfly is a premium quality product designed for daily use. It offers dishwasher safe build, food grade stainless steel and easy to clean non stick coating. Ideal choice for customers looking for a reliable chopping board in the kitchen category at around 261 rupees.
2488,Cello Electric Kettle Pro 499,Cello,Kitchen,Electric Kettle,2134,This electric kettle from Cello is a mid range value for money pick designed for daily use. It offers ergonomic heat resistant handle, saves cooking time and even heat distribution. Ideal choice for customers looking for a reliable electric kettle in the kitchen category at around 2134 rupees.
2489,Vinod Tiffin Box Classic 506,Vinod,Kitchen,Tiffin Box,2064,This tiffin box from Vinod is a entry level basic model designed for daily use. It offers suitable for daily indian cooking, suitable for daily indian cooking and ergonomic heat resistant handle. Ideal choice for customers looking for a reliable tiffin box in the kitchen category at around 2064 rupees.
2490,Pigeon Cookware Set Sport 513,Pigeon,Kitchen,Cookware Set,2608,This cookware set from Pigeon is a professional grade performance designed for daily use. It offers five year warranty, gas and induction compatible and leak proof tight lid. Ideal choice for customers looking for a reliable cookware set in the kitchen category at around 2608 rupees.
2491,Cello Pressure Cooker Max 520,Cello,Kitchen,Pressure Cooker,9944,This pressure cooker from Cello is a budget friendly option designed for daily use. It offers even heat distribution, leak proof tight lid and gas and induction compatible. Ideal choice for customers looking for a reliable pressure cooker in the kitchen category at around 9944 rupees.
2492,Vinod Non Stick Pan Elite 527,Vinod,Kitchen,Non Stick Pan,1469,This non stick pan from Vinod is a premium quality product designed for daily use. It offers gas and induction compatible, ergonomic heat resistant handle and suitable for daily indian cooking. Ideal choice for customers looking for a reliable non stick pan in the kitchen category at around 1469 rupees.
2493,Pigeon Mixer Grinder Prime 534,Pigeon,Kitchen,Mixer Grinder,7758,This mixer grinder from Pigeon is a mid range value for money pick designed for daily use. It offers food grade stainless steel, even heat distribution and saves cooking time. Ideal choice for customers looking for a reliable mixer grinder in the kitchen category at around 7758 rupees.
2494,Milton Knife Set Neo 541,Milton,Kitchen,Knife Set,2554,This knife set from Milton is a entry level basic model designed for daily use. It offers easy to clean non stick coating, easy to clean non stick coating and food grade stainless steel. Ideal choice for customers looking for a reliable knife set in the kitchen category at around 2554 rupees.
2495,Bajaj Dinner Set Zen 548,Bajaj,Kitchen,Dinner Set,2694,This dinner set from Bajaj is a professional grade performance designed for daily use. It offers leak proof tight lid, dishwasher safe build and five year warranty. Ideal choice for customers looking for a reliable dinner set in the kitchen category at around 2694 rupees.
2496,Hawkins Casserole Plus 555,Hawkins,Kitchen,Casserole,925,This casserole from Hawkins is a budget friendly option designed for daily use. It offers saves cooking time, five year warranty and dishwasher safe build. Ideal choice for customers looking for a reliable casserole in the kitchen category at around 925 rupees.
2497,Borosil Chopping Board Lite 562,Borosil,Kitchen,Chopping Board,153,This chopping board from Borosil is a premium quality product designed for daily use. It offers dishwasher safe build, food grade stainless steel and easy to clean non stick coating. Ideal choice for customers looking for a reliable chopping board in the kitchen category at around 153 rupees.
2498,Wonderchef Electric Kettle Elite 569,Wonderchef,Kitchen,Electric Kettle,2554,This electric kettle from Wonderchef is a mid range value for money pick designed for daily use. It offers ergonomic heat resistant handle, saves cooking time and even heat distribution. Ideal choice for customers looking for a reliable electric kettle in the kitchen category at around 2554 rupees.
2499,Prestige Tiffin Box Air 576,Prestige,Kitchen,Tiffin Box,2128,This tiffin box from Prestige is a entry level basic model designed for daily use. It offers suitable for daily indian cooking, suitable for daily indian cooking and ergonomic heat resistant handle. Ideal choice for customers looking for a reliable tiffin box in the kitchen category at around 2128 rupees.
2500,Butterfly Cookware Set Pro 583,Butterfly,Kitchen,Cookware Set,13768,This cookware set from Butterfly is a professional grade performance designed for daily use. It offers five year warranty, gas and induction compatible and leak proof tight lid. Ideal choice for customers looking for a reliable cookware set in the kitchen category at around 13768 rupees.
2501,Wonderchef Pressure Cooker Edge 590,Wonderchef,Kitchen,Pressure Cooker,9424,This pressure cooker from Wonderchef is a budget friendly option designed for daily use. It offers even heat distribution, leak proof tight lid and gas and induction compatible. Ideal choice for customers looking for a reliable pressure cooker in the kitchen category at around 9424 rupees.
2502,Prestige Non Stick Pan Neo 597,Prestige,Kitchen,Non Stick Pan,1229,This non stick pan from Prestige is a premium quality product designed for daily use. It offers gas and induction compatible, ergonomic heat resistant handle and suitable for daily indian cooking. Ideal choice for customers looking for a reliable non stick pan in the kitchen category at around 1229 rupees.
2503,Butterfly Mixer Grinder Classic 604,Butterfly,Kitchen,Mixer Grinder,3918,This mixer grinder from Butterfly is a mid range value for money pick designed for daily use. It offers food grade stainless steel, even heat distribution and saves cooking time. Ideal choice for customers looking for a reliable mixer grinder in the kitchen category at around 3918 rupees.
2504,Cello Knife Set Air 611,Cello,Kitchen,Knife Set,3534,This knife set from Cello is a entry level basic model designed for daily use. It offers easy to clean non stick coating, easy to clean non stick coating and food grade stainless steel. Ideal choice for customers looking for a reliable knife set in the kitchen category at around 3534 rupees.
2505,Vinod Dinner Set Elite 618,Vinod,Kitchen,Dinner Set,8854,This dinner set from Vinod is a professional grade performance designed for daily use. It offers leak proof tight lid, dishwasher safe build and five year warranty. Ideal choice for customers looking for a reliable dinner set in the kitchen category at around 8854 rupees.
2506,Pigeon Casserole Neo 625,Pigeon,Kitchen,Casserole,1925,This casserole from Pigeon is a budget friendly option designed for daily use. It offers saves cooking time, five year warranty and dishwasher safe build. Ideal choice for customers looking for a reliable casserole in the kitchen category at around 1925 rupees.
2507,Milton Chopping Board Ultra 632,Milton,Kitchen,Chopping Board,1377,This chopping board from Milton is a premium quality product designed for daily use. It offers dishwasher safe build, food grade stainless steel and easy to clean non stick coating. Ideal choice for customers looking for a reliable chopping board in the kitchen category at around 1377 rupees.
2508,Bajaj Electric Kettle Zen 639,Bajaj,Kitchen,Electric Kettle,1434,This electric kettle from Bajaj is a mid range value for money pick designed for daily use. It offers ergonomic heat resistant handle, saves cooking time and even heat distribution. Ideal choice for customers looking for a reliable electric kettle in the kitchen category at around 1434 rupees.
2509,Hawkins Tiffin Box Lite 646,Hawkins,Kitchen,Tiffin Box,80,This tiffin box from Hawkins is a entry level basic model designed for daily use. It offers suitable for daily indian cooking, suitable for daily indian cooking and ergonomic heat resistant handle. Ideal choice for customers looking for a reliable tiffin box in the kitchen category at around 80 rupees.
2510,Borosil Cookware Set Ultra 653,Borosil,Kitchen,Cookware Set,9808,This cookware set from Borosil is a professional grade performance designed for daily use. It offers five year warranty, gas and induction compatible and leak proof tight lid. Ideal choice for customers looking for a reliable cookware set in the kitchen category at around 9808 rupees.
2511,Bajaj Pressure Cooker Ultra 660,Bajaj,Kitchen,Pressure Cooker,844,This pressure cooker from Bajaj is a budget friendly option designed for daily use. It offers even heat distribution, leak proof tight lid and gas and induction compatible. Ideal choice for customers looking for a reliable pressure cooker in the kitchen category at around 844 rupees.
2512,Hawkins Non Stick Pan Plus 667,Hawkins,Kitchen,Non Stick Pan,149,This non stick pan from Hawkins is a premium quality product designed for daily use. It offers gas and induction compatible, ergonomic heat resistant handle and suitable for daily indian cooking. Ideal choice for customers looking for a reliable non stick pan in the kitchen category at around 149 rupees.
2513,Borosil Mixer Grinder Core 674,Borosil,Kitchen,Mixer Grinder,7438,This mixer grinder from Borosil is a mid range value for money pick designed for daily use. It offers food grade stainless steel, even heat distribution and saves cooking time. Ideal choice for customers looking for a reliable mixer grinder in the kitchen category at around 7438 rupees.
2514,Wonderchef Knife Set Nova 681,Wonderchef,Kitchen,Knife Set,4234,This knife set from Wonderchef is a entry level basic model designed for daily use. It offers easy to clean non stick coating, easy to clean non stick coating and food grade stainless steel. Ideal choice for customers looking for a reliable knife set in the kitchen category at around 4234 rupees.
2515,Prestige Dinner Set Neo 688,Prestige,Kitchen,Dinner Set,6214,This dinner set from Prestige is a professional grade performance designed for daily use. It offers leak proof tight lid, dishwasher safe build and five year warranty. Ideal choice for customers looking for a reliable dinner set in the kitchen category at around 6214 rupees.
2516,Butterfly Casserole Max 695,Butterfly,Kitchen,Casserole,1225,This casserole from Butterfly is a budget friendly option designed for daily use. It offers saves cooking time, five year warranty and dishwasher safe build. Ideal choice for customers looking for a reliable casserole in the kitchen category at around 1225 rupees.
2517,Cello Chopping Board Elite 702,Cello,Kitchen,Chopping Board,765,This chopping board from Cello is a premium quality product designed for daily use. It offers dishwasher safe build, food grade stainless steel and easy to clean non stick coating. Ideal choice for customers looking for a reliable chopping board in the kitchen category at around 765 rupees.
2518,Vinod Electric Kettle Ultra 709,Vinod,Kitchen,Electric Kettle,1574,This electric kettle from Vinod is a mid range value for money pick designed for daily use. It offers ergonomic heat resistant handle, saves cooking time and even heat distribution. Ideal choice for customers looking for a reliable electric kettle in the kitchen category at around 1574 rupees.
2519,Pigeon Tiffin Box Lite 716,Pigeon,Kitchen,Tiffin Box,1296,This tiffin box from Pigeon is a entry level basic model designed for daily use. It offers suitable for daily indian cooking, suitable for daily indian cooking and ergonomic heat resistant handle. Ideal choice for customers looking for a reliable tiffin box in the kitchen category at around 1296 rupees.
2520,Milton Cookware Set Lite 723,Milton,Kitchen,Cookware Set,11248,This cookware set from Milton is a professional grade performance designed for daily use. It offers five year warranty, gas and induction compatible and leak proof tight lid. Ideal choice for customers looking for a reliable cookware set in the kitchen category at around 11248 rupees.
2521,Vinod Pressure Cooker Neo 730,Vinod,Kitchen,Pressure Cooker,6304,This pressure cooker from Vinod is a budget friendly option designed for daily use. It offers even heat distribution, leak proof tight lid and gas and induction compatible. Ideal choice for customers looking for a reliable pressure cooker in the kitchen category at around 6304 rupees.
2522,Pigeon Non Stick Pan Edge 737,Pigeon,Kitchen,Non Stick Pan,749,This non stick pan from Pigeon is a premium quality product designed for daily use. It offers gas and induction compatible, ergonomic heat resistant handle and suitable for daily indian cooking. Ideal choice for customers looking for a reliable non stick pan in the kitchen category at around 749 rupees.
2523,Milton Mixer Grinder Edge 744,Milton,Kitchen,Mixer Grinder,5838,This mixer grinder from Milton is a mid range value for money pick designed for daily use. It offers food grade stainless steel, even heat distribution and saves cooking time. Ideal choice for customers looking for a reliable mixer grinder in the kitchen category at around 5838 rupees.
2524,Bajaj Knife Set Zen 751,Bajaj,Kitchen,Knife Set,3674,This knife set from Bajaj is a entry level basic model designed for daily use. It offers easy to clean non stick coating, easy to clean non stick coating and food grade stainless steel. Ideal choice for customers looking for a reliable knife set in the kitchen category at around 3674 rupees.
2525,Hawkins Dinner Set Nova 758,Hawkins,Kitchen,Dinner Set,1374,This dinner set from Hawkins is a professional grade performance designed for daily use. It offers leak proof tight lid, dishwasher safe build and five year warranty. Ideal choice for customers looking for a reliable dinner set in the kitchen category at around 1374 rupees.
2526,Borosil Casserole Air 765,Borosil,Kitchen,Casserole,2225,This casserole from Borosil is a budget friendly option designed for daily use. It offers saves cooking time, five year warranty and dishwasher safe build. Ideal choice for customers looking for a reliable casserole in the kitchen category at around 2225 rupees.
2527,Wonderchef Chopping Board Ultra 772,Wonderchef,Kitchen,Chopping Board,513,This chopping board from Wonderchef is a premium quality product designed for daily use. It offers dishwasher safe build, food grade stainless steel and easy to clean non stick coating. Ideal choice for customers looking for a reliable chopping board in the kitchen category at around 513 rupees.
2528,Prestige Electric Kettle Zen 779,Prestige,Kitchen,Electric Kettle,4514,This electric kettle from Prestige is a mid range value for money pick designed for daily use. It offers ergonomic heat resistant handle, saves cooking time and even heat distribution. Ideal choice for customers looking for a reliable electric kettle in the kitchen category at around 4514 rupees.
2529,Butterfly Tiffin Box Zen 786,Butterfly,Kitchen,Tiffin Box,1360,This tiffin box from Butterfly is a entry level basic model designed for daily use. It offers suitable for daily indian cooking, suitable for daily indian cooking and ergonomic heat resistant handle. Ideal choice for customers looking for a reliable tiffin box in the kitchen category at around 1360 rupees.
2530,Cello Cookware Set Plus 793,Cello,Kitchen,Cookware Set,11608,This cookware set from Cello is a professional grade performance designed for daily use. It offers five year warranty, gas and induction compatible and leak proof tight lid. Ideal choice for customers looking for a reliable cookware set in the kitchen category at around 11608 rupees.
2531,Prestige Pressure Cooker Classic 800,Prestige,Kitchen,Pressure Cooker,7344,This pressure cooker from Prestige is a budget friendly option designed for daily use. It offers even heat distribution, leak proof tight lid and gas and induction compatible. Ideal choice for customers looking for a reliable pressure cooker in the kitchen category at around 7344 rupees.
2532,Butterfly Non Stick Pan Plus 807,Butterfly,Kitchen,Non Stick Pan,3869,This non stick pan from Butterfly is a premium quality product designed for daily use. It offers gas and induction compatible, ergonomic heat resistant handle and suitable for daily indian cooking. Ideal choice for customers looking for a reliable non stick pan in the kitchen category at around 3869 rupees.
2533,Cello Mixer Grinder Plus 814,Cello,Kitchen,Mixer Grinder,8718,This mixer grinder from Cello is a mid range value for money pick designed for daily use. It offers food grade stainless steel, even heat distribution and saves cooking time. Ideal choice for customers looking for a reliable mixer grinder in the kitchen category at around 8718 rupees.
2534,Vinod Knife Set Lite 821,Vinod,Kitchen,Knife Set,454,This knife set from Vinod is a entry level basic model designed for daily use. It offers easy to clean non stick coating, easy to clean non stick coating and food grade stainless steel. Ideal choice for customers looking for a reliable knife set in the kitchen category at around 454 rupees.
2535,Pigeon Dinner Set Prime 828,Pigeon,Kitchen,Dinner Set,6434,This dinner set from Pigeon is a professional grade performance designed for daily use. It offers leak proof tight lid, dishwasher safe build and five year warranty. Ideal choice for customers looking for a reliable dinner set in the kitchen category at around 6434 rupees.
2536,Milton Casserole Lite 835,Milton,Kitchen,Casserole,1625,This casserole from Milton is a budget friendly option designed for daily use. It offers saves cooking time, five year warranty and dishwasher safe build. Ideal choice for customers looking for a reliable casserole in the kitchen category at around 1625 rupees.
2537,Bajaj Chopping Board Core 842,Bajaj,Kitchen,Chopping Board,513,This chopping board from Bajaj is a premium quality product designed for daily use. It offers dishwasher safe build, food grade stainless steel and easy to clean non stick coating. Ideal choice for customers looking for a reliable chopping board in the kitchen category at around 513 rupees.
2538,Hawkins Electric Kettle Ultra 849,Hawkins,Kitchen,Electric Kettle,3394,This electric kettle from Hawkins is a mid range value for money pick designed for daily use. It offers ergonomic heat resistant handle, saves cooking time and even heat distribution. Ideal choice for customers looking for a reliable electric kettle in the kitchen category at around 3394 rupees.
2539,Borosil Tiffin Box Lite 856,Borosil,Kitchen,Tiffin Box,1936,This tiffin box from Borosil is a entry level basic model designed for daily use. It offers suitable for daily indian cooking, suitable for daily indian cooking and ergonomic heat resistant handle. Ideal choice for customers looking for a reliable tiffin box in the kitchen category at around 1936 rupees.
2540,Wonderchef Cookware Set Lite 863,Wonderchef,Kitchen,Cookware Set,2608,This cookware set from Wonderchef is a professional grade performance designed for daily use. It offers five year warranty, gas and induction compatible and leak proof tight lid. Ideal choice for customers looking for a reliable cookware set in the kitchen category at around 2608 rupees.
2541,Hawkins Pressure Cooker Max 870,Hawkins,Kitchen,Pressure Cooker,7604,This pressure cooker from Hawkins is a budget friendly option designed for daily use. It offers even heat distribution, leak proof tight lid and gas and induction compatible. Ideal choice for customers looking for a reliable pressure cooker in the kitchen category at around 7604 rupees.
2542,Borosil Non Stick Pan Ultra 877,Borosil,Kitchen,Non Stick Pan,149,This non stick pan from Borosil is a premium quality product designed for daily use. It offers gas and induction compatible, ergonomic heat resistant handle and suitable for daily indian cooking. Ideal choice for customers looking for a reliable non stick pan in the kitchen category at around 149 rupees.
2543,Wonderchef Mixer Grinder Sport 884,Wonderchef,Kitchen,Mixer Grinder,6478,This mixer grinder from Wonderchef is a mid range value for money pick designed for daily use. It offers food grade stainless steel, even heat distribution and saves cooking time. Ideal choice for customers looking for a reliable mixer grinder in the kitchen category at around 6478 rupees.
2544,Prestige Knife Set Max 891,Prestige,Kitchen,Knife Set,1434,This knife set from Prestige is a entry level basic model designed for daily use. It offers easy to clean non stick coating, easy to clean non stick coating and food grade stainless steel. Ideal choice for customers looking for a reliable knife set in the kitchen category at around 1434 rupees.
2545,Butterfly Dinner Set Core 898,Butterfly,Kitchen,Dinner Set,5994,This dinner set from Butterfly is a professional grade performance designed for daily use. It offers leak proof tight lid, dishwasher safe build and five year warranty. Ideal choice for customers looking for a reliable dinner set in the kitchen category at around 5994 rupees.
2546,Cello Casserole Max 905,Cello,Kitchen,Casserole,1925,This casserole from Cello is a budget friendly option designed for daily use. It offers saves cooking time, five year warranty and dishwasher safe build. Ideal choice for customers looking for a reliable casserole in the kitchen category at around 1925 rupees.
2547,Vinod Chopping Board Core 912,Vinod,Kitchen,Chopping Board,1413,This chopping board from Vinod is a premium quality product designed for daily use. It offers dishwasher safe build, food grade stainless steel and easy to clean non stick coating. Ideal choice for customers looking for a reliable chopping board in the kitchen category at around 1413 rupees.
2548,Pigeon Electric Kettle Core 919,Pigeon,Kitchen,Electric Kettle,1854,This electric kettle from Pigeon is a mid range value for money pick designed for daily use. It offers ergonomic heat resistant handle, saves cooking time and even heat distribution. Ideal choice for customers looking for a reliable electric kettle in the kitchen category at around 1854 rupees.
2549,Milton Tiffin Box Prime 926,Milton,Kitchen,Tiffin Box,1232,This tiffin box from Milton is a entry level basic model designed for daily use. It offers suitable for daily indian cooking, suitable for daily indian cooking and ergonomic heat resistant handle. Ideal choice for customers looking for a reliable tiffin box in the kitchen category at around 1232 rupees.
2550,Bajaj Cookware Set Edge 933,Bajaj,Kitchen,Cookware Set,3688,This cookware set from Bajaj is a professional grade performance designed for daily use. It offers five year warranty, gas and induction compatible and leak proof tight lid. Ideal choice for customers looking for a reliable cookware set in the kitchen category at around 3688 rupees.
2551,Pigeon Pressure Cooker Plus 940,Pigeon,Kitchen,Pressure Cooker,6824,This pressure cooker from Pigeon is a budget friendly option designed for daily use. It offers even heat distribution, leak proof tight lid and gas and induction compatible. Ideal choice for customers looking for a reliable pressure cooker in the kitchen category at around 6824 rupees.
2552,Milton Non Stick Pan Lite 947,Milton,Kitchen,Non Stick Pan,1109,This non stick pan from Milton is a premium quality product designed for daily use. It offers gas and induction compatible, ergonomic heat resistant handle and suitable for daily indian cooking. Ideal choice for customers looking for a reliable non stick pan in the kitchen category at around 1109 rupees.
2553,Bajaj Mixer Grinder Max 954,Bajaj,Kitchen,Mixer Grinder,9678,This mixer grinder from Bajaj is a mid range value for money pick designed for daily use. It offers food grade stainless steel, even heat distribution and saves cooking time. Ideal choice for customers looking for a reliable mixer grinder in the kitchen category at around 9678 rupees.
2554,Hawkins Knife Set Elite 961,Hawkins,Kitchen,Knife Set,4234,This knife set from Hawkins is a entry level basic model designed for daily use. It offers easy to clean non stick coating, easy to clean non stick coating and food grade stainless steel. Ideal choice for customers looking for a reliable knife set in the kitchen category at around 4234 rupees.
2555,Borosil Dinner Set Classic 968,Borosil,Kitchen,Dinner Set,5334,This dinner set from Borosil is a professional grade performance designed for daily use. It offers leak proof tight lid, dishwasher safe build and five year warranty. Ideal choice for customers looking for a reliable dinner set in the kitchen category at around 5334 rupees.
2556,Wonderchef Casserole Air 975,Wonderchef,Kitchen,Casserole,3425,This casserole from Wonderchef is a budget friendly option designed for daily use. It offers saves cooking time, five year warranty and dishwasher safe build. Ideal choice for customers looking for a reliable casserole in the kitchen category at around 3425 rupees.
2557,Prestige Chopping Board Sport 982,Prestige,Kitchen,Chopping Board,1449,This chopping board from Prestige is a premium quality product designed for daily use. It offers dishwasher safe build, food grade stainless steel and easy to clean non stick coating. Ideal choice for customers looking for a reliable chopping board in the kitchen category at around 1449 rupees.
2558,Butterfly Electric Kettle Air 989,Butterfly,Kitchen,Electric Kettle,1294,This electric kettle from Butterfly is a mid range value for money pick designed for daily use. It offers ergonomic heat resistant handle, saves cooking time and even heat distribution. Ideal choice for customers looking for a reliable electric kettle in the kitchen category at around 1294 rupees.
2559,Cello Tiffin Box Sport 996,Cello,Kitchen,Tiffin Box,528,This tiffin box from Cello is a entry level basic model designed for daily use. It offers suitable for daily indian cooking, suitable for daily indian cooking and ergonomic heat resistant handle. Ideal choice for customers looking for a reliable tiffin box in the kitchen category at around 528 rupees.
2560,Vinod Cookware Set Edge 103,Vinod,Kitchen,Cookware Set,12328,This cookware set from Vinod is a professional grade performance designed for daily use. It offers five year warranty, gas and induction compatible and leak proof tight lid. Ideal choice for customers looking for a reliable cookware set in the kitchen category at around 12328 rupees.
2561,Butterfly Pressure Cooker Max 110,Butterfly,Kitchen,Pressure Cooker,1364,This pressure cooker from Butterfly is a budget friendly option designed for daily use. It offers even heat distribution, leak proof tight lid and gas and induction compatible. Ideal choice for customers looking for a reliable pressure cooker in the kitchen category at around 1364 rupees.
2562,Cello Non Stick Pan Lite 117,Cello,Kitchen,Non Stick Pan,509,This non stick pan from Cello is a premium quality product designed for daily use. It offers gas and induction compatible, ergonomic heat resistant handle and suitable for daily indian cooking. Ideal choice for customers looking for a reliable non stick pan in the kitchen category at around 509 rupees.
2563,Vinod Mixer Grinder Neo 124,Vinod,Kitchen,Mixer Grinder,12878,This mixer grinder from Vinod is a mid range value for money pick designed for daily use. It offers food grade stainless steel, even heat distribution and saves cooking time. Ideal choice for customers looking for a reliable mixer grinder in the kitchen category at around 12878 rupees.
2564,Pigeon Knife Set Classic 131,Pigeon,Kitchen,Knife Set,5074,This knife set from Pigeon is a entry level basic model designed for daily use. It offers easy to clean non stick coating, easy to clean non stick coating and food grade stainless steel. Ideal choice for customers looking for a reliable knife set in the kitchen category at around 5074 rupees.
2565,Milton Dinner Set Prime 138,Milton,Kitchen,Dinner Set,934,This dinner set from Milton is a professional grade performance designed for daily use. It offers leak proof tight lid, dishwasher safe build and five year warranty. Ideal choice for customers looking for a reliable dinner set in the kitchen category at around 934 rupees.
2566,Bajaj Casserole Elite 145,Bajaj,Kitchen,Casserole,1525,This casserole from Bajaj is a budget friendly option designed for daily use. It offers saves cooking time, five year warranty and dishwasher safe build. Ideal choice for customers looking for a reliable casserole in the kitchen category at around 1525 rupees.
2567,Hawkins Chopping Board Neo 152,Hawkins,Kitchen,Chopping Board,1233,This chopping board from Hawkins is a premium quality product designed for daily use. It offers dishwasher safe build, food grade stainless steel and easy to clean non stick coating. Ideal choice for customers looking for a reliable chopping board in the kitchen category at around 1233 rupees.
2568,Borosil Electric Kettle Elite 159,Borosil,Kitchen,Electric Kettle,4794,This electric kettle from Borosil is a mid range value for money pick designed for daily use. It offers ergonomic heat resistant handle, saves cooking time and even heat distribution. Ideal choice for customers looking for a reliable electric kettle in the kitchen category at around 4794 rupees.
2569,Wonderchef Tiffin Box Air 166,Wonderchef,Kitchen,Tiffin Box,336,This tiffin box from Wonderchef is a entry level basic model designed for daily use. It offers suitable for daily indian cooking, suitable for daily indian cooking and ergonomic heat resistant handle. Ideal choice for customers looking for a reliable tiffin box in the kitchen category at around 336 rupees.
2570,Prestige Cookware Set Air 173,Prestige,Kitchen,Cookware Set,1168,This cookware set from Prestige is a professional grade performance designed for daily use. It offers five year warranty, gas and induction compatible and leak proof tight lid. Ideal choice for customers looking for a reliable cookware set in the kitchen category at around 1168 rupees.
2571,Borosil Pressure Cooker Lite 180,Borosil,Kitchen,Pressure Cooker,8384,This pressure cooker from Borosil is a budget friendly option designed for daily use. It offers even heat distribution, leak proof tight lid and gas and induction compatible. Ideal choice for customers looking for a reliable pressure cooker in the kitchen category at around 8384 rupees.
2572,Wonderchef Non Stick Pan Nova 187,Wonderchef,Kitchen,Non Stick Pan,2549,This non stick pan from Wonderchef is a premium quality product designed for daily use. It offers gas and induction compatible, ergonomic heat resistant handle and suitable for daily indian cooking. Ideal choice for customers looking for a reliable non stick pan in the kitchen category at around 2549 rupees.
2573,Prestige Mixer Grinder Edge 194,Prestige,Kitchen,Mixer Grinder,8718,This mixer grinder from Prestige is a mid range value for money pick designed for daily use. It offers food grade stainless steel, even heat distribution and saves cooking time. Ideal choice for customers looking for a reliable mixer grinder in the kitchen category at around 8718 rupees.
2574,Nike Running Shoes Nova 100,Nike,Footwear,Running Shoes,4201,This running shoes from Nike is a budget friendly option designed for daily use. It offers cushioned sole for all day comfort, perfect for running and gym and anti skid rubber outsole. Ideal choice for customers looking for a reliable running shoes in the footwear category at around 4201 rupees.
2575,Bata Sandals Classic 107,Bata,Footwear,Sandals,2032,This sandals from Bata is a premium quality product designed for daily use. It offers anti skid rubber outsole, strong grip on wet surface and memory foam insole. Ideal choice for customers looking for a reliable sandals in the footwear category at around 2032 rupees.
2576,Campus Formal Shoes Prime 114,Campus,Footwear,Formal Shoes,811,This formal shoes from Campus is a mid range value for money pick designed for daily use. It offers breathable mesh upper, cushioned sole for all day comfort and suitable for office formals. Ideal choice for customers looking for a reliable formal shoes in the footwear category at around 811 rupees.
2577,Liberty Sneakers Nova 121,Liberty,Footwear,Sneakers,6959,This sneakers from Liberty is a entry level basic model designed for daily use. It offers water resistant build, water resistant build and breathable mesh upper. Ideal choice for customers looking for a reliable sneakers in the footwear category at around 6959 rupees.
2578,Puma Flip Flops Nova 128,Puma,Footwear,Flip Flops,752,This flip flops from Puma is a professional grade performance designed for daily use. It offers perfect for running and gym, lightweight everyday wear and durable stitched construction. Ideal choice for customers looking for a reliable flip flops in the footwear category at around 752 rupees.
2579,Sparx Hiking Boots Zen 135,Sparx,Footwear,Hiking Boots,4958,This hiking boots from Sparx is a budget friendly option designed for daily use. It offers suitable for office formals, durable stitched construction and lightweight everyday wear. Ideal choice for customers looking for a reliable hiking boots in the footwear category at around 4958 rupees.
2580,Red Tape Loafers Max 142,Red Tape,Footwear,Loafers,7567,This loafers from Red Tape is a premium quality product designed for daily use. It offers lightweight everyday wear, breathable mesh upper and water resistant build. Ideal choice for customers looking for a reliable loafers in the footwear category at around 7567 rupees.
2581,Adidas Sports Shoes Lite 149,Adidas,Footwear,Sports Shoes,3999,This sports shoes from Adidas is a mid range value for money pick designed for daily use. It offers strong grip on wet surface, suitable for office formals and cushioned sole for all day comfort. Ideal choice for customers looking for a reliable sports shoes in the footwear category at around 3999 rupees.
2582,Woodland Heels Sport 156,Woodland,Footwear,Heels,6191,This heels from Woodland is a entry level basic model designed for daily use. It offers memory foam insole, memory foam insole and strong grip on wet surface. Ideal choice for customers looking for a reliable heels in the footwear category at around 6191 rupees.
2583,Skechers Slippers Ultra 163,Skechers,Footwear,Slippers,325,This slippers from Skechers is a professional grade performance designed for daily use. It offers durable stitched construction, anti skid rubber outsole and perfect for running and gym. Ideal choice for customers looking for a reliable slippers in the footwear category at around 325 rupees.
2584,Adidas Running Shoes Nova 170,Adidas,Footwear,Running Shoes,3409,This running shoes from Adidas is a budget friendly option designed for daily use. It offers cushioned sole for all day comfort, perfect for running and gym and anti skid rubber outsole. Ideal choice for customers looking for a reliable running shoes in the footwear category at around 3409 rupees.
2585,Woodland Sandals Pro 177,Woodland,Footwear,Sandals,2968,This sandals from Woodland is a premium quality product designed for daily use. It offers anti skid rubber outsole, strong grip on wet surface and memory foam insole. Ideal choice for customers looking for a reliable sandals in the footwear category at around 2968 rupees.
2586,Skechers Formal Shoes Max 184,Skechers,Footwear,Formal Shoes,6859,This formal shoes from Skechers is a mid range value for money pick designed for daily use. It offers breathable mesh upper, cushioned sole for all day comfort and suitable for office formals. Ideal choice for customers looking for a reliable formal shoes in the footwear category at around 6859 rupees.
2587,Nike Sneakers Sport 191,Nike,Footwear,Sneakers,1127,This sneakers from Nike is a entry level basic model designed for daily use. It offers water resistant build, water resistant build and breathable mesh upper. Ideal choice for customers looking for a reliable sneakers in the footwear category at around 1127 rupees.
2588,Bata Flip Flops Pro 198,Bata,Footwear,Flip Flops,1206,This flip flops from Bata is a professional grade performance designed for daily use. It offers perfect for running and gym, lightweight everyday wear and durable stitched construction. Ideal choice for customers looking for a reliable flip flops in the footwear category at around 1206 rupees.
2589,Campus Hiking Boots Prime 205,Campus,Footwear,Hiking Boots,9854,This hiking boots from Campus is a budget friendly option designed for daily use. It offers suitable for office formals, durable stitched construction and lightweight everyday wear. Ideal choice for customers looking for a reliable hiking boots in the footwear category at around 9854 rupees.
2590,Liberty Loafers Ultra 212,Liberty,Footwear,Loafers,6181,This loafers from Liberty is a premium quality product designed for daily use. It offers lightweight everyday wear, breathable mesh upper and water resistant build. Ideal choice for customers looking for a reliable loafers in the footwear category at around 6181 rupees.
2591,Puma Sports Shoes Prime 219,Puma,Footwear,Sports Shoes,7239,This sports shoes from Puma is a mid range value for money pick designed for daily use. It offers strong grip on wet surface, suitable for office formals and cushioned sole for all day comfort. Ideal choice for customers looking for a reliable sports shoes in the footwear category at around 7239 rupees.
2592,Sparx Heels Prime 226,Sparx,Footwear,Heels,5219,This heels from Sparx is a entry level basic model designed for daily use. It offers memory foam insole, memory foam insole and strong grip on wet surface. Ideal choice for customers looking for a reliable heels in the footwear category at around 5219 rupees.
2593,Red Tape Slippers Plus 233,Red Tape,Footwear,Slippers,840,This slippers from Red Tape is a professional grade performance designed for daily use. It offers durable stitched construction, anti skid rubber outsole and perfect for running and gym. Ideal choice for customers looking for a reliable slippers in the footwear category at around 840 rupees.
2594,Puma Running Shoes Ultra 240,Puma,Footwear,Running Shoes,1033,This running shoes from Puma is a budget friendly option designed for daily use. It offers cushioned sole for all day comfort, perfect for running and gym and anti skid rubber outsole. Ideal choice for customers looking for a reliable running shoes in the footwear category at around 1033 rupees.
2595,Sparx Sandals Classic 247,Sparx,Footwear,Sandals,1096,This sandals from Sparx is a premium quality product designed for daily use. It offers anti skid rubber outsole, strong grip on wet surface and memory foam insole. Ideal choice for customers looking for a reliable sandals in the footwear category at around 1096 rupees.
2596,Red Tape Formal Shoes Air 254,Red Tape,Footwear,Formal Shoes,3583,This formal shoes from Red Tape is a mid range value for money pick designed for daily use. It offers breathable mesh upper, cushioned sole for all day comfort and suitable for office formals. Ideal choice for customers looking for a reliable formal shoes in the footwear category at around 3583 rupees.
2597,Adidas Sneakers Nova 261,Adidas,Footwear,Sneakers,2423,This sneakers from Adidas is a entry level basic model designed for daily use. It offers water resistant build, water resistant build and breathable mesh upper. Ideal choice for customers looking for a reliable sneakers in the footwear category at around 2423 rupees.
2598,Woodland Flip Flops Neo 268,Woodland,Footwear,Flip Flops,1238,This flip flops from Woodland is a professional grade performance designed for daily use. It offers perfect for running and gym, lightweight everyday wear and durable stitched construction. Ideal choice for customers looking for a reliable flip flops in the footwear category at around 1238 rupees.
2599,Skechers Hiking Boots Pro 275,Skechers,Footwear,Hiking Boots,1214,This hiking boots from Skechers is a budget friendly option designed for daily use. It offers suitable for office formals, durable stitched construction and lightweight everyday wear. Ideal choice for customers looking for a reliable hiking boots in the footwear category at around 1214 rupees.
2600,Nike Loafers Plus 282,Nike,Footwear,Loafers,1825,This loafers from Nike is a premium quality product designed for daily use. It offers lightweight everyday wear, breathable mesh upper and water resistant build. Ideal choice for customers looking for a reliable loafers in the footwear category at around 1825 rupees.
2601,Bata Sports Shoes Classic 289,Bata,Footwear,Sports Shoes,2379,This sports shoes from Bata is a mid range value for money pick designed for daily use. It offers strong grip on wet surface, suitable for office formals and cushioned sole for all day comfort. Ideal choice for customers looking for a reliable sports shoes in the footwear category at around 2379 rupees.
2602,Campus Heels Elite 296,Campus,Footwear,Heels,2141,This heels from Campus is a entry level basic model designed for daily use. It offers memory foam insole, memory foam insole and strong grip on wet surface. Ideal choice for customers looking for a reliable heels in the footwear category at around 2141 rupees.
2603,Liberty Slippers Sport 303,Liberty,Footwear,Slippers,1632,This slippers from Liberty is a professional grade performance designed for daily use. It offers durable stitched construction, anti skid rubber outsole and perfect for running and gym. Ideal choice for customers looking for a reliable slippers in the footwear category at around 1632 rupees.
2604,Bata Running Shoes Neo 310,Bata,Footwear,Running Shoes,5587,This running shoes from Bata is a budget friendly option designed for daily use. It offers cushioned sole for all day comfort, perfect for running and gym and anti skid rubber outsole. Ideal choice for customers looking for a reliable running shoes in the footwear category at around 5587 rupees.
2605,Campus Sandals Nova 317,Campus,Footwear,Sandals,1960,This sandals from Campus is a premium quality product designed for daily use. It offers anti skid rubber outsole, strong grip on wet surface and memory foam insole. Ideal choice for customers looking for a reliable sandals in the footwear category at around 1960 rupees.
2606,Liberty Formal Shoes Lite 324,Liberty,Footwear,Formal Shoes,5347,This formal shoes from Liberty is a mid range value for money pick designed for daily use. It offers breathable mesh upper, cushioned sole for all day comfort and suitable for office formals. Ideal choice for customers looking for a reliable formal shoes in the footwear category at around 5347 rupees.
2607,Puma Sneakers Neo 331,Puma,Footwear,Sneakers,2639,This sneakers from Puma is a entry level basic model designed for daily use. It offers water resistant build, water resistant build and breathable mesh upper. Ideal choice for customers looking for a reliable sneakers in the footwear category at around 2639 rupees.
2608,Sparx Flip Flops Zen 338,Sparx,Footwear,Flip Flops,752,This flip flops from Sparx is a professional grade performance designed for daily use. It offers perfect for running and gym, lightweight everyday wear and durable stitched construction. Ideal choice for customers looking for a reliable flip flops in the footwear category at around 752 rupees.
2609,Red Tape Hiking Boots Elite 345,Red Tape,Footwear,Hiking Boots,6398,This hiking boots from Red Tape is a budget friendly option designed for daily use. It offers suitable for office formals, durable stitched construction and lightweight everyday wear. Ideal choice for customers looking for a reliable hiking boots in the footwear category at around 6398 rupees.
2610,Adidas Loafers Pro 352,Adidas,Footwear,Loafers,3013,This loafers from Adidas is a premium quality product designed for daily use. It offers lightweight everyday wear, breathable mesh upper and water resistant build. Ideal choice for customers looking for a reliable loafers in the footwear category at around 3013 rupees.
2611,Woodland Sports Shoes Ultra 359,Woodland,Footwear,Sports Shoes,1659,This sports shoes from Woodland is a mid range value for money pick designed for daily use. It offers strong grip on wet surface, suitable for office formals and cushioned sole for all day comfort. Ideal choice for customers looking for a reliable sports shoes in the footwear category at around 1659 rupees.
2612,Skechers Heels Zen 366,Skechers,Footwear,Heels,6677,This heels from Skechers is a entry level basic model designed for daily use. It offers memory foam insole, memory foam insole and strong grip on wet surface. Ideal choice for customers looking for a reliable heels in the footwear category at around 6677 rupees.
2613,Nike Slippers Nova 373,Nike,Footwear,Slippers,325,This slippers from Nike is a professional grade performance designed for daily use. It offers durable stitched construction, anti skid rubber outsole and perfect for running and gym. Ideal choice for customers looking for a reliable slippers in the footwear category at around 325 rupees.
2614,Woodland Running Shoes Max 380,Woodland,Footwear,Running Shoes,6181,This running shoes from Woodland is a budget friendly option designed for daily use. It offers cushioned sole for all day comfort, perfect for running and gym and anti skid rubber outsole. Ideal choice for customers looking for a reliable running shoes in the footwear category at around 6181 rupees.
2615,Skechers Sandals Zen 387,Skechers,Footwear,Sandals,2320,This sandals from Skechers is a premium quality product designed for daily use. It offers anti skid rubber outsole, strong grip on wet surface and memory foam insole. Ideal choice for customers looking for a reliable sandals in the footwear category at around 2320 rupees.
2616,Nike Formal Shoes Air 394,Nike,Footwear,Formal Shoes,1819,This formal shoes from Nike is a mid range value for money pick designed for daily use. It offers breathable mesh upper, cushioned sole for all day comfort and suitable for office formals. Ideal choice for customers looking for a reliable formal shoes in the footwear category at around 1819 rupees.
2617,Bata Sneakers Nova 401,Bata,Footwear,Sneakers,2207,This sneakers from Bata is a entry level basic model designed for daily use. It offers water resistant build, water resistant build and breathable mesh upper. Ideal choice for customers looking for a reliable sneakers in the footwear category at around 2207 rupees.
2618,Campus Flip Flops Max 408,Campus,Footwear,Flip Flops,752,This flip flops from Campus is a professional grade performance designed for daily use. It offers perfect for running and gym, lightweight everyday wear and durable stitched construction. Ideal choice for customers looking for a reliable flip flops in the footwear category at around 752 rupees.
2619,Liberty Hiking Boots Neo 415,Liberty,Footwear,Hiking Boots,2942,This hiking boots from Liberty is a budget friendly option designed for daily use. It offers suitable for office formals, durable stitched construction and lightweight everyday wear. Ideal choice for customers looking for a reliable hiking boots in the footwear category at around 2942 rupees.
2620,Puma Loafers Air 422,Puma,Footwear,Loafers,3409,This loafers from Puma is a premium quality product designed for daily use. It offers lightweight everyday wear, breathable mesh upper and water resistant build. Ideal choice for customers looking for a reliable loafers in the footwear category at around 3409 rupees.
2621,Sparx Sports Shoes Zen 429,Sparx,Footwear,Sports Shoes,6519,This sports shoes from Sparx is a mid range value for money pick designed for daily use. It offers strong grip on wet surface, suitable for office formals and cushioned sole for all day comfort. Ideal choice for customers looking for a reliable sports shoes in the footwear category at around 6519 rupees.
2622,Red Tape Heels Core 436,Red Tape,Footwear,Heels,6029,This heels from Red Tape is a entry level basic model designed for daily use. It offers memory foam insole, memory foam insole and strong grip on wet surface. Ideal choice for customers looking for a reliable heels in the footwear category at around 6029 rupees.
2623,Adidas Slippers Edge 443,Adidas,Footwear,Slippers,523,This slippers from Adidas is a professional grade performance designed for daily use. It offers durable stitched construction, anti skid rubber outsole and perfect for running and gym. Ideal choice for customers looking for a reliable slippers in the footwear category at around 523 rupees.
2624,Sparx Running Shoes Lite 450,Sparx,Footwear,Running Shoes,4795,This running shoes from Sparx is a budget friendly option designed for daily use. It offers cushioned sole for all day comfort, perfect for running and gym and anti skid rubber outsole. Ideal choice for customers looking for a reliable running shoes in the footwear category at around 4795 rupees.
2625,Red Tape Sandals Zen 457,Red Tape,Footwear,Sandals,1240,This sandals from Red Tape is a premium quality product designed for daily use. It offers anti skid rubber outsole, strong grip on wet surface and memory foam insole. Ideal choice for customers looking for a reliable sandals in the footwear category at around 1240 rupees.
2626,Adidas Formal Shoes Lite 464,Adidas,Footwear,Formal Shoes,3331,This formal shoes from Adidas is a mid range value for money pick designed for daily use. It offers breathable mesh upper, cushioned sole for all day comfort and suitable for office formals. Ideal choice for customers looking for a reliable formal shoes in the footwear category at around 3331 rupees.
2627,Woodland Sneakers Max 471,Woodland,Footwear,Sneakers,7823,This sneakers from Woodland is a entry level basic model designed for daily use. It offers water resistant build, water resistant build and breathable mesh upper. Ideal choice for customers looking for a reliable sneakers in the footwear category at around 7823 rupees.
2628,Skechers Flip Flops Edge 478,Skechers,Footwear,Flip Flops,525,This flip flops from Skechers is a professional grade performance designed for daily use. It offers perfect for running and gym, lightweight everyday wear and durable stitched construction. Ideal choice for customers looking for a reliable flip flops in the footwear category at around 525 rupees.
2629,Nike Hiking Boots Air 485,Nike,Footwear,Hiking Boots,1502,This hiking boots from Nike is a budget friendly option designed for daily use. It offers suitable for office formals, durable stitched construction and lightweight everyday wear. Ideal choice for customers looking for a reliable hiking boots in the footwear category at around 1502 rupees.
2630,Bata Loafers Edge 492,Bata,Footwear,Loafers,3805,This loafers from Bata is a premium quality product designed for daily use. It offers lightweight everyday wear, breathable mesh upper and water resistant build. Ideal choice for customers looking for a reliable loafers in the footwear category at around 3805 rupees.
2631,Campus Sports Shoes Sport 499,Campus,Footwear,Sports Shoes,3459,This sports shoes from Campus is a mid range value for money pick designed for daily use. It offers strong grip on wet surface, suitable for office formals and cushioned sole for all day comfort. Ideal choice for customers looking for a reliable sports shoes in the footwear category at around 3459 rupees.
2632,Liberty Heels Sport 506,Liberty,Footwear,Heels,2951,This heels from Liberty is a entry level basic model designed for daily use. It offers memory foam insole, memory foam insole and strong grip on wet surface. Ideal choice for customers looking for a reliable heels in the footwear category at around 2951 rupees.
2633,Puma Slippers Classic 513,Puma,Footwear,Slippers,286,This slippers from Puma is a professional grade performance designed for daily use. It offers durable stitched construction, anti skid rubber outsole and perfect for running and gym. Ideal choice for customers looking for a reliable slippers in the footwear category at around 286 rupees.
2634,Campus Running Shoes Prime 520,Campus,Footwear,Running Shoes,8161,This running shoes from Campus is a budget friendly option designed for daily use. It offers cushioned sole for all day comfort, perfect for running and gym and anti skid rubber outsole. Ideal choice for customers looking for a reliable running shoes in the footwear category at around 8161 rupees.
2635,Liberty Sandals Prime 527,Liberty,Footwear,Sandals,1312,This sandals from Liberty is a premium quality product designed for daily use. It offers anti skid rubber outsole, strong grip on wet surface and memory foam insole. Ideal choice for customers looking for a reliable sandals in the footwear category at around 1312 rupees.
2636,Puma Formal Shoes Plus 534,Puma,Footwear,Formal Shoes,7867,This formal shoes from Puma is a mid range value for money pick designed for daily use. It offers breathable mesh upper, cushioned sole for all day comfort and suitable for office formals. Ideal choice for customers looking for a reliable formal shoes in the footwear category at around 7867 rupees.
2637,Sparx Sneakers Core 541,Sparx,Footwear,Sneakers,6095,This sneakers from Sparx is a entry level basic model designed for daily use. It offers water resistant build, water resistant build and breathable mesh upper. Ideal choice for customers looking for a reliable sneakers in the footwear category at around 6095 rupees.
2638,Red Tape Flip Flops Pro 548,Red Tape,Footwear,Flip Flops,947,This flip flops from Red Tape is a professional grade performance designed for daily use. It offers perfect for running and gym, lightweight everyday wear and durable stitched construction. Ideal choice for customers looking for a reliable flip flops in the footwear category at around 947 rupees.
2639,Adidas Hiking Boots Nova 555,Adidas,Footwear,Hiking Boots,8702,This hiking boots from Adidas is a budget friendly option designed for daily use. It offers suitable for office formals, durable stitched construction and lightweight everyday wear. Ideal choice for customers looking for a reliable hiking boots in the footwear category at around 8702 rupees.
2640,Woodland Loafers Ultra 562,Woodland,Footwear,Loafers,6775,This loafers from Woodland is a premium quality product designed for daily use. It offers lightweight everyday wear, breathable mesh upper and water resistant build. Ideal choice for customers looking for a reliable loafers in the footwear category at around 6775 rupees.
2641,Skechers Sports Shoes Zen 569,Skechers,Footwear,Sports Shoes,4719,This sports shoes from Skechers is a mid range value for money pick designed for daily use. It offers strong grip on wet surface, suitable for office formals and cushioned sole for all day comfort. Ideal choice for customers looking for a reliable sports shoes in the footwear category at around 4719 rupees.
2642,Nike Heels Nova 576,Nike,Footwear,Heels,683,This heels from Nike is a entry level basic model designed for daily use. It offers memory foam insole, memory foam insole and strong grip on wet surface. Ideal choice for customers looking for a reliable heels in the footwear category at around 683 rupees.
2643,Bata Slippers Lite 583,Bata,Footwear,Slippers,1513,This slippers from Bata is a professional grade performance designed for daily use. It offers durable stitched construction, anti skid rubber outsole and perfect for running and gym. Ideal choice for customers looking for a reliable slippers in the footwear category at around 1513 rupees.
2644,Skechers Running Shoes Core 590,Skechers,Footwear,Running Shoes,1033,This running shoes from Skechers is a budget friendly option designed for daily use. It offers cushioned sole for all day comfort, perfect for running and gym and anti skid rubber outsole. Ideal choice for customers looking for a reliable running shoes in the footwear category at around 1033 rupees.
2645,Nike Sandals Lite 597,Nike,Footwear,Sandals,808,This sandals from Nike is a premium quality product designed for daily use. It offers anti skid rubber outsole, strong grip on wet surface and memory foam insole. Ideal choice for customers looking for a reliable sandals in the footwear category at around 808 rupees.
2646,Bata Formal Shoes Ultra 604,Bata,Footwear,Formal Shoes,9631,This formal shoes from Bata is a mid range value for money pick designed for daily use. It offers breathable mesh upper, cushioned sole for all day comfort and suitable for office formals. Ideal choice for customers looking for a reliable formal shoes in the footwear category at around 9631 rupees.
2647,Campus Sneakers Elite 611,Campus,Footwear,Sneakers,3287,This sneakers from Campus is a entry level basic model designed for daily use. It offers water resistant build, water resistant build and breathable mesh upper. Ideal choice for customers looking for a reliable sneakers in the footwear category at around 3287 rupees.
2648,Liberty Flip Flops Neo 618,Liberty,Footwear,Flip Flops,785,This flip flops from Liberty is a professional grade performance designed for daily use. It offers perfect for running and gym, lightweight everyday wear and durable stitched construction. Ideal choice for customers looking for a reliable flip flops in the footwear category at around 785 rupees.
2649,Puma Hiking Boots Edge 625,Puma,Footwear,Hiking Boots,10142,This hiking boots from Puma is a budget friendly option designed for daily use. It offers suitable for office formals, durable stitched construction and lightweight everyday wear. Ideal choice for customers looking for a reliable hiking boots in the footwear category at around 10142 rupees.
2650,Sparx Loafers Neo 632,Sparx,Footwear,Loafers,2221,This loafers from Sparx is a premium quality product designed for daily use. It offers lightweight everyday wear, breathable mesh upper and water resistant build. Ideal choice for customers looking for a reliable loafers in the footwear category at around 2221 rupees.
2651,Red Tape Sports Shoes Pro 639,Red Tape,Footwear,Sports Shoes,6339,This sports shoes from Red Tape is a mid range value for money pick designed for daily use. It offers strong grip on wet surface, suitable for office formals and cushioned sole for all day comfort. Ideal choice for customers looking for a reliable sports shoes in the footwear category at around 6339 rupees.
2652,Adidas Heels Air 646,Adidas,Footwear,Heels,1331,This heels from Adidas is a entry level basic model designed for daily use. It offers memory foam insole, memory foam insole and strong grip on wet surface. Ideal choice for customers looking for a reliable heels in the footwear category at around 1331 rupees.
2653,Woodland Slippers Classic 653,Woodland,Footwear,Slippers,88,This slippers from Woodland is a professional grade performance designed for daily use. It offers durable stitched construction, anti skid rubber outsole and perfect for running and gym. Ideal choice for customers looking for a reliable slippers in the footwear category at around 88 rupees.
2654,Red Tape Running Shoes Pro 660,Red Tape,Footwear,Running Shoes,5191,This running shoes from Red Tape is a budget friendly option designed for daily use. It offers cushioned sole for all day comfort, perfect for running and gym and anti skid rubber outsole. Ideal choice for customers looking for a reliable running shoes in the footwear category at around 5191 rupees.
2655,Adidas Sandals Edge 667,Adidas,Footwear,Sandals,2752,This sandals from Adidas is a premium quality product designed for daily use. It offers anti skid rubber outsole, strong grip on wet surface and memory foam insole. Ideal choice for customers looking for a reliable sandals in the footwear category at around 2752 rupees.
2656,Woodland Formal Shoes Sport 674,Woodland,Footwear,Formal Shoes,8875,This formal shoes from Woodland is a mid range value for money pick designed for daily use. It offers breathable mesh upper, cushioned sole for all day comfort and suitable for office formals. Ideal choice for customers looking for a reliable formal shoes in the footwear category at around 8875 rupees.
2657,Skechers Sneakers Core 681,Skechers,Footwear,Sneakers,479,This sneakers from Skechers is a entry level basic model designed for daily use. It offers water resistant build, water resistant build and breathable mesh upper. Ideal choice for customers looking for a reliable sneakers in the footwear category at around 479 rupees.
2658,Nike Flip Flops Sport 688,Nike,Footwear,Flip Flops,1238,This flip flops from Nike is a professional grade performance designed for daily use. It offers perfect for running and gym, lightweight everyday wear and durable stitched construction. Ideal choice for customers looking for a reliable flip flops in the footwear category at around 1238 rupees.
2659,Bata Hiking Boots Air 695,Bata,Footwear,Hiking Boots,2942,This hiking boots from Bata is a budget friendly option designed for daily use. It offers suitable for office formals, durable stitched construction and lightweight everyday wear. Ideal choice for customers looking for a reliable hiking boots in the footwear category at around 2942 rupees.
2660,Campus Loafers Air 702,Campus,Footwear,Loafers,2023,This loafers from Campus is a premium quality product designed for daily use. It offers lightweight everyday wear, breathable mesh upper and water resistant build. Ideal choice for customers looking for a reliable loafers in the footwear category at around 2023 rupees.
2661,Liberty Sports Shoes Lite 709,Liberty,Footwear,Sports Shoes,5979,This sports shoes from Liberty is a mid range value for money pick designed for daily use. It offers strong grip on wet surface, suitable for office formals and cushioned sole for all day comfort. Ideal choice for customers looking for a reliable sports shoes in the footwear category at around 5979 rupees.
2662,Puma Heels Edge 716,Puma,Footwear,Heels,3113,This heels from Puma is a entry level basic model designed for daily use. It offers memory foam insole, memory foam insole and strong grip on wet surface. Ideal choice for customers looking for a reliable heels in the footwear category at around 3113 rupees.
2663,Sparx Slippers Prime 723,Sparx,Footwear,Slippers,603,This slippers from Sparx is a professional grade performance designed for daily use. It offers durable stitched construction, anti skid rubber outsole and perfect for running and gym. Ideal choice for customers looking for a reliable slippers in the footwear category at around 603 rupees.
2664,Liberty Running Shoes Ultra 730,Liberty,Footwear,Running Shoes,5389,This running shoes from Liberty is a budget friendly option designed for daily use. It offers cushioned sole for all day comfort, perfect for running and gym and anti skid rubber outsole. Ideal choice for customers looking for a reliable running shoes in the footwear category at around 5389 rupees.
2665,Puma Sandals Pro 737,Puma,Footwear,Sandals,2824,This sandals from Puma is a premium quality product designed for daily use. It offers anti skid rubber outsole, strong grip on wet surface and memory foam insole. Ideal choice for customers looking for a reliable sandals in the footwear category at around 2824 rupees.
2666,Sparx Formal Shoes Lite 744,Sparx,Footwear,Formal Shoes,6103,This formal shoes from Sparx is a mid range value for money pick designed for daily use. It offers breathable mesh upper, cushioned sole for all day comfort and suitable for office formals. Ideal choice for customers looking for a reliable formal shoes in the footwear category at around 6103 rupees.
2667,Red Tape Sneakers Core 751,Red Tape,Footwear,Sneakers,1559,This sneakers from Red Tape is a entry level basic model designed for daily use. It offers water resistant build, water resistant build and breathable mesh upper. Ideal choice for customers looking for a reliable sneakers in the footwear category at around 1559 rupees.
2668,Adidas Flip Flops Classic 758,Adidas,Footwear,Flip Flops,687,This flip flops from Adidas is a professional grade performance designed for daily use. It offers perfect for running and gym, lightweight everyday wear and durable stitched construction. Ideal choice for customers looking for a reliable flip flops in the footwear category at around 687 rupees.
2669,Woodland Hiking Boots Classic 765,Woodland,Footwear,Hiking Boots,4094,This hiking boots from Woodland is a budget friendly option designed for daily use. It offers suitable for office formals, durable stitched construction and lightweight everyday wear. Ideal choice for customers looking for a reliable hiking boots in the footwear category at around 4094 rupees.
2670,Skechers Loafers Nova 772,Skechers,Footwear,Loafers,1825,This loafers from Skechers is a premium quality product designed for daily use. It offers lightweight everyday wear, breathable mesh upper and water resistant build. Ideal choice for customers looking for a reliable loafers in the footwear category at around 1825 rupees.
2671,Nike Sports Shoes Classic 779,Nike,Footwear,Sports Shoes,7419,This sports shoes from Nike is a mid range value for money pick designed for daily use. It offers strong grip on wet surface, suitable for office formals and cushioned sole for all day comfort. Ideal choice for customers looking for a reliable sports shoes in the footwear category at around 7419 rupees.
2672,Bata Heels Nova 786,Bata,Footwear,Heels,3437,This heels from Bata is a entry level basic model designed for daily use. It offers memory foam insole, memory foam insole and strong grip on wet surface. Ideal choice for customers looking for a reliable heels in the footwear category at around 3437 rupees.
2673,Campus Slippers Zen 793,Campus,Footwear,Slippers,1513,This slippers from Campus is a professional grade performance designed for daily use. It offers durable stitched construction, anti skid rubber outsole and perfect for running and gym. Ideal choice for customers looking for a reliable slippers in the footwear category at around 1513 rupees.
2674,Nike Running Shoes Ultra 800,Nike,Footwear,Running Shoes,7369,This running shoes from Nike is a budget friendly option designed for daily use. It offers cushioned sole for all day comfort, perfect for running and gym and anti skid rubber outsole. Ideal choice for customers looking for a reliable running shoes in the footwear category at around 7369 rupees.
2675,Bata Sandals Core 807,Bata,Footwear,Sandals,664,This sandals from Bata is a premium quality product designed for daily use. It offers anti skid rubber outsole, strong grip on wet surface and memory foam insole. Ideal choice for customers looking for a reliable sandals in the footwear category at around 664 rupees.
2676,Campus Formal Shoes Classic 814,Campus,Footwear,Formal Shoes,7111,This formal shoes from Campus is a mid range value for money pick designed for daily use. It offers breathable mesh upper, cushioned sole for all day comfort and suitable for office formals. Ideal choice for customers looking for a reliable formal shoes in the footwear category at around 7111 rupees.
2677,Liberty Sneakers Lite 821,Liberty,Footwear,Sneakers,3935,This sneakers from Liberty is a entry level basic model designed for daily use. It offers water resistant build, water resistant build and breathable mesh upper. Ideal choice for customers looking for a reliable sneakers in the footwear category at around 3935 rupees.
2678,Puma Flip Flops Elite 828,Puma,Footwear,Flip Flops,72,This flip flops from Puma is a professional grade performance designed for daily use. It offers perfect for running and gym, lightweight everyday wear and durable stitched construction. Ideal choice for customers looking for a reliable flip flops in the footwear category at around 72 rupees.
2679,Sparx Hiking Boots Zen 835,Sparx,Footwear,Hiking Boots,11294,This hiking boots from Sparx is a budget friendly option designed for daily use. It offers suitable for office formals, durable stitched construction and lightweight everyday wear. Ideal choice for customers looking for a reliable hiking boots in the footwear category at around 11294 rupees.
2680,Red Tape Loafers Ultra 842,Red Tape,Footwear,Loafers,3211,This loafers from Red Tape is a premium quality product designed for daily use. It offers lightweight everyday wear, breathable mesh upper and water resistant build. Ideal choice for customers looking for a reliable loafers in the footwear category at around 3211 rupees.
2681,Adidas Sports Shoes Max 849,Adidas,Footwear,Sports Shoes,3639,This sports shoes from Adidas is a mid range value for money pick designed for daily use. It offers strong grip on wet surface, suitable for office formals and cushioned sole for all day comfort. Ideal choice for customers looking for a reliable sports shoes in the footwear category at around 3639 rupees.
2682,Woodland Heels Core 856,Woodland,Footwear,Heels,3437,This heels from Woodland is a entry level basic model designed for daily use. It offers memory foam insole, memory foam insole and strong grip on wet surface. Ideal choice for customers looking for a reliable heels in the footwear category at around 3437 rupees.
2683,Skechers Slippers Lite 863,Skechers,Footwear,Slippers,721,This slippers from Skechers is a professional grade performance designed for daily use. It offers durable stitched construction, anti skid rubber outsole and perfect for running and gym. Ideal choice for customers looking for a reliable slippers in the footwear category at around 721 rupees.
2684,Adidas Running Shoes Max 870,Adidas,Footwear,Running Shoes,1429,This running shoes from Adidas is a budget friendly option designed for daily use. It offers cushioned sole for all day comfort, perfect for running and gym and anti skid rubber outsole. Ideal choice for customers looking for a reliable running shoes in the footwear category at around 1429 rupees.
2685,Woodland Sandals Core 877,Woodland,Footwear,Sandals,952,This sandals from Woodland is a premium quality product designed for daily use. It offers anti skid rubber outsole, strong grip on wet surface and memory foam insole. Ideal choice for customers looking for a reliable sandals in the footwear category at around 952 rupees.
2686,Skechers Formal Shoes Pro 884,Skechers,Footwear,Formal Shoes,811,This formal shoes from Skechers is a mid range value for money pick designed for daily use. It offers breathable mesh upper, cushioned sole for all day comfort and suitable for office formals. Ideal choice for customers looking for a reliable formal shoes in the footwear category at around 811 rupees.
2687,Nike Sneakers Pro 891,Nike,Footwear,Sneakers,3935,This sneakers from Nike is a entry level basic model designed for daily use. It offers water resistant build, water resistant build and breathable mesh upper. Ideal choice for customers looking for a reliable sneakers in the footwear category at around 3935 rupees.
2688,Bata Flip Flops Prime 898,Bata,Footwear,Flip Flops,396,This flip flops from Bata is a professional grade performance designed for daily use. It offers perfect for running and gym, lightweight everyday wear and durable stitched construction. Ideal choice for customers looking for a reliable flip flops in the footwear category at around 396 rupees.
2689,Campus Hiking Boots Sport 905,Campus,Footwear,Hiking Boots,6686,This hiking boots from Campus is a budget friendly option designed for daily use. It offers suitable for office formals, durable stitched construction and lightweight everyday wear. Ideal choice for customers looking for a reliable hiking boots in the footwear category at around 6686 rupees.
2690,Liberty Loafers Plus 912,Liberty,Footwear,Loafers,6775,This loafers from Liberty is a premium quality product designed for daily use. It offers lightweight everyday wear, breathable mesh upper and water resistant build. Ideal choice for customers looking for a reliable loafers in the footwear category at around 6775 rupees.
2691,Puma Sports Shoes Elite 919,Puma,Footwear,Sports Shoes,3999,This sports shoes from Puma is a mid range value for money pick designed for daily use. It offers strong grip on wet surface, suitable for office formals and cushioned sole for all day comfort. Ideal choice for customers looking for a reliable sports shoes in the footwear category at around 3999 rupees.
2692,Sparx Heels Elite 926,Sparx,Footwear,Heels,5543,This heels from Sparx is a entry level basic model designed for daily use. It offers memory foam insole, memory foam insole and strong grip on wet surface. Ideal choice for customers looking for a reliable heels in the footwear category at around 5543 rupees.
2693,Red Tape Slippers Edge 933,Red Tape,Footwear,Slippers,1434,This slippers from Red Tape is a professional grade performance designed for daily use. It offers durable stitched construction, anti skid rubber outsole and perfect for running and gym. Ideal choice for customers looking for a reliable slippers in the footwear category at around 1434 rupees.
2694,Puma Running Shoes Ultra 940,Puma,Footwear,Running Shoes,2221,This running shoes from Puma is a budget friendly option designed for daily use. It offers cushioned sole for all day comfort, perfect for running and gym and anti skid rubber outsole. Ideal choice for customers looking for a reliable running shoes in the footwear category at around 2221 rupees.
2695,Sparx Sandals Sport 947,Sparx,Footwear,Sandals,880,This sandals from Sparx is a premium quality product designed for daily use. It offers anti skid rubber outsole, strong grip on wet surface and memory foam insole. Ideal choice for customers looking for a reliable sandals in the footwear category at around 880 rupees.
2696,Red Tape Formal Shoes Core 954,Red Tape,Footwear,Formal Shoes,1567,This formal shoes from Red Tape is a mid range value for money pick designed for daily use. It offers breathable mesh upper, cushioned sole for all day comfort and suitable for office formals. Ideal choice for customers looking for a reliable formal shoes in the footwear category at around 1567 rupees.
2697,Adidas Sneakers Neo 961,Adidas,Footwear,Sneakers,2423,This sneakers from Adidas is a entry level basic model designed for daily use. It offers water resistant build, water resistant build and breathable mesh upper. Ideal choice for customers looking for a reliable sneakers in the footwear category at around 2423 rupees.
2698,Woodland Flip Flops Sport 968,Woodland,Footwear,Flip Flops,331,This flip flops from Woodland is a professional grade performance designed for daily use. It offers perfect for running and gym, lightweight everyday wear and durable stitched construction. Ideal choice for customers looking for a reliable flip flops in the footwear category at around 331 rupees.
2699,Skechers Hiking Boots Ultra 975,Skechers,Footwear,Hiking Boots,4958,This hiking boots from Skechers is a budget friendly option designed for daily use. It offers suitable for office formals, durable stitched construction and lightweight everyday wear. Ideal choice for customers looking for a reliable hiking boots in the footwear category at around 4958 rupees.
2700,Nike Loafers Elite 982,Nike,Footwear,Loafers,637,This loafers from Nike is a premium quality product designed for daily use. It offers lightweight everyday wear, breathable mesh upper and water resistant build. Ideal choice for customers looking for a reliable loafers in the footwear category at around 637 rupees.
2701,Bata Sports Shoes Air 989,Bata,Footwear,Sports Shoes,1299,This sports shoes from Bata is a mid range value for money pick designed for daily use. It offers strong grip on wet surface, suitable for office formals and cushioned sole for all day comfort. Ideal choice for customers looking for a reliable sports shoes in the footwear category at around 1299 rupees.
2702,Campus Heels Core 996,Campus,Footwear,Heels,3923,This heels from Campus is a entry level basic model designed for daily use. It offers memory foam insole, memory foam insole and strong grip on wet surface. Ideal choice for customers looking for a reliable heels in the footwear category at around 3923 rupees.
2703,Liberty Slippers Neo 103,Liberty,Footwear,Slippers,840,This slippers from Liberty is a professional grade performance designed for daily use. It offers durable stitched construction, anti skid rubber outsole and perfect for running and gym. Ideal choice for customers looking for a reliable slippers in the footwear category at around 840 rupees.
2704,Bata Running Shoes Lite 110,Bata,Footwear,Running Shoes,5191,This running shoes from Bata is a budget friendly option designed for daily use. It offers cushioned sole for all day comfort, perfect for running and gym and anti skid rubber outsole. Ideal choice for customers looking for a reliable running shoes in the footwear category at around 5191 rupees.
2705,Campus Sandals Prime 117,Campus,Footwear,Sandals,736,This sandals from Campus is a premium quality product designed for daily use. It offers anti skid rubber outsole, strong grip on wet surface and memory foam insole. Ideal choice for customers looking for a reliable sandals in the footwear category at around 736 rupees.
2706,Liberty Formal Shoes Edge 124,Liberty,Footwear,Formal Shoes,559,This formal shoes from Liberty is a mid range value for money pick designed for daily use. It offers breathable mesh upper, cushioned sole for all day comfort and suitable for office formals. Ideal choice for customers looking for a reliable formal shoes in the footwear category at around 559 rupees.
2707,Puma Sneakers Plus 131,Puma,Footwear,Sneakers,1127,This sneakers from Puma is a entry level basic model designed for daily use. It offers water resistant build, water resistant build and breathable mesh upper. Ideal choice for customers looking for a reliable sneakers in the footwear category at around 1127 rupees.
2708,Sparx Flip Flops Air 138,Sparx,Footwear,Flip Flops,104,This flip flops from Sparx is a professional grade performance designed for daily use. It offers perfect for running and gym, lightweight everyday wear and durable stitched construction. Ideal choice for customers looking for a reliable flip flops in the footwear category at around 104 rupees.
2709,Red Tape Hiking Boots Air 145,Red Tape,Footwear,Hiking Boots,8702,This hiking boots from Red Tape is a budget friendly option designed for daily use. It offers suitable for office formals, durable stitched construction and lightweight everyday wear. Ideal choice for customers looking for a reliable hiking boots in the footwear category at around 8702 rupees.
2710,Adidas Loafers Pro 152,Adidas,Footwear,Loafers,8161,This loafers from Adidas is a premium quality product designed for daily use. It offers lightweight everyday wear, breathable mesh upper and water resistant build. Ideal choice for customers looking for a reliable loafers in the footwear category at around 8161 rupees.
2711,Woodland Sports Shoes Zen 159,Woodland,Footwear,Sports Shoes,7239,This sports shoes from Woodland is a mid range value for money pick designed for daily use. It offers strong grip on wet surface, suitable for office formals and cushioned sole for all day comfort. Ideal choice for customers looking for a reliable sports shoes in the footwear category at around 7239 rupees.
2712,Skechers Heels Core 166,Skechers,Footwear,Heels,2789,This heels from Skechers is a entry level basic model designed for daily use. It offers memory foam insole, memory foam insole and strong grip on wet surface. Ideal choice for customers looking for a reliable heels in the footwear category at around 2789 rupees.
2713,Nike Slippers Prime 173,Nike,Footwear,Slippers,88,This slippers from Nike is a professional grade performance designed for daily use. It offers durable stitched construction, anti skid rubber outsole and perfect for running and gym. Ideal choice for customers looking for a reliable slippers in the footwear category at around 88 rupees.
2714,Woodland Running Shoes Sport 180,Woodland,Footwear,Running Shoes,2419,This running shoes from Woodland is a budget friendly option designed for daily use. It offers cushioned sole for all day comfort, perfect for running and gym and anti skid rubber outsole. Ideal choice for customers looking for a reliable running shoes in the footwear category at around 2419 rupees.
2715,Skechers Sandals Prime 187,Skechers,Footwear,Sandals,592,This sandals from Skechers is a premium quality product designed for daily use. It offers anti skid rubber outsole, strong grip on wet surface and memory foam insole. Ideal choice for customers looking for a reliable sandals in the footwear category at around 592 rupees.
2716,Nike Formal Shoes Max 194,Nike,Footwear,Formal Shoes,6103,This formal shoes from Nike is a mid range value for money pick designed for daily use. It offers breathable mesh upper, cushioned sole for all day comfort and suitable for office formals. Ideal choice for customers looking for a reliable formal shoes in the footwear category at around 6103 rupees.
2717,American Tourister Backpack Zen 100,American Tourister,Bags & Accessories,Backpack,3869,This backpack from American Tourister is a budget friendly option designed for daily use. It offers spacious multiple compartments, ideal for college students and padded laptop sleeve inside. Ideal choice for customers looking for a reliable backpack in the bags & accessories category at around 3869 rupees.
2718,Safari Laptop Bag Max 107,Safari,Bags & Accessories,Laptop Bag,3189,This laptop bag from Safari is a premium quality product designed for daily use. It offers padded laptop sleeve inside, strong smooth zippers and stylish daily use design. Ideal choice for customers looking for a reliable laptop bag in the bags & accessories category at around 3189 rupees.
2719,Hidesign Travel Trolley Neo 114,Hidesign,Bags & Accessories,Travel Trolley,9898,This travel trolley from Hidesign is a mid range value for money pick designed for daily use. It offers water resistant fabric, spacious multiple compartments and suitable for air travel. Ideal choice for customers looking for a reliable travel trolley in the bags & accessories category at around 9898 rupees.
2720,VIP Wallet Classic 121,VIP,Bags & Accessories,Wallet,3250,This wallet from VIP is a entry level basic model designed for daily use. It offers comfortable padded shoulder straps, comfortable padded shoulder straps and water resistant fabric. Ideal choice for customers looking for a reliable wallet in the bags & accessories category at around 3250 rupees.
2721,Wildcraft Sling Bag Plus 128,Wildcraft,Bags & Accessories,Sling Bag,5109,This sling bag from Wildcraft is a professional grade performance designed for daily use. It offers ideal for college students, lightweight easy to carry and large capacity for long trips. Ideal choice for customers looking for a reliable sling bag in the bags & accessories category at around 5109 rupees.
2722,Baggit Handbag Core 135,Baggit,Bags & Accessories,Handbag,9229,This handbag from Baggit is a budget friendly option designed for daily use. It offers suitable for air travel, large capacity for long trips and lightweight easy to carry. Ideal choice for customers looking for a reliable handbag in the bags & accessories category at around 9229 rupees.
2723,Puma Sunglasses Classic 142,Puma,Bags & Accessories,Sunglasses,3439,This sunglasses from Puma is a premium quality product designed for daily use. It offers lightweight easy to carry, water resistant fabric and comfortable padded shoulder straps. Ideal choice for customers looking for a reliable sunglasses in the bags & accessories category at around 3439 rupees.
2724,Skybags Belt Max 149,Skybags,Bags & Accessories,Belt,2440,This belt from Skybags is a mid range value for money pick designed for daily use. It offers strong smooth zippers, suitable for air travel and spacious multiple compartments. Ideal choice for customers looking for a reliable belt in the bags & accessories category at around 2440 rupees.
2725,Fastrack Duffel Bag Classic 156,Fastrack,Bags & Accessories,Duffel Bag,8279,This duffel bag from Fastrack is a entry level basic model designed for daily use. It offers stylish daily use design, stylish daily use design and strong smooth zippers. Ideal choice for customers looking for a reliable duffel bag in the bags & accessories category at around 8279 rupees.
2726,Tommy Cap Air 163,Tommy,Bags & Accessories,Cap,234,This cap from Tommy is a professional grade performance designed for daily use. It offers large capacity for long trips, padded laptop sleeve inside and ideal for college students. Ideal choice for customers looking for a reliable cap in the bags & accessories category at around 234 rupees.
2727,Skybags Backpack Ultra 170,Skybags,Bags & Accessories,Backpack,2069,This backpack from Skybags is a budget friendly option designed for daily use. It offers spacious multiple compartments, ideal for college students and padded laptop sleeve inside. Ideal choice for customers looking for a reliable backpack in the bags & accessories category at around 2069 rupees.
2728,Fastrack Laptop Bag Air 177,Fastrack,Bags & Accessories,Laptop Bag,5609,This laptop bag from Fastrack is a premium quality product designed for daily use. It offers padded laptop sleeve inside, strong smooth zippers and stylish daily use design. Ideal choice for customers looking for a reliable laptop bag in the bags & accessories category at around 5609 rupees.
2729,Tommy Travel Trolley Lite 184,Tommy,Bags & Accessories,Travel Trolley,16058,This travel trolley from Tommy is a mid range value for money pick designed for daily use. It offers water resistant fabric, spacious multiple compartments and suitable for air travel. Ideal choice for customers looking for a reliable travel trolley in the bags & accessories category at around 16058 rupees.
2730,American Tourister Wallet Ultra 191,American Tourister,Bags & Accessories,Wallet,250,This wallet from American Tourister is a entry level basic model designed for daily use. It offers comfortable padded shoulder straps, comfortable padded shoulder straps and water resistant fabric. Ideal choice for customers looking for a reliable wallet in the bags & accessories category at around 250 rupees.
2731,Safari Sling Bag Pro 198,Safari,Bags & Accessories,Sling Bag,3289,This sling bag from Safari is a professional grade performance designed for daily use. It offers ideal for college students, lightweight easy to carry and large capacity for long trips. Ideal choice for customers looking for a reliable sling bag in the bags & accessories category at around 3289 rupees.
2732,Hidesign Handbag Core 205,Hidesign,Bags & Accessories,Handbag,3509,This handbag from Hidesign is a budget friendly option designed for daily use. It offers suitable for air travel, large capacity for long trips and lightweight easy to carry. Ideal choice for customers looking for a reliable handbag in the bags & accessories category at around 3509 rupees.
2733,VIP Sunglasses Prime 212,VIP,Bags & Accessories,Sunglasses,5359,This sunglasses from VIP is a premium quality product designed for daily use. It offers lightweight easy to carry, water resistant fabric and comfortable padded shoulder straps. Ideal choice for customers looking for a reliable sunglasses in the bags & accessories category at around 5359 rupees.
2734,Wildcraft Belt Air 219,Wildcraft,Bags & Accessories,Belt,1320,This belt from Wildcraft is a mid range value for money pick designed for daily use. It offers strong smooth zippers, suitable for air travel and spacious multiple compartments. Ideal choice for customers looking for a reliable belt in the bags & accessories category at around 1320 rupees.
2735,Baggit Duffel Bag Zen 226,Baggit,Bags & Accessories,Duffel Bag,5639,This duffel bag from Baggit is a entry level basic model designed for daily use. It offers stylish daily use design, stylish daily use design and strong smooth zippers. Ideal choice for customers looking for a reliable duffel bag in the bags & accessories category at around 5639 rupees.
2736,Puma Cap Neo 233,Puma,Bags & Accessories,Cap,270,This cap from Puma is a professional grade performance designed for daily use. It offers large capacity for long trips, padded laptop sleeve inside and ideal for college students. Ideal choice for customers looking for a reliable cap in the bags & accessories category at around 270 rupees.
2737,Wildcraft Backpack Edge 240,Wildcraft,Bags & Accessories,Backpack,2429,This backpack from Wildcraft is a budget friendly option designed for daily use. It offers spacious multiple compartments, ideal for college students and padded laptop sleeve inside. Ideal choice for customers looking for a reliable backpack in the bags & accessories category at around 2429 rupees.
2738,Baggit Laptop Bag Max 247,Baggit,Bags & Accessories,Laptop Bag,2749,This laptop bag from Baggit is a premium quality product designed for daily use. It offers padded laptop sleeve inside, strong smooth zippers and stylish daily use design. Ideal choice for customers looking for a reliable laptop bag in the bags & accessories category at around 2749 rupees.
2739,Puma Travel Trolley Max 254,Puma,Bags & Accessories,Travel Trolley,14298,This travel trolley from Puma is a mid range value for money pick designed for daily use. It offers water resistant fabric, spacious multiple compartments and suitable for air travel. Ideal choice for customers looking for a reliable travel trolley in the bags & accessories category at around 14298 rupees.
2740,Skybags Wallet Core 261,Skybags,Bags & Accessories,Wallet,1450,This wallet from Skybags is a entry level basic model designed for daily use. It offers comfortable padded shoulder straps, comfortable padded shoulder straps and water resistant fabric. Ideal choice for customers looking for a reliable wallet in the bags & accessories category at around 1450 rupees.
2741,Fastrack Sling Bag Pro 268,Fastrack,Bags & Accessories,Sling Bag,2449,This sling bag from Fastrack is a professional grade performance designed for daily use. It offers ideal for college students, lightweight easy to carry and large capacity for long trips. Ideal choice for customers looking for a reliable sling bag in the bags & accessories category at around 2449 rupees.
2742,Tommy Handbag Plus 275,Tommy,Bags & Accessories,Handbag,5849,This handbag from Tommy is a budget friendly option designed for daily use. It offers suitable for air travel, large capacity for long trips and lightweight easy to carry. Ideal choice for customers looking for a reliable handbag in the bags & accessories category at around 5849 rupees.
2743,American Tourister Sunglasses Air 282,American Tourister,Bags & Accessories,Sunglasses,879,This sunglasses from American Tourister is a premium quality product designed for daily use. It offers lightweight easy to carry, water resistant fabric and comfortable padded shoulder straps. Ideal choice for customers looking for a reliable sunglasses in the bags & accessories category at around 879 rupees.
2744,Safari Belt Elite 289,Safari,Bags & Accessories,Belt,3240,This belt from Safari is a mid range value for money pick designed for daily use. It offers strong smooth zippers, suitable for air travel and spacious multiple compartments. Ideal choice for customers looking for a reliable belt in the bags & accessories category at around 3240 rupees.
2745,Hidesign Duffel Bag Lite 296,Hidesign,Bags & Accessories,Duffel Bag,359,This duffel bag from Hidesign is a entry level basic model designed for daily use. It offers stylish daily use design, stylish daily use design and strong smooth zippers. Ideal choice for customers looking for a reliable duffel bag in the bags & accessories category at around 359 rupees.
2746,VIP Cap Nova 303,VIP,Bags & Accessories,Cap,1314,This cap from VIP is a professional grade performance designed for daily use. It offers large capacity for long trips, padded laptop sleeve inside and ideal for college students. Ideal choice for customers looking for a reliable cap in the bags & accessories category at around 1314 rupees.
2747,Safari Backpack Classic 310,Safari,Bags & Accessories,Backpack,269,This backpack from Safari is a budget friendly option designed for daily use. It offers spacious multiple compartments, ideal for college students and padded laptop sleeve inside. Ideal choice for customers looking for a reliable backpack in the bags & accessories category at around 269 rupees.
2748,Hidesign Laptop Bag Classic 317,Hidesign,Bags & Accessories,Laptop Bag,5609,This laptop bag from Hidesign is a premium quality product designed for daily use. It offers padded laptop sleeve inside, strong smooth zippers and stylish daily use design. Ideal choice for customers looking for a reliable laptop bag in the bags & accessories category at around 5609 rupees.
2749,VIP Travel Trolley Elite 324,VIP,Bags & Accessories,Travel Trolley,14298,This travel trolley from VIP is a mid range value for money pick designed for daily use. It offers water resistant fabric, spacious multiple compartments and suitable for air travel. Ideal choice for customers looking for a reliable travel trolley in the bags & accessories category at around 14298 rupees.
2750,Wildcraft Wallet Prime 331,Wildcraft,Bags & Accessories,Wallet,3150,This wallet from Wildcraft is a entry level basic model designed for daily use. It offers comfortable padded shoulder straps, comfortable padded shoulder straps and water resistant fabric. Ideal choice for customers looking for a reliable wallet in the bags & accessories category at around 3150 rupees.
2751,Baggit Sling Bag Elite 338,Baggit,Bags & Accessories,Sling Bag,3009,This sling bag from Baggit is a professional grade performance designed for daily use. It offers ideal for college students, lightweight easy to carry and large capacity for long trips. Ideal choice for customers looking for a reliable sling bag in the bags & accessories category at around 3009 rupees.
2752,Puma Handbag Pro 345,Puma,Bags & Accessories,Handbag,7669,This handbag from Puma is a budget friendly option designed for daily use. It offers suitable for air travel, large capacity for long trips and lightweight easy to carry. Ideal choice for customers looking for a reliable handbag in the bags & accessories category at around 7669 rupees.
2753,Skybags Sunglasses Plus 352,Skybags,Bags & Accessories,Sunglasses,3439,This sunglasses from Skybags is a premium quality product designed for daily use. It offers lightweight easy to carry, water resistant fabric and comfortable padded shoulder straps. Ideal choice for customers looking for a reliable sunglasses in the bags & accessories category at around 3439 rupees.
2754,Fastrack Belt Air 359,Fastrack,Bags & Accessories,Belt,760,This belt from Fastrack is a mid range value for money pick designed for daily use. It offers strong smooth zippers, suitable for air travel and spacious multiple compartments. Ideal choice for customers looking for a reliable belt in the bags & accessories category at around 760 rupees.
2755,Tommy Duffel Bag Core 366,Tommy,Bags & Accessories,Duffel Bag,2039,This duffel bag from Tommy is a entry level basic model designed for daily use. It offers stylish daily use design, stylish daily use design and strong smooth zippers. Ideal choice for customers looking for a reliable duffel bag in the bags & accessories category at around 2039 rupees.
2756,American Tourister Cap Elite 373,American Tourister,Bags & Accessories,Cap,162,This cap from American Tourister is a professional grade performance designed for daily use. It offers large capacity for long trips, padded laptop sleeve inside and ideal for college students. Ideal choice for customers looking for a reliable cap in the bags & accessories category at around 162 rupees.
2757,Fastrack Backpack Core 380,Fastrack,Bags & Accessories,Backpack,6209,This backpack from Fastrack is a budget friendly option designed for daily use. It offers spacious multiple compartments, ideal for college students and padded laptop sleeve inside. Ideal choice for customers looking for a reliable backpack in the bags & accessories category at around 6209 rupees.
2758,Tommy Laptop Bag Max 387,Tommy,Bags & Accessories,Laptop Bag,4509,This laptop bag from Tommy is a premium quality product designed for daily use. It offers padded laptop sleeve inside, strong smooth zippers and stylish daily use design. Ideal choice for customers looking for a reliable laptop bag in the bags & accessories category at around 4509 rupees.
2759,American Tourister Travel Trolley Sport 394,American Tourister,Bags & Accessories,Travel Trolley,12978,This travel trolley from American Tourister is a mid range value for money pick designed for daily use. It offers water resistant fabric, spacious multiple compartments and suitable for air travel. Ideal choice for customers looking for a reliable travel trolley in the bags & accessories category at around 12978 rupees.
2760,Safari Wallet Lite 401,Safari,Bags & Accessories,Wallet,650,This wallet from Safari is a entry level basic model designed for daily use. It offers comfortable padded shoulder straps, comfortable padded shoulder straps and water resistant fabric. Ideal choice for customers looking for a reliable wallet in the bags & accessories category at around 650 rupees.
2761,Hidesign Sling Bag Classic 408,Hidesign,Bags & Accessories,Sling Bag,3709,This sling bag from Hidesign is a professional grade performance designed for daily use. It offers ideal for college students, lightweight easy to carry and large capacity for long trips. Ideal choice for customers looking for a reliable sling bag in the bags & accessories category at around 3709 rupees.
2762,VIP Handbag Nova 415,VIP,Bags & Accessories,Handbag,9229,This handbag from VIP is a budget friendly option designed for daily use. It offers suitable for air travel, large capacity for long trips and lightweight easy to carry. Ideal choice for customers looking for a reliable handbag in the bags & accessories category at around 9229 rupees.
2763,Wildcraft Sunglasses Neo 422,Wildcraft,Bags & Accessories,Sunglasses,4719,This sunglasses from Wildcraft is a premium quality product designed for daily use. It offers lightweight easy to carry, water resistant fabric and comfortable padded shoulder straps. Ideal choice for customers looking for a reliable sunglasses in the bags & accessories category at around 4719 rupees.
2764,Baggit Belt Elite 429,Baggit,Bags & Accessories,Belt,2440,This belt from Baggit is a mid range value for money pick designed for daily use. It offers strong smooth zippers, suitable for air travel and spacious multiple compartments. Ideal choice for customers looking for a reliable belt in the bags & accessories category at around 2440 rupees.
2765,Puma Duffel Bag Zen 436,Puma,Bags & Accessories,Duffel Bag,2279,This duffel bag from Puma is a entry level basic model designed for daily use. It offers stylish daily use design, stylish daily use design and strong smooth zippers. Ideal choice for customers looking for a reliable duffel bag in the bags & accessories category at around 2279 rupees.
2766,Skybags Cap Core 443,Skybags,Bags & Accessories,Cap,1458,This cap from Skybags is a professional grade performance designed for daily use. It offers large capacity for long trips, padded laptop sleeve inside and ideal for college students. Ideal choice for customers looking for a reliable cap in the bags & accessories category at around 1458 rupees.
2767,Baggit Backpack Pro 450,Baggit,Bags & Accessories,Backpack,4589,This backpack from Baggit is a budget friendly option designed for daily use. It offers spacious multiple compartments, ideal for college students and padded laptop sleeve inside. Ideal choice for customers looking for a reliable backpack in the bags & accessories category at around 4589 rupees.
2768,Puma Laptop Bag Plus 457,Puma,Bags & Accessories,Laptop Bag,5169,This laptop bag from Puma is a premium quality product designed for daily use. It offers padded laptop sleeve inside, strong smooth zippers and stylish daily use design. Ideal choice for customers looking for a reliable laptop bag in the bags & accessories category at around 5169 rupees.
2769,Skybags Travel Trolley Plus 464,Skybags,Bags & Accessories,Travel Trolley,9018,This travel trolley from Skybags is a mid range value for money pick designed for daily use. It offers water resistant fabric, spacious multiple compartments and suitable for air travel. Ideal choice for customers looking for a reliable travel trolley in the bags & accessories category at around 9018 rupees.
2770,Fastrack Wallet Air 471,Fastrack,Bags & Accessories,Wallet,3950,This wallet from Fastrack is a entry level basic model designed for daily use. It offers comfortable padded shoulder straps, comfortable padded shoulder straps and water resistant fabric. Ideal choice for customers looking for a reliable wallet in the bags & accessories category at around 3950 rupees.
2771,Tommy Sling Bag Classic 478,Tommy,Bags & Accessories,Sling Bag,5389,This sling bag from Tommy is a professional grade performance designed for daily use. It offers ideal for college students, lightweight easy to carry and large capacity for long trips. Ideal choice for customers looking for a reliable sling bag in the bags & accessories category at around 5389 rupees.
2772,American Tourister Handbag Nova 485,American Tourister,Bags & Accessories,Handbag,9489,This handbag from American Tourister is a budget friendly option designed for daily use. It offers suitable for air travel, large capacity for long trips and lightweight easy to carry. Ideal choice for customers looking for a reliable handbag in the bags & accessories category at around 9489 rupees.
2773,Safari Sunglasses Edge 492,Safari,Bags & Accessories,Sunglasses,3439,This sunglasses from Safari is a premium quality product designed for daily use. It offers lightweight easy to carry, water resistant fabric and comfortable padded shoulder straps. Ideal choice for customers looking for a reliable sunglasses in the bags & accessories category at around 3439 rupees.
2774,Hidesign Belt Sport 499,Hidesign,Bags & Accessories,Belt,1320,This belt from Hidesign is a mid range value for money pick designed for daily use. It offers strong smooth zippers, suitable for air travel and spacious multiple compartments. Ideal choice for customers looking for a reliable belt in the bags & accessories category at around 1320 rupees.
2775,VIP Duffel Bag Lite 506,VIP,Bags & Accessories,Duffel Bag,5639,This duffel bag from VIP is a entry level basic model designed for daily use. It offers stylish daily use design, stylish daily use design and strong smooth zippers. Ideal choice for customers looking for a reliable duffel bag in the bags & accessories category at around 5639 rupees.
2776,Wildcraft Cap Core 513,Wildcraft,Bags & Accessories,Cap,414,This cap from Wildcraft is a professional grade performance designed for daily use. It offers large capacity for long trips, padded laptop sleeve inside and ideal for college students. Ideal choice for customers looking for a reliable cap in the bags & accessories category at around 414 rupees.
2777,Hidesign Backpack Classic 520,Hidesign,Bags & Accessories,Backpack,6929,This backpack from Hidesign is a budget friendly option designed for daily use. It offers spacious multiple compartments, ideal for college students and padded laptop sleeve inside. Ideal choice for customers looking for a reliable backpack in the bags & accessories category at around 6929 rupees.
2778,VIP Laptop Bag Ultra 527,VIP,Bags & Accessories,Laptop Bag,2309,This laptop bag from VIP is a premium quality product designed for daily use. It offers padded laptop sleeve inside, strong smooth zippers and stylish daily use design. Ideal choice for customers looking for a reliable laptop bag in the bags & accessories category at around 2309 rupees.
2779,Wildcraft Travel Trolley Max 534,Wildcraft,Bags & Accessories,Travel Trolley,11658,This travel trolley from Wildcraft is a mid range value for money pick designed for daily use. It offers water resistant fabric, spacious multiple compartments and suitable for air travel. Ideal choice for customers looking for a reliable travel trolley in the bags & accessories category at around 11658 rupees.
2780,Baggit Wallet Zen 541,Baggit,Bags & Accessories,Wallet,2950,This wallet from Baggit is a entry level basic model designed for daily use. It offers comfortable padded shoulder straps, comfortable padded shoulder straps and water resistant fabric. Ideal choice for customers looking for a reliable wallet in the bags & accessories category at around 2950 rupees.
2781,Puma Sling Bag Plus 548,Puma,Bags & Accessories,Sling Bag,4829,This sling bag from Puma is a professional grade performance designed for daily use. It offers ideal for college students, lightweight easy to carry and large capacity for long trips. Ideal choice for customers looking for a reliable sling bag in the bags & accessories category at around 4829 rupees.
2782,Skybags Handbag Plus 555,Skybags,Bags & Accessories,Handbag,9749,This handbag from Skybags is a budget friendly option designed for daily use. It offers suitable for air travel, large capacity for long trips and lightweight easy to carry. Ideal choice for customers looking for a reliable handbag in the bags & accessories category at around 9749 rupees.
2783,Fastrack Sunglasses Classic 562,Fastrack,Bags & Accessories,Sunglasses,1999,This sunglasses from Fastrack is a premium quality product designed for daily use. It offers lightweight easy to carry, water resistant fabric and comfortable padded shoulder straps. Ideal choice for customers looking for a reliable sunglasses in the bags & accessories category at around 1999 rupees.
2784,Tommy Belt Edge 569,Tommy,Bags & Accessories,Belt,2360,This belt from Tommy is a mid range value for money pick designed for daily use. It offers strong smooth zippers, suitable for air travel and spacious multiple compartments. Ideal choice for customers looking for a reliable belt in the bags & accessories category at around 2360 rupees.
2785,American Tourister Duffel Bag Pro 576,American Tourister,Bags & Accessories,Duffel Bag,3959,This duffel bag from American Tourister is a entry level basic model designed for daily use. It offers stylish daily use design, stylish daily use design and strong smooth zippers. Ideal choice for customers looking for a reliable duffel bag in the bags & accessories category at around 3959 rupees.
2786,Safari Cap Prime 583,Safari,Bags & Accessories,Cap,1062,This cap from Safari is a professional grade performance designed for daily use. It offers large capacity for long trips, padded laptop sleeve inside and ideal for college students. Ideal choice for customers looking for a reliable cap in the bags & accessories category at around 1062 rupees.
2787,Tommy Backpack Edge 590,Tommy,Bags & Accessories,Backpack,989,This backpack from Tommy is a budget friendly option designed for daily use. It offers spacious multiple compartments, ideal for college students and padded laptop sleeve inside. Ideal choice for customers looking for a reliable backpack in the bags & accessories category at around 989 rupees.
2788,American Tourister Laptop Bag Pro 597,American Tourister,Bags & Accessories,Laptop Bag,1869,This laptop bag from American Tourister is a premium quality product designed for daily use. It offers padded laptop sleeve inside, strong smooth zippers and stylish daily use design. Ideal choice for customers looking for a reliable laptop bag in the bags & accessories category at around 1869 rupees.
2789,Safari Travel Trolley Neo 604,Safari,Bags & Accessories,Travel Trolley,5938,This travel trolley from Safari is a mid range value for money pick designed for daily use. It offers water resistant fabric, spacious multiple compartments and suitable for air travel. Ideal choice for customers looking for a reliable travel trolley in the bags & accessories category at around 5938 rupees.
2790,Hidesign Wallet Plus 611,Hidesign,Bags & Accessories,Wallet,250,This wallet from Hidesign is a entry level basic model designed for daily use. It offers comfortable padded shoulder straps, comfortable padded shoulder straps and water resistant fabric. Ideal choice for customers looking for a reliable wallet in the bags & accessories category at around 250 rupees.
2791,VIP Sling Bag Max 618,VIP,Bags & Accessories,Sling Bag,1049,This sling bag from VIP is a professional grade performance designed for daily use. It offers ideal for college students, lightweight easy to carry and large capacity for long trips. Ideal choice for customers looking for a reliable sling bag in the bags & accessories category at around 1049 rupees.
2792,Wildcraft Handbag Ultra 625,Wildcraft,Bags & Accessories,Handbag,10529,This handbag from Wildcraft is a budget friendly option designed for daily use. It offers suitable for air travel, large capacity for long trips and lightweight easy to carry. Ideal choice for customers looking for a reliable handbag in the bags & accessories category at around 10529 rupees.
2793,Baggit Sunglasses Edge 632,Baggit,Bags & Accessories,Sunglasses,5999,This sunglasses from Baggit is a premium quality product designed for daily use. It offers lightweight easy to carry, water resistant fabric and comfortable padded shoulder straps. Ideal choice for customers looking for a reliable sunglasses in the bags & accessories category at around 5999 rupees.
2794,Puma Belt Air 639,Puma,Bags & Accessories,Belt,520,This belt from Puma is a mid range value for money pick designed for daily use. It offers strong smooth zippers, suitable for air travel and spacious multiple compartments. Ideal choice for customers looking for a reliable belt in the bags & accessories category at around 520 rupees.
2795,Skybags Duffel Bag Ultra 646,Skybags,Bags & Accessories,Duffel Bag,6839,This duffel bag from Skybags is a entry level basic model designed for daily use. It offers stylish daily use design, stylish daily use design and strong smooth zippers. Ideal choice for customers looking for a reliable duffel bag in the bags & accessories category at around 6839 rupees.
2796,Fastrack Cap Core 653,Fastrack,Bags & Accessories,Cap,1314,This cap from Fastrack is a professional grade performance designed for daily use. It offers large capacity for long trips, padded laptop sleeve inside and ideal for college students. Ideal choice for customers looking for a reliable cap in the bags & accessories category at around 1314 rupees.
2797,Puma Backpack Sport 660,Puma,Bags & Accessories,Backpack,5849,This backpack from Puma is a budget friendly option designed for daily use. It offers spacious multiple compartments, ideal for college students and padded laptop sleeve inside. Ideal choice for customers looking for a reliable backpack in the bags & accessories category at around 5849 rupees.
2798,Skybags Laptop Bag Prime 667,Skybags,Bags & Accessories,Laptop Bag,2749,This laptop bag from Skybags is a premium quality product designed for daily use. It offers padded laptop sleeve inside, strong smooth zippers and stylish daily use design. Ideal choice for customers looking for a reliable laptop bag in the bags & accessories category at around 2749 rupees.
2799,Fastrack Travel Trolley Plus 674,Fastrack,Bags & Accessories,Travel Trolley,17378,This travel trolley from Fastrack is a mid range value for money pick designed for daily use. It offers water resistant fabric, spacious multiple compartments and suitable for air travel. Ideal choice for customers looking for a reliable travel trolley in the bags & accessories category at around 17378 rupees.
2800,Tommy Wallet Max 681,Tommy,Bags & Accessories,Wallet,2550,This wallet from Tommy is a entry level basic model designed for daily use. It offers comfortable padded shoulder straps, comfortable padded shoulder straps and water resistant fabric. Ideal choice for customers looking for a reliable wallet in the bags & accessories category at around 2550 rupees.
2801,American Tourister Sling Bag Lite 688,American Tourister,Bags & Accessories,Sling Bag,3009,This sling bag from American Tourister is a professional grade performance designed for daily use. It offers ideal for college students, lightweight easy to carry and large capacity for long trips. Ideal choice for customers looking for a reliable sling bag in the bags & accessories category at around 3009 rupees.
2802,Safari Handbag Lite 695,Safari,Bags & Accessories,Handbag,9749,This handbag from Safari is a budget friendly option designed for daily use. It offers suitable for air travel, large capacity for long trips and lightweight easy to carry. Ideal choice for customers looking for a reliable handbag in the bags & accessories category at around 9749 rupees.
2803,Hidesign Sunglasses Prime 702,Hidesign,Bags & Accessories,Sunglasses,2319,This sunglasses from Hidesign is a premium quality product designed for daily use. It offers lightweight easy to carry, water resistant fabric and comfortable padded shoulder straps. Ideal choice for customers looking for a reliable sunglasses in the bags & accessories category at around 2319 rupees.
2804,VIP Belt Pro 709,VIP,Bags & Accessories,Belt,120,This belt from VIP is a mid range value for money pick designed for daily use. It offers strong smooth zippers, suitable for air travel and spacious multiple compartments. Ideal choice for customers looking for a reliable belt in the bags & accessories category at around 120 rupees.
2805,Wildcraft Duffel Bag Lite 716,Wildcraft,Bags & Accessories,Duffel Bag,9479,This duffel bag from Wildcraft is a entry level basic model designed for daily use. It offers stylish daily use design, stylish daily use design and strong smooth zippers. Ideal choice for customers looking for a reliable duffel bag in the bags & accessories category at around 9479 rupees.
2806,Baggit Cap Lite 723,Baggit,Bags & Accessories,Cap,342,This cap from Baggit is a professional grade performance designed for daily use. It offers large capacity for long trips, padded laptop sleeve inside and ideal for college students. Ideal choice for customers looking for a reliable cap in the bags & accessories category at around 342 rupees.
2807,VIP Backpack Classic 730,VIP,Bags & Accessories,Backpack,989,This backpack from VIP is a budget friendly option designed for daily use. It offers spacious multiple compartments, ideal for college students and padded laptop sleeve inside. Ideal choice for customers looking for a reliable backpack in the bags & accessories category at around 989 rupees.
2808,Wildcraft Laptop Bag Core 737,Wildcraft,Bags & Accessories,Laptop Bag,2309,This laptop bag from Wildcraft is a premium quality product designed for daily use. It offers padded laptop sleeve inside, strong smooth zippers and stylish daily use design. Ideal choice for customers looking for a reliable laptop bag in the bags & accessories category at around 2309 rupees.
2809,Baggit Travel Trolley Plus 744,Baggit,Bags & Accessories,Travel Trolley,8138,This travel trolley from Baggit is a mid range value for money pick designed for daily use. It offers water resistant fabric, spacious multiple compartments and suitable for air travel. Ideal choice for customers looking for a reliable travel trolley in the bags & accessories category at around 8138 rupees.
2810,Puma Wallet Zen 751,Puma,Bags & Accessories,Wallet,250,This wallet from Puma is a entry level basic model designed for daily use. It offers comfortable padded shoulder straps, comfortable padded shoulder straps and water resistant fabric. Ideal choice for customers looking for a reliable wallet in the bags & accessories category at around 250 rupees.
2811,Skybags Sling Bag Zen 758,Skybags,Bags & Accessories,Sling Bag,3009,This sling bag from Skybags is a professional grade performance designed for daily use. It offers ideal for college students, lightweight easy to carry and large capacity for long trips. Ideal choice for customers looking for a reliable sling bag in the bags & accessories category at around 3009 rupees.
2812,Fastrack Handbag Zen 765,Fastrack,Bags & Accessories,Handbag,1949,This handbag from Fastrack is a budget friendly option designed for daily use. It offers suitable for air travel, large capacity for long trips and lightweight easy to carry. Ideal choice for customers looking for a reliable handbag in the bags & accessories category at around 1949 rupees.
2813,Tommy Sunglasses Prime 772,Tommy,Bags & Accessories,Sunglasses,2159,This sunglasses from Tommy is a premium quality product designed for daily use. It offers lightweight easy to carry, water resistant fabric and comfortable padded shoulder straps. Ideal choice for customers looking for a reliable sunglasses in the bags & accessories category at around 2159 rupees.
2814,American Tourister Belt Pro 779,American Tourister,Bags & Accessories,Belt,1640,This belt from American Tourister is a mid range value for money pick designed for daily use. It offers strong smooth zippers, suitable for air travel and spacious multiple compartments. Ideal choice for customers looking for a reliable belt in the bags & accessories category at around 1640 rupees.
2815,Safari Duffel Bag Prime 786,Safari,Bags & Accessories,Duffel Bag,7799,This duffel bag from Safari is a entry level basic model designed for daily use. It offers stylish daily use design, stylish daily use design and strong smooth zippers. Ideal choice for customers looking for a reliable duffel bag in the bags & accessories category at around 7799 rupees.
2816,Hidesign Cap Zen 793,Hidesign,Bags & Accessories,Cap,1350,This cap from Hidesign is a professional grade performance designed for daily use. It offers large capacity for long trips, padded laptop sleeve inside and ideal for college students. Ideal choice for customers looking for a reliable cap in the bags & accessories category at around 1350 rupees.
2817,American Tourister Backpack Classic 800,American Tourister,Bags & Accessories,Backpack,5489,This backpack from American Tourister is a budget friendly option designed for daily use. It offers spacious multiple compartments, ideal for college students and padded laptop sleeve inside. Ideal choice for customers looking for a reliable backpack in the bags & accessories category at around 5489 rupees.
2818,Safari Laptop Bag Elite 807,Safari,Bags & Accessories,Laptop Bag,549,This laptop bag from Safari is a premium quality product designed for daily use. It offers padded laptop sleeve inside, strong smooth zippers and stylish daily use design. Ideal choice for customers looking for a reliable laptop bag in the bags & accessories category at around 549 rupees.
2819,Hidesign Travel Trolley Sport 814,Hidesign,Bags & Accessories,Travel Trolley,15178,This travel trolley from Hidesign is a mid range value for money pick designed for daily use. It offers water resistant fabric, spacious multiple compartments and suitable for air travel. Ideal choice for customers looking for a reliable travel trolley in the bags & accessories category at around 15178 rupees.
2820,VIP Wallet Ultra 821,VIP,Bags & Accessories,Wallet,2250,This wallet from VIP is a entry level basic model designed for daily use. It offers comfortable padded shoulder straps, comfortable padded shoulder straps and water resistant fabric. Ideal choice for customers looking for a reliable wallet in the bags & accessories category at around 2250 rupees.
2821,Wildcraft Sling Bag Classic 828,Wildcraft,Bags & Accessories,Sling Bag,489,This sling bag from Wildcraft is a professional grade performance designed for daily use. It offers ideal for college students, lightweight easy to carry and large capacity for long trips. Ideal choice for customers looking for a reliable sling bag in the bags & accessories category at around 489 rupees.
2822,Baggit Handbag Sport 835,Baggit,Bags & Accessories,Handbag,8449,This handbag from Baggit is a budget friendly option designed for daily use. It offers suitable for air travel, large capacity for long trips and lightweight easy to carry. Ideal choice for customers looking for a reliable handbag in the bags & accessories category at around 8449 rupees.
2823,Puma Sunglasses Edge 842,Puma,Bags & Accessories,Sunglasses,3279,This sunglasses from Puma is a premium quality product designed for daily use. It offers lightweight easy to carry, water resistant fabric and comfortable padded shoulder straps. Ideal choice for customers looking for a reliable sunglasses in the bags & accessories category at around 3279 rupees.
2824,Skybags Belt Max 849,Skybags,Bags & Accessories,Belt,2760,This belt from Skybags is a mid range value for money pick designed for daily use. It offers strong smooth zippers, suitable for air travel and spacious multiple compartments. Ideal choice for customers looking for a reliable belt in the bags & accessories category at around 2760 rupees.
2825,Fastrack Duffel Bag Core 856,Fastrack,Bags & Accessories,Duffel Bag,4679,This duffel bag from Fastrack is a entry level basic model designed for daily use. It offers stylish daily use design, stylish daily use design and strong smooth zippers. Ideal choice for customers looking for a reliable duffel bag in the bags & accessories category at around 4679 rupees.
2826,Tommy Cap Plus 863,Tommy,Bags & Accessories,Cap,954,This cap from Tommy is a professional grade performance designed for daily use. It offers large capacity for long trips, padded laptop sleeve inside and ideal for college students. Ideal choice for customers looking for a reliable cap in the bags & accessories category at around 954 rupees.
2827,Skybags Backpack Pro 870,Skybags,Bags & Accessories,Backpack,2069,This backpack from Skybags is a budget friendly option designed for daily use. It offers spacious multiple compartments, ideal for college students and padded laptop sleeve inside. Ideal choice for customers looking for a reliable backpack in the bags & accessories category at around 2069 rupees.
2828,Fastrack Laptop Bag Nova 877,Fastrack,Bags & Accessories,Laptop Bag,1429,This laptop bag from Fastrack is a premium quality product designed for daily use. It offers padded laptop sleeve inside, strong smooth zippers and stylish daily use design. Ideal choice for customers looking for a reliable laptop bag in the bags & accessories category at around 1429 rupees.
2829,Tommy Travel Trolley Prime 884,Tommy,Bags & Accessories,Travel Trolley,17378,This travel trolley from Tommy is a mid range value for money pick designed for daily use. It offers water resistant fabric, spacious multiple compartments and suitable for air travel. Ideal choice for customers looking for a reliable travel trolley in the bags & accessories category at around 17378 rupees.
2830,American Tourister Wallet Air 891,American Tourister,Bags & Accessories,Wallet,2250,This wallet from American Tourister is a entry level basic model designed for daily use. It offers comfortable padded shoulder straps, comfortable padded shoulder straps and water resistant fabric. Ideal choice for customers looking for a reliable wallet in the bags & accessories category at around 2250 rupees.
2831,Safari Sling Bag Lite 898,Safari,Bags & Accessories,Sling Bag,4269,This sling bag from Safari is a professional grade performance designed for daily use. It offers ideal for college students, lightweight easy to carry and large capacity for long trips. Ideal choice for customers looking for a reliable sling bag in the bags & accessories category at around 4269 rupees.
2832,Hidesign Handbag Ultra 905,Hidesign,Bags & Accessories,Handbag,1429,This handbag from Hidesign is a budget friendly option designed for daily use. It offers suitable for air travel, large capacity for long trips and lightweight easy to carry. Ideal choice for customers looking for a reliable handbag in the bags & accessories category at around 1429 rupees.
2833,VIP Sunglasses Neo 912,VIP,Bags & Accessories,Sunglasses,2959,This sunglasses from VIP is a premium quality product designed for daily use. It offers lightweight easy to carry, water resistant fabric and comfortable padded shoulder straps. Ideal choice for customers looking for a reliable sunglasses in the bags & accessories category at around 2959 rupees.
2834,Wildcraft Belt Elite 919,Wildcraft,Bags & Accessories,Belt,1880,This belt from Wildcraft is a mid range value for money pick designed for daily use. It offers strong smooth zippers, suitable for air travel and spacious multiple compartments. Ideal choice for customers looking for a reliable belt in the bags & accessories category at around 1880 rupees.
2835,Baggit Duffel Bag Sport 926,Baggit,Bags & Accessories,Duffel Bag,2039,This duffel bag from Baggit is a entry level basic model designed for daily use. It offers stylish daily use design, stylish daily use design and strong smooth zippers. Ideal choice for customers looking for a reliable duffel bag in the bags & accessories category at around 2039 rupees.
2836,Puma Cap Neo 933,Puma,Bags & Accessories,Cap,306,This cap from Puma is a professional grade performance designed for daily use. It offers large capacity for long trips, padded laptop sleeve inside and ideal for college students. Ideal choice for customers looking for a reliable cap in the bags & accessories category at around 306 rupees.
2837,Wildcraft Backpack Nova 940,Wildcraft,Bags & Accessories,Backpack,4949,This backpack from Wildcraft is a budget friendly option designed for daily use. It offers spacious multiple compartments, ideal for college students and padded laptop sleeve inside. Ideal choice for customers looking for a reliable backpack in the bags & accessories category at around 4949 rupees.
2838,Baggit Laptop Bag Neo 947,Baggit,Bags & Accessories,Laptop Bag,7809,This laptop bag from Baggit is a premium quality product designed for daily use. It offers padded laptop sleeve inside, strong smooth zippers and stylish daily use design. Ideal choice for customers looking for a reliable laptop bag in the bags & accessories category at around 7809 rupees.
2839,Puma Travel Trolley Prime 954,Puma,Bags & Accessories,Travel Trolley,15178,This travel trolley from Puma is a mid range value for money pick designed for daily use. It offers water resistant fabric, spacious multiple compartments and suitable for air travel. Ideal choice for customers looking for a reliable travel trolley in the bags & accessories category at around 15178 rupees.
2840,Skybags Wallet Classic 961,Skybags,Bags & Accessories,Wallet,2150,This wallet from Skybags is a entry level basic model designed for daily use. It offers comfortable padded shoulder straps, comfortable padded shoulder straps and water resistant fabric. Ideal choice for customers looking for a reliable wallet in the bags & accessories category at around 2150 rupees.
2841,Fastrack Sling Bag Edge 968,Fastrack,Bags & Accessories,Sling Bag,4829,This sling bag from Fastrack is a professional grade performance designed for daily use. It offers ideal for college students, lightweight easy to carry and large capacity for long trips. Ideal choice for customers looking for a reliable sling bag in the bags & accessories category at around 4829 rupees.
2842,Tommy Handbag Pro 975,Tommy,Bags & Accessories,Handbag,8709,This handbag from Tommy is a budget friendly option designed for daily use. It offers suitable for air travel, large capacity for long trips and lightweight easy to carry. Ideal choice for customers looking for a reliable handbag in the bags & accessories category at around 8709 rupees.
2843,American Tourister Sunglasses Elite 982,American Tourister,Bags & Accessories,Sunglasses,4239,This sunglasses from American Tourister is a premium quality product designed for daily use. It offers lightweight easy to carry, water resistant fabric and comfortable padded shoulder straps. Ideal choice for customers looking for a reliable sunglasses in the bags & accessories category at around 4239 rupees.
2844,Safari Belt Nova 989,Safari,Bags & Accessories,Belt,2680,This belt from Safari is a mid range value for money pick designed for daily use. It offers strong smooth zippers, suitable for air travel and spacious multiple compartments. Ideal choice for customers looking for a reliable belt in the bags & accessories category at around 2680 rupees.
2845,Hidesign Duffel Bag Ultra 996,Hidesign,Bags & Accessories,Duffel Bag,599,This duffel bag from Hidesign is a entry level basic model designed for daily use. It offers stylish daily use design, stylish daily use design and strong smooth zippers. Ideal choice for customers looking for a reliable duffel bag in the bags & accessories category at around 599 rupees.
2846,VIP Cap Zen 103,VIP,Bags & Accessories,Cap,90,This cap from VIP is a professional grade performance designed for daily use. It offers large capacity for long trips, padded laptop sleeve inside and ideal for college students. Ideal choice for customers looking for a reliable cap in the bags & accessories category at around 90 rupees.
2847,Safari Backpack Plus 110,Safari,Bags & Accessories,Backpack,3329,This backpack from Safari is a budget friendly option designed for daily use. It offers spacious multiple compartments, ideal for college students and padded laptop sleeve inside. Ideal choice for customers looking for a reliable backpack in the bags & accessories category at around 3329 rupees.
2848,Hidesign Laptop Bag Neo 117,Hidesign,Bags & Accessories,Laptop Bag,549,This laptop bag from Hidesign is a premium quality product designed for daily use. It offers padded laptop sleeve inside, strong smooth zippers and stylish daily use design. Ideal choice for customers looking for a reliable laptop bag in the bags & accessories category at around 549 rupees.
2849,VIP Travel Trolley Edge 124,VIP,Bags & Accessories,Travel Trolley,8578,This travel trolley from VIP is a mid range value for money pick designed for daily use. It offers water resistant fabric, spacious multiple compartments and suitable for air travel. Ideal choice for customers looking for a reliable travel trolley in the bags & accessories category at around 8578 rupees.
2850,Wildcraft Wallet Ultra 131,Wildcraft,Bags & Accessories,Wallet,150,This wallet from Wildcraft is a entry level basic model designed for daily use. It offers comfortable padded shoulder straps, comfortable padded shoulder straps and water resistant fabric. Ideal choice for customers looking for a reliable wallet in the bags & accessories category at around 150 rupees.
2851,Baggit Sling Bag Elite 138,Baggit,Bags & Accessories,Sling Bag,489,This sling bag from Baggit is a professional grade performance designed for daily use. It offers ideal for college students, lightweight easy to carry and large capacity for long trips. Ideal choice for customers looking for a reliable sling bag in the bags & accessories category at around 489 rupees.
2852,Puma Handbag Prime 145,Puma,Bags & Accessories,Handbag,1169,This handbag from Puma is a budget friendly option designed for daily use. It offers suitable for air travel, large capacity for long trips and lightweight easy to carry. Ideal choice for customers looking for a reliable handbag in the bags & accessories category at around 1169 rupees.
2853,Skybags Sunglasses Nova 152,Skybags,Bags & Accessories,Sunglasses,5039,This sunglasses from Skybags is a premium quality product designed for daily use. It offers lightweight easy to carry, water resistant fabric and comfortable padded shoulder straps. Ideal choice for customers looking for a reliable sunglasses in the bags & accessories category at around 5039 rupees.
2854,Fastrack Belt Nova 159,Fastrack,Bags & Accessories,Belt,2360,This belt from Fastrack is a mid range value for money pick designed for daily use. It offers strong smooth zippers, suitable for air travel and spacious multiple compartments. Ideal choice for customers looking for a reliable belt in the bags & accessories category at around 2360 rupees.
2855,Tommy Duffel Bag Neo 166,Tommy,Bags & Accessories,Duffel Bag,1559,This duffel bag from Tommy is a entry level basic model designed for daily use. It offers stylish daily use design, stylish daily use design and strong smooth zippers. Ideal choice for customers looking for a reliable duffel bag in the bags & accessories category at around 1559 rupees.
2856,American Tourister Cap Ultra 173,American Tourister,Bags & Accessories,Cap,126,This cap from American Tourister is a professional grade performance designed for daily use. It offers large capacity for long trips, padded laptop sleeve inside and ideal for college students. Ideal choice for customers looking for a reliable cap in the bags & accessories category at around 126 rupees.
2857,Fastrack Backpack Nova 180,Fastrack,Bags & Accessories,Backpack,2609,This backpack from Fastrack is a budget friendly option designed for daily use. It offers spacious multiple compartments, ideal for college students and padded laptop sleeve inside. Ideal choice for customers looking for a reliable backpack in the bags & accessories category at around 2609 rupees.
2858,Tommy Laptop Bag Prime 187,Tommy,Bags & Accessories,Laptop Bag,769,This laptop bag from Tommy is a premium quality product designed for daily use. It offers padded laptop sleeve inside, strong smooth zippers and stylish daily use design. Ideal choice for customers looking for a reliable laptop bag in the bags & accessories category at around 769 rupees.
2859,American Tourister Travel Trolley Zen 194,American Tourister,Bags & Accessories,Travel Trolley,11218,This travel trolley from American Tourister is a mid range value for money pick designed for daily use. It offers water resistant fabric, spacious multiple compartments and suitable for air travel. Ideal choice for customers looking for a reliable travel trolley in the bags & accessories category at around 11218 rupees.
2860,Titan Analog Watch Sport 100,Titan,Jewelry & Watches,Analog Watch,21599,This analog watch from Titan is a budget friendly option designed for daily use. It offers scratch resistant glass dial, adjustable comfortable strap and water resistant up to fifty meters. Ideal choice for customers looking for a reliable analog watch in the jewelry & watches category at around 21599 rupees.
2861,Tanishq Smart Watch Air 107,Tanishq,Jewelry & Watches,Smart Watch,35249,This smart watch from Tanishq is a premium quality product designed for daily use. It offers water resistant up to fifty meters, suitable for formal and party wear and lightweight comfortable to wear. Ideal choice for customers looking for a reliable smart watch in the jewelry & watches category at around 35249 rupees.
2862,Giva Gold Ring Prime 114,Giva,Jewelry & Watches,Gold Ring,82247,This gold ring from Giva is a mid range value for money pick designed for daily use. It offers hallmarked certified purity, scratch resistant glass dial and minimal everyday design. Ideal choice for customers looking for a reliable gold ring in the jewelry & watches category at around 82247 rupees.
2863,Daniel W Silver Chain Prime 121,Daniel W,Jewelry & Watches,Silver Chain,47998,This silver chain from Daniel W is a entry level basic model designed for daily use. It offers elegant gift for special occasions, elegant gift for special occasions and hallmarked certified purity. Ideal choice for customers looking for a reliable silver chain in the jewelry & watches category at around 47998 rupees.
2864,Casio Bracelet Ultra 128,Casio,Jewelry & Watches,Bracelet,17999,This bracelet from Casio is a professional grade performance designed for daily use. It offers adjustable comfortable strap, tarnish free long lasting shine and comes in premium gift box. Ideal choice for customers looking for a reliable bracelet in the jewelry & watches category at around 17999 rupees.
2865,Sonata Earrings Max 135,Sonata,Jewelry & Watches,Earrings,449,This earrings from Sonata is a budget friendly option designed for daily use. It offers minimal everyday design, comes in premium gift box and tarnish free long lasting shine. Ideal choice for customers looking for a reliable earrings in the jewelry & watches category at around 449 rupees.
2866,Timex Pendant Ultra 142,Timex,Jewelry & Watches,Pendant,7149,This pendant from Timex is a premium quality product designed for daily use. It offers tarnish free long lasting shine, hallmarked certified purity and elegant gift for special occasions. Ideal choice for customers looking for a reliable pendant in the jewelry & watches category at around 7149 rupees.
2867,Fossil Nose Pin Plus 149,Fossil,Jewelry & Watches,Nose Pin,6250,This nose pin from Fossil is a mid range value for money pick designed for daily use. It offers suitable for formal and party wear, minimal everyday design and scratch resistant glass dial. Ideal choice for customers looking for a reliable nose pin in the jewelry & watches category at around 6250 rupees.
2868,Fastrack Bangles Zen 156,Fastrack,Jewelry & Watches,Bangles,6299,This bangles from Fastrack is a entry level basic model designed for daily use. It offers lightweight comfortable to wear, lightweight comfortable to wear and suitable for formal and party wear. Ideal choice for customers looking for a reliable bangles in the jewelry & watches category at around 6299 rupees.
2869,Malabar Cufflinks Air 163,Malabar,Jewelry & Watches,Cufflinks,7149,This cufflinks from Malabar is a professional grade performance designed for daily use. It offers comes in premium gift box, water resistant up to fifty meters and adjustable comfortable strap. Ideal choice for customers looking for a reliable cufflinks in the jewelry & watches category at around 7149 rupees.
2870,Fossil Analog Watch Ultra 170,Fossil,Jewelry & Watches,Analog Watch,15199,This analog watch from Fossil is a budget friendly option designed for daily use. It offers scratch resistant glass dial, adjustable comfortable strap and water resistant up to fifty meters. Ideal choice for customers looking for a reliable analog watch in the jewelry & watches category at around 15199 rupees.
2871,Fastrack Smart Watch Prime 177,Fastrack,Jewelry & Watches,Smart Watch,21749,This smart watch from Fastrack is a premium quality product designed for daily use. It offers water resistant up to fifty meters, suitable for formal and party wear and lightweight comfortable to wear. Ideal choice for customers looking for a reliable smart watch in the jewelry & watches category at around 21749 rupees.
2872,Malabar Gold Ring Prime 184,Malabar,Jewelry & Watches,Gold Ring,61247,This gold ring from Malabar is a mid range value for money pick designed for daily use. It offers hallmarked certified purity, scratch resistant glass dial and minimal everyday design. Ideal choice for customers looking for a reliable gold ring in the jewelry & watches category at around 61247 rupees.
2873,Titan Silver Chain Plus 191,Titan,Jewelry & Watches,Silver Chain,15998,This silver chain from Titan is a entry level basic model designed for daily use. It offers elegant gift for special occasions, elegant gift for special occasions and hallmarked certified purity. Ideal choice for customers looking for a reliable silver chain in the jewelry & watches category at around 15998 rupees.
2874,Tanishq Bracelet Edge 198,Tanishq,Jewelry & Watches,Bracelet,18499,This bracelet from Tanishq is a professional grade performance designed for daily use. It offers adjustable comfortable strap, tarnish free long lasting shine and comes in premium gift box. Ideal choice for customers looking for a reliable bracelet in the jewelry & watches category at around 18499 rupees.
2875,Giva Earrings Sport 205,Giva,Jewelry & Watches,Earrings,3599,This earrings from Giva is a budget friendly option designed for daily use. It offers minimal everyday design, comes in premium gift box and tarnish free long lasting shine. Ideal choice for customers looking for a reliable earrings in the jewelry & watches category at around 3599 rupees.
2876,Daniel W Pendant Lite 212,Daniel W,Jewelry & Watches,Pendant,23099,This pendant from Daniel W is a premium quality product designed for daily use. It offers tarnish free long lasting shine, hallmarked certified purity and elegant gift for special occasions. Ideal choice for customers looking for a reliable pendant in the jewelry & watches category at around 23099 rupees.
2877,Casio Nose Pin Max 219,Casio,Jewelry & Watches,Nose Pin,5625,This nose pin from Casio is a mid range value for money pick designed for daily use. It offers suitable for formal and party wear, minimal everyday design and scratch resistant glass dial. Ideal choice for customers looking for a reliable nose pin in the jewelry & watches category at around 5625 rupees.
2878,Sonata Bangles Air 226,Sonata,Jewelry & Watches,Bangles,10499,This bangles from Sonata is a entry level basic model designed for daily use. It offers lightweight comfortable to wear, lightweight comfortable to wear and suitable for formal and party wear. Ideal choice for customers looking for a reliable bangles in the jewelry & watches category at around 10499 rupees.
2879,Timex Cufflinks Nova 233,Timex,Jewelry & Watches,Cufflinks,7699,This cufflinks from Timex is a professional grade performance designed for daily use. It offers comes in premium gift box, water resistant up to fifty meters and adjustable comfortable strap. Ideal choice for customers looking for a reliable cufflinks in the jewelry & watches category at around 7699 rupees.
2880,Casio Analog Watch Core 240,Casio,Jewelry & Watches,Analog Watch,11999,This analog watch from Casio is a budget friendly option designed for daily use. It offers scratch resistant glass dial, adjustable comfortable strap and water resistant up to fifty meters. Ideal choice for customers looking for a reliable analog watch in the jewelry & watches category at around 11999 rupees.
2881,Sonata Smart Watch Air 247,Sonata,Jewelry & Watches,Smart Watch,28499,This smart watch from Sonata is a premium quality product designed for daily use. It offers water resistant up to fifty meters, suitable for formal and party wear and lightweight comfortable to wear. Ideal choice for customers looking for a reliable smart watch in the jewelry & watches category at around 28499 rupees.
2882,Timex Gold Ring Nova 254,Timex,Jewelry & Watches,Gold Ring,10497,This gold ring from Timex is a mid range value for money pick designed for daily use. It offers hallmarked certified purity, scratch resistant glass dial and minimal everyday design. Ideal choice for customers looking for a reliable gold ring in the jewelry & watches category at around 10497 rupees.
2883,Fossil Silver Chain Prime 261,Fossil,Jewelry & Watches,Silver Chain,7998,This silver chain from Fossil is a entry level basic model designed for daily use. It offers elegant gift for special occasions, elegant gift for special occasions and hallmarked certified purity. Ideal choice for customers looking for a reliable silver chain in the jewelry & watches category at around 7998 rupees.
2884,Fastrack Bracelet Plus 268,Fastrack,Jewelry & Watches,Bracelet,26499,This bracelet from Fastrack is a professional grade performance designed for daily use. It offers adjustable comfortable strap, tarnish free long lasting shine and comes in premium gift box. Ideal choice for customers looking for a reliable bracelet in the jewelry & watches category at around 26499 rupees.
2885,Malabar Earrings Nova 275,Malabar,Jewelry & Watches,Earrings,6749,This earrings from Malabar is a budget friendly option designed for daily use. It offers minimal everyday design, comes in premium gift box and tarnish free long lasting shine. Ideal choice for customers looking for a reliable earrings in the jewelry & watches category at around 6749 rupees.
2886,Titan Pendant Prime 282,Titan,Jewelry & Watches,Pendant,9899,This pendant from Titan is a premium quality product designed for daily use. It offers tarnish free long lasting shine, hallmarked certified purity and elegant gift for special occasions. Ideal choice for customers looking for a reliable pendant in the jewelry & watches category at around 9899 rupees.
2887,Tanishq Nose Pin Plus 289,Tanishq,Jewelry & Watches,Nose Pin,4125,This nose pin from Tanishq is a mid range value for money pick designed for daily use. It offers suitable for formal and party wear, minimal everyday design and scratch resistant glass dial. Ideal choice for customers looking for a reliable nose pin in the jewelry & watches category at around 4125 rupees.
2888,Giva Bangles Sport 296,Giva,Jewelry & Watches,Bangles,32899,This bangles from Giva is a entry level basic model designed for daily use. It offers lightweight comfortable to wear, lightweight comfortable to wear and suitable for formal and party wear. Ideal choice for customers looking for a reliable bangles in the jewelry & watches category at around 32899 rupees.
2889,Daniel W Cufflinks Ultra 303,Daniel W,Jewelry & Watches,Cufflinks,5224,This cufflinks from Daniel W is a professional grade performance designed for daily use. It offers comes in premium gift box, water resistant up to fifty meters and adjustable comfortable strap. Ideal choice for customers looking for a reliable cufflinks in the jewelry & watches category at around 5224 rupees.
2890,Tanishq Analog Watch Plus 310,Tanishq,Jewelry & Watches,Analog Watch,399,This analog watch from Tanishq is a budget friendly option designed for daily use. It offers scratch resistant glass dial, adjustable comfortable strap and water resistant up to fifty meters. Ideal choice for customers looking for a reliable analog watch in the jewelry & watches category at around 399 rupees.
2891,Giva Smart Watch Elite 317,Giva,Jewelry & Watches,Smart Watch,26249,This smart watch from Giva is a premium quality product designed for daily use. It offers water resistant up to fifty meters, suitable for formal and party wear and lightweight comfortable to wear. Ideal choice for customers looking for a reliable smart watch in the jewelry & watches category at around 26249 rupees.
2892,Daniel W Gold Ring Classic 324,Daniel W,Jewelry & Watches,Gold Ring,12247,This gold ring from Daniel W is a mid range value for money pick designed for daily use. It offers hallmarked certified purity, scratch resistant glass dial and minimal everyday design. Ideal choice for customers looking for a reliable gold ring in the jewelry & watches category at around 12247 rupees.
2893,Casio Silver Chain Core 331,Casio,Jewelry & Watches,Silver Chain,1998,This silver chain from Casio is a entry level basic model designed for daily use. It offers elegant gift for special occasions, elegant gift for special occasions and hallmarked certified purity. Ideal choice for customers looking for a reliable silver chain in the jewelry & watches category at around 1998 rupees.
2894,Sonata Bracelet Lite 338,Sonata,Jewelry & Watches,Bracelet,20499,This bracelet from Sonata is a professional grade performance designed for daily use. It offers adjustable comfortable strap, tarnish free long lasting shine and comes in premium gift box. Ideal choice for customers looking for a reliable bracelet in the jewelry & watches category at around 20499 rupees.
2895,Timex Earrings Ultra 345,Timex,Jewelry & Watches,Earrings,4049,This earrings from Timex is a budget friendly option designed for daily use. It offers minimal everyday design, comes in premium gift box and tarnish free long lasting shine. Ideal choice for customers looking for a reliable earrings in the jewelry & watches category at around 4049 rupees.
2896,Fossil Pendant Core 352,Fossil,Jewelry & Watches,Pendant,13749,This pendant from Fossil is a premium quality product designed for daily use. It offers tarnish free long lasting shine, hallmarked certified purity and elegant gift for special occasions. Ideal choice for customers looking for a reliable pendant in the jewelry & watches category at around 13749 rupees.
2897,Fastrack Nose Pin Sport 359,Fastrack,Jewelry & Watches,Nose Pin,7500,This nose pin from Fastrack is a mid range value for money pick designed for daily use. It offers suitable for formal and party wear, minimal everyday design and scratch resistant glass dial. Ideal choice for customers looking for a reliable nose pin in the jewelry & watches category at around 7500 rupees.
2898,Malabar Bangles Zen 366,Malabar,Jewelry & Watches,Bangles,18199,This bangles from Malabar is a entry level basic model designed for daily use. It offers lightweight comfortable to wear, lightweight comfortable to wear and suitable for formal and party wear. Ideal choice for customers looking for a reliable bangles in the jewelry & watches category at around 18199 rupees.
2899,Titan Cufflinks Prime 373,Titan,Jewelry & Watches,Cufflinks,10999,This cufflinks from Titan is a professional grade performance designed for daily use. It offers comes in premium gift box, water resistant up to fifty meters and adjustable comfortable strap. Ideal choice for customers looking for a reliable cufflinks in the jewelry & watches category at around 10999 rupees.
2900,Fastrack Analog Watch Lite 380,Fastrack,Jewelry & Watches,Analog Watch,20799,This analog watch from Fastrack is a budget friendly option designed for daily use. It offers scratch resistant glass dial, adjustable comfortable strap and water resistant up to fifty meters. Ideal choice for customers looking for a reliable analog watch in the jewelry & watches category at around 20799 rupees.
2901,Malabar Smart Watch Max 387,Malabar,Jewelry & Watches,Smart Watch,14999,This smart watch from Malabar is a premium quality product designed for daily use. It offers water resistant up to fifty meters, suitable for formal and party wear and lightweight comfortable to wear. Ideal choice for customers looking for a reliable smart watch in the jewelry & watches category at around 14999 rupees.
2902,Titan Gold Ring Nova 394,Titan,Jewelry & Watches,Gold Ring,15747,This gold ring from Titan is a mid range value for money pick designed for daily use. It offers hallmarked certified purity, scratch resistant glass dial and minimal everyday design. Ideal choice for customers looking for a reliable gold ring in the jewelry & watches category at around 15747 rupees.
2903,Tanishq Silver Chain Edge 401,Tanishq,Jewelry & Watches,Silver Chain,3998,This silver chain from Tanishq is a entry level basic model designed for daily use. It offers elegant gift for special occasions, elegant gift for special occasions and hallmarked certified purity. Ideal choice for customers looking for a reliable silver chain in the jewelry & watches category at around 3998 rupees.
2904,Giva Bracelet Elite 408,Giva,Jewelry & Watches,Bracelet,24999,This bracelet from Giva is a professional grade performance designed for daily use. It offers adjustable comfortable strap, tarnish free long lasting shine and comes in premium gift box. Ideal choice for customers looking for a reliable bracelet in the jewelry & watches category at around 24999 rupees.
2905,Daniel W Earrings Lite 415,Daniel W,Jewelry & Watches,Earrings,13499,This earrings from Daniel W is a budget friendly option designed for daily use. It offers minimal everyday design, comes in premium gift box and tarnish free long lasting shine. Ideal choice for customers looking for a reliable earrings in the jewelry & watches category at around 13499 rupees.
2906,Casio Pendant Neo 422,Casio,Jewelry & Watches,Pendant,20349,This pendant from Casio is a premium quality product designed for daily use. It offers tarnish free long lasting shine, hallmarked certified purity and elegant gift for special occasions. Ideal choice for customers looking for a reliable pendant in the jewelry & watches category at around 20349 rupees.
2907,Sonata Nose Pin Nova 429,Sonata,Jewelry & Watches,Nose Pin,5625,This nose pin from Sonata is a mid range value for money pick designed for daily use. It offers suitable for formal and party wear, minimal everyday design and scratch resistant glass dial. Ideal choice for customers looking for a reliable nose pin in the jewelry & watches category at around 5625 rupees.
2908,Timex Bangles Lite 436,Timex,Jewelry & Watches,Bangles,6999,This bangles from Timex is a entry level basic model designed for daily use. It offers lightweight comfortable to wear, lightweight comfortable to wear and suitable for formal and party wear. Ideal choice for customers looking for a reliable bangles in the jewelry & watches category at around 6999 rupees.
2909,Fossil Cufflinks Ultra 443,Fossil,Jewelry & Watches,Cufflinks,16224,This cufflinks from Fossil is a professional grade performance designed for daily use. It offers comes in premium gift box, water resistant up to fifty meters and adjustable comfortable strap. Ideal choice for customers looking for a reliable cufflinks in the jewelry & watches category at around 16224 rupees.
2910,Sonata Analog Watch Pro 450,Sonata,Jewelry & Watches,Analog Watch,16399,This analog watch from Sonata is a budget friendly option designed for daily use. It offers scratch resistant glass dial, adjustable comfortable strap and water resistant up to fifty meters. Ideal choice for customers looking for a reliable analog watch in the jewelry & watches category at around 16399 rupees.
2911,Timex Smart Watch Air 457,Timex,Jewelry & Watches,Smart Watch,43499,This smart watch from Timex is a premium quality product designed for daily use. It offers water resistant up to fifty meters, suitable for formal and party wear and lightweight comfortable to wear. Ideal choice for customers looking for a reliable smart watch in the jewelry & watches category at around 43499 rupees.
2912,Fossil Gold Ring Classic 464,Fossil,Jewelry & Watches,Gold Ring,26247,This gold ring from Fossil is a mid range value for money pick designed for daily use. It offers hallmarked certified purity, scratch resistant glass dial and minimal everyday design. Ideal choice for customers looking for a reliable gold ring in the jewelry & watches category at around 26247 rupees.
2913,Fastrack Silver Chain Air 471,Fastrack,Jewelry & Watches,Silver Chain,50998,This silver chain from Fastrack is a entry level basic model designed for daily use. It offers elegant gift for special occasions, elegant gift for special occasions and hallmarked certified purity. Ideal choice for customers looking for a reliable silver chain in the jewelry & watches category at around 50998 rupees.
2914,Malabar Bracelet Lite 478,Malabar,Jewelry & Watches,Bracelet,25499,This bracelet from Malabar is a professional grade performance designed for daily use. It offers adjustable comfortable strap, tarnish free long lasting shine and comes in premium gift box. Ideal choice for customers looking for a reliable bracelet in the jewelry & watches category at around 25499 rupees.
2915,Titan Earrings Classic 485,Titan,Jewelry & Watches,Earrings,11699,This earrings from Titan is a budget friendly option designed for daily use. It offers minimal everyday design, comes in premium gift box and tarnish free long lasting shine. Ideal choice for customers looking for a reliable earrings in the jewelry & watches category at around 11699 rupees.
2916,Tanishq Pendant Pro 492,Tanishq,Jewelry & Watches,Pendant,8249,This pendant from Tanishq is a premium quality product designed for daily use. It offers tarnish free long lasting shine, hallmarked certified purity and elegant gift for special occasions. Ideal choice for customers looking for a reliable pendant in the jewelry & watches category at around 8249 rupees.
2917,Giva Nose Pin Elite 499,Giva,Jewelry & Watches,Nose Pin,250,This nose pin from Giva is a mid range value for money pick designed for daily use. It offers suitable for formal and party wear, minimal everyday design and scratch resistant glass dial. Ideal choice for customers looking for a reliable nose pin in the jewelry & watches category at around 250 rupees.
2918,Daniel W Bangles Nova 506,Daniel W,Jewelry & Watches,Bangles,25199,This bangles from Daniel W is a entry level basic model designed for daily use. It offers lightweight comfortable to wear, lightweight comfortable to wear and suitable for formal and party wear. Ideal choice for customers looking for a reliable bangles in the jewelry & watches category at around 25199 rupees.
2919,Casio Cufflinks Classic 513,Casio,Jewelry & Watches,Cufflinks,6599,This cufflinks from Casio is a professional grade performance designed for daily use. It offers comes in premium gift box, water resistant up to fifty meters and adjustable comfortable strap. Ideal choice for customers looking for a reliable cufflinks in the jewelry & watches category at around 6599 rupees.
2920,Giva Analog Watch Air 520,Giva,Jewelry & Watches,Analog Watch,14799,This analog watch from Giva is a budget friendly option designed for daily use. It offers scratch resistant glass dial, adjustable comfortable strap and water resistant up to fifty meters. Ideal choice for customers looking for a reliable analog watch in the jewelry & watches category at around 14799 rupees.
2921,Daniel W Smart Watch Classic 527,Daniel W,Jewelry & Watches,Smart Watch,28499,This smart watch from Daniel W is a premium quality product designed for daily use. It offers water resistant up to fifty meters, suitable for formal and party wear and lightweight comfortable to wear. Ideal choice for customers looking for a reliable smart watch in the jewelry & watches category at around 28499 rupees.
2922,Casio Gold Ring Edge 534,Casio,Jewelry & Watches,Gold Ring,40247,This gold ring from Casio is a mid range value for money pick designed for daily use. It offers hallmarked certified purity, scratch resistant glass dial and minimal everyday design. Ideal choice for customers looking for a reliable gold ring in the jewelry & watches category at around 40247 rupees.
2923,Sonata Silver Chain Pro 541,Sonata,Jewelry & Watches,Silver Chain,57998,This silver chain from Sonata is a entry level basic model designed for daily use. It offers elegant gift for special occasions, elegant gift for special occasions and hallmarked certified purity. Ideal choice for customers looking for a reliable silver chain in the jewelry & watches category at around 57998 rupees.
2924,Timex Bracelet Air 548,Timex,Jewelry & Watches,Bracelet,23499,This bracelet from Timex is a professional grade performance designed for daily use. It offers adjustable comfortable strap, tarnish free long lasting shine and comes in premium gift box. Ideal choice for customers looking for a reliable bracelet in the jewelry & watches category at around 23499 rupees.
2925,Fossil Earrings Max 555,Fossil,Jewelry & Watches,Earrings,7649,This earrings from Fossil is a budget friendly option designed for daily use. It offers minimal everyday design, comes in premium gift box and tarnish free long lasting shine. Ideal choice for customers looking for a reliable earrings in the jewelry & watches category at around 7649 rupees.
2926,Fastrack Pendant Core 562,Fastrack,Jewelry & Watches,Pendant,6599,This pendant from Fastrack is a premium quality product designed for daily use. It offers tarnish free long lasting shine, hallmarked certified purity and elegant gift for special occasions. Ideal choice for customers looking for a reliable pendant in the jewelry & watches category at around 6599 rupees.
2927,Malabar Nose Pin Edge 569,Malabar,Jewelry & Watches,Nose Pin,6875,This nose pin from Malabar is a mid range value for money pick designed for daily use. It offers suitable for formal and party wear, minimal everyday design and scratch resistant glass dial. Ideal choice for customers looking for a reliable nose pin in the jewelry & watches category at around 6875 rupees.
2928,Titan Bangles Neo 576,Titan,Jewelry & Watches,Bangles,37099,This bangles from Titan is a entry level basic model designed for daily use. It offers lightweight comfortable to wear, lightweight comfortable to wear and suitable for formal and party wear. Ideal choice for customers looking for a reliable bangles in the jewelry & watches category at around 37099 rupees.
2929,Tanishq Cufflinks Zen 583,Tanishq,Jewelry & Watches,Cufflinks,14574,This cufflinks from Tanishq is a professional grade performance designed for daily use. It offers comes in premium gift box, water resistant up to fifty meters and adjustable comfortable strap. Ideal choice for customers looking for a reliable cufflinks in the jewelry & watches category at around 14574 rupees.
2930,Malabar Analog Watch Zen 590,Malabar,Jewelry & Watches,Analog Watch,12799,This analog watch from Malabar is a budget friendly option designed for daily use. It offers scratch resistant glass dial, adjustable comfortable strap and water resistant up to fifty meters. Ideal choice for customers looking for a reliable analog watch in the jewelry & watches category at around 12799 rupees.
2931,Titan Smart Watch Edge 597,Titan,Jewelry & Watches,Smart Watch,16499,This smart watch from Titan is a premium quality product designed for daily use. It offers water resistant up to fifty meters, suitable for formal and party wear and lightweight comfortable to wear. Ideal choice for customers looking for a reliable smart watch in the jewelry & watches category at around 16499 rupees.
2932,Tanishq Gold Ring Core 604,Tanishq,Jewelry & Watches,Gold Ring,90997,This gold ring from Tanishq is a mid range value for money pick designed for daily use. It offers hallmarked certified purity, scratch resistant glass dial and minimal everyday design. Ideal choice for customers looking for a reliable gold ring in the jewelry & watches category at around 90997 rupees.
2933,Giva Silver Chain Plus 611,Giva,Jewelry & Watches,Silver Chain,56998,This silver chain from Giva is a entry level basic model designed for daily use. It offers elegant gift for special occasions, elegant gift for special occasions and hallmarked certified purity. Ideal choice for customers looking for a reliable silver chain in the jewelry & watches category at around 56998 rupees.
2934,Daniel W Bracelet Neo 618,Daniel W,Jewelry & Watches,Bracelet,20999,This bracelet from Daniel W is a professional grade performance designed for daily use. It offers adjustable comfortable strap, tarnish free long lasting shine and comes in premium gift box. Ideal choice for customers looking for a reliable bracelet in the jewelry & watches category at around 20999 rupees.
2935,Casio Earrings Nova 625,Casio,Jewelry & Watches,Earrings,1349,This earrings from Casio is a budget friendly option designed for daily use. It offers minimal everyday design, comes in premium gift box and tarnish free long lasting shine. Ideal choice for customers looking for a reliable earrings in the jewelry & watches category at around 1349 rupees.
2936,Sonata Pendant Core 632,Sonata,Jewelry & Watches,Pendant,24199,This pendant from Sonata is a premium quality product designed for daily use. It offers tarnish free long lasting shine, hallmarked certified purity and elegant gift for special occasions. Ideal choice for customers looking for a reliable pendant in the jewelry & watches category at around 24199 rupees.
2937,Timex Nose Pin Core 639,Timex,Jewelry & Watches,Nose Pin,2625,This nose pin from Timex is a mid range value for money pick designed for daily use. It offers suitable for formal and party wear, minimal everyday design and scratch resistant glass dial. Ideal choice for customers looking for a reliable nose pin in the jewelry & watches category at around 2625 rupees.
2938,Fossil Bangles Sport 646,Fossil,Jewelry & Watches,Bangles,14699,This bangles from Fossil is a entry level basic model designed for daily use. It offers lightweight comfortable to wear, lightweight comfortable to wear and suitable for formal and party wear. Ideal choice for customers looking for a reliable bangles in the jewelry & watches category at around 14699 rupees.
2939,Fastrack Cufflinks Lite 653,Fastrack,Jewelry & Watches,Cufflinks,9074,This cufflinks from Fastrack is a professional grade performance designed for daily use. It offers comes in premium gift box, water resistant up to fifty meters and adjustable comfortable strap. Ideal choice for customers looking for a reliable cufflinks in the jewelry & watches category at around 9074 rupees.
2940,Timex Analog Watch Zen 660,Timex,Jewelry & Watches,Analog Watch,13999,This analog watch from Timex is a budget friendly option designed for daily use. It offers scratch resistant glass dial, adjustable comfortable strap and water resistant up to fifty meters. Ideal choice for customers looking for a reliable analog watch in the jewelry & watches category at around 13999 rupees.
2941,Fossil Smart Watch Max 667,Fossil,Jewelry & Watches,Smart Watch,3749,This smart watch from Fossil is a premium quality product designed for daily use. It offers water resistant up to fifty meters, suitable for formal and party wear and lightweight comfortable to wear. Ideal choice for customers looking for a reliable smart watch in the jewelry & watches category at around 3749 rupees.
2942,Fastrack Gold Ring Neo 674,Fastrack,Jewelry & Watches,Gold Ring,41997,This gold ring from Fastrack is a mid range value for money pick designed for daily use. It offers hallmarked certified purity, scratch resistant glass dial and minimal everyday design. Ideal choice for customers looking for a reliable gold ring in the jewelry & watches category at around 41997 rupees.
2943,Malabar Silver Chain Air 681,Malabar,Jewelry & Watches,Silver Chain,38998,This silver chain from Malabar is a entry level basic model designed for daily use. It offers elegant gift for special occasions, elegant gift for special occasions and hallmarked certified purity. Ideal choice for customers looking for a reliable silver chain in the jewelry & watches category at around 38998 rupees.
2944,Titan Bracelet Prime 688,Titan,Jewelry & Watches,Bracelet,27499,This bracelet from Titan is a professional grade performance designed for daily use. It offers adjustable comfortable strap, tarnish free long lasting shine and comes in premium gift box. Ideal choice for customers looking for a reliable bracelet in the jewelry & watches category at around 27499 rupees.
2945,Tanishq Earrings Max 695,Tanishq,Jewelry & Watches,Earrings,17549,This earrings from Tanishq is a budget friendly option designed for daily use. It offers minimal everyday design, comes in premium gift box and tarnish free long lasting shine. Ideal choice for customers looking for a reliable earrings in the jewelry & watches category at around 17549 rupees.
2946,Giva Pendant Zen 702,Giva,Jewelry & Watches,Pendant,28049,This pendant from Giva is a premium quality product designed for daily use. It offers tarnish free long lasting shine, hallmarked certified purity and elegant gift for special occasions. Ideal choice for customers looking for a reliable pendant in the jewelry & watches category at around 28049 rupees.
2947,Daniel W Nose Pin Pro 709,Daniel W,Jewelry & Watches,Nose Pin,1625,This nose pin from Daniel W is a mid range value for money pick designed for daily use. It offers suitable for formal and party wear, minimal everyday design and scratch resistant glass dial. Ideal choice for customers looking for a reliable nose pin in the jewelry & watches category at around 1625 rupees.
2948,Casio Bangles Edge 716,Casio,Jewelry & Watches,Bangles,16099,This bangles from Casio is a entry level basic model designed for daily use. It offers lightweight comfortable to wear, lightweight comfortable to wear and suitable for formal and party wear. Ideal choice for customers looking for a reliable bangles in the jewelry & watches category at around 16099 rupees.
2949,Sonata Cufflinks Zen 723,Sonata,Jewelry & Watches,Cufflinks,16224,This cufflinks from Sonata is a professional grade performance designed for daily use. It offers comes in premium gift box, water resistant up to fifty meters and adjustable comfortable strap. Ideal choice for customers looking for a reliable cufflinks in the jewelry & watches category at around 16224 rupees.
2950,Daniel W Analog Watch Pro 730,Daniel W,Jewelry & Watches,Analog Watch,3599,This analog watch from Daniel W is a budget friendly option designed for daily use. It offers scratch resistant glass dial, adjustable comfortable strap and water resistant up to fifty meters. Ideal choice for customers looking for a reliable analog watch in the jewelry & watches category at around 3599 rupees.
2951,Casio Smart Watch Zen 737,Casio,Jewelry & Watches,Smart Watch,29249,This smart watch from Casio is a premium quality product designed for daily use. It offers water resistant up to fifty meters, suitable for formal and party wear and lightweight comfortable to wear. Ideal choice for customers looking for a reliable smart watch in the jewelry & watches category at around 29249 rupees.
2952,Sonata Gold Ring Neo 744,Sonata,Jewelry & Watches,Gold Ring,3497,This gold ring from Sonata is a mid range value for money pick designed for daily use. It offers hallmarked certified purity, scratch resistant glass dial and minimal everyday design. Ideal choice for customers looking for a reliable gold ring in the jewelry & watches category at around 3497 rupees.
2953,Timex Silver Chain Zen 751,Timex,Jewelry & Watches,Silver Chain,22998,This silver chain from Timex is a entry level basic model designed for daily use. It offers elegant gift for special occasions, elegant gift for special occasions and hallmarked certified purity. Ideal choice for customers looking for a reliable silver chain in the jewelry & watches category at around 22998 rupees.
2954,Fossil Bracelet Classic 758,Fossil,Jewelry & Watches,Bracelet,22999,This bracelet from Fossil is a professional grade performance designed for daily use. It offers adjustable comfortable strap, tarnish free long lasting shine and comes in premium gift box. Ideal choice for customers looking for a reliable bracelet in the jewelry & watches category at around 22999 rupees.
2955,Fastrack Earrings Lite 765,Fastrack,Jewelry & Watches,Earrings,10799,This earrings from Fastrack is a budget friendly option designed for daily use. It offers minimal everyday design, comes in premium gift box and tarnish free long lasting shine. Ideal choice for customers looking for a reliable earrings in the jewelry & watches category at around 10799 rupees.
2956,Malabar Pendant Ultra 772,Malabar,Jewelry & Watches,Pendant,23649,This pendant from Malabar is a premium quality product designed for daily use. It offers tarnish free long lasting shine, hallmarked certified purity and elegant gift for special occasions. Ideal choice for customers looking for a reliable pendant in the jewelry & watches category at around 23649 rupees.
2957,Titan Nose Pin Prime 779,Titan,Jewelry & Watches,Nose Pin,2625,This nose pin from Titan is a mid range value for money pick designed for daily use. It offers suitable for formal and party wear, minimal everyday design and scratch resistant glass dial. Ideal choice for customers looking for a reliable nose pin in the jewelry & watches category at around 2625 rupees.
2958,Tanishq Bangles Ultra 786,Tanishq,Jewelry & Watches,Bangles,8399,This bangles from Tanishq is a entry level basic model designed for daily use. It offers lightweight comfortable to wear, lightweight comfortable to wear and suitable for formal and party wear. Ideal choice for customers looking for a reliable bangles in the jewelry & watches category at around 8399 rupees.
2959,Giva Cufflinks Zen 793,Giva,Jewelry & Watches,Cufflinks,16224,This cufflinks from Giva is a professional grade performance designed for daily use. It offers comes in premium gift box, water resistant up to fifty meters and adjustable comfortable strap. Ideal choice for customers looking for a reliable cufflinks in the jewelry & watches category at around 16224 rupees.
2960,Titan Analog Watch Edge 800,Titan,Jewelry & Watches,Analog Watch,18799,This analog watch from Titan is a budget friendly option designed for daily use. It offers scratch resistant glass dial, adjustable comfortable strap and water resistant up to fifty meters. Ideal choice for customers looking for a reliable analog watch in the jewelry & watches category at around 18799 rupees.
2961,Tanishq Smart Watch Max 807,Tanishq,Jewelry & Watches,Smart Watch,8249,This smart watch from Tanishq is a premium quality product designed for daily use. It offers water resistant up to fifty meters, suitable for formal and party wear and lightweight comfortable to wear. Ideal choice for customers looking for a reliable smart watch in the jewelry & watches category at around 8249 rupees.
2962,Giva Gold Ring Neo 814,Giva,Jewelry & Watches,Gold Ring,10497,This gold ring from Giva is a mid range value for money pick designed for daily use. It offers hallmarked certified purity, scratch resistant glass dial and minimal everyday design. Ideal choice for customers looking for a reliable gold ring in the jewelry & watches category at around 10497 rupees.
2963,Daniel W Silver Chain Neo 821,Daniel W,Jewelry & Watches,Silver Chain,14998,This silver chain from Daniel W is a entry level basic model designed for daily use. It offers elegant gift for special occasions, elegant gift for special occasions and hallmarked certified purity. Ideal choice for customers looking for a reliable silver chain in the jewelry & watches category at around 14998 rupees.
2964,Casio Bracelet Max 828,Casio,Jewelry & Watches,Bracelet,28999,This bracelet from Casio is a professional grade performance designed for daily use. It offers adjustable comfortable strap, tarnish free long lasting shine and comes in premium gift box. Ideal choice for customers looking for a reliable bracelet in the jewelry & watches category at around 28999 rupees.
2965,Sonata Earrings Sport 835,Sonata,Jewelry & Watches,Earrings,17549,This earrings from Sonata is a budget friendly option designed for daily use. It offers minimal everyday design, comes in premium gift box and tarnish free long lasting shine. Ideal choice for customers looking for a reliable earrings in the jewelry & watches category at around 17549 rupees.
2966,Timex Pendant Max 842,Timex,Jewelry & Watches,Pendant,11549,This pendant from Timex is a premium quality product designed for daily use. It offers tarnish free long lasting shine, hallmarked certified purity and elegant gift for special occasions. Ideal choice for customers looking for a reliable pendant in the jewelry & watches category at around 11549 rupees.
2967,Fossil Nose Pin Ultra 849,Fossil,Jewelry & Watches,Nose Pin,2750,This nose pin from Fossil is a mid range value for money pick designed for daily use. It offers suitable for formal and party wear, minimal everyday design and scratch resistant glass dial. Ideal choice for customers looking for a reliable nose pin in the jewelry & watches category at around 2750 rupees.
2968,Fastrack Bangles Neo 856,Fastrack,Jewelry & Watches,Bangles,6999,This bangles from Fastrack is a entry level basic model designed for daily use. It offers lightweight comfortable to wear, lightweight comfortable to wear and suitable for formal and party wear. Ideal choice for customers looking for a reliable bangles in the jewelry & watches category at around 6999 rupees.
2969,Malabar Cufflinks Edge 863,Malabar,Jewelry & Watches,Cufflinks,6049,This cufflinks from Malabar is a professional grade performance designed for daily use. It offers comes in premium gift box, water resistant up to fifty meters and adjustable comfortable strap. Ideal choice for customers looking for a reliable cufflinks in the jewelry & watches category at around 6049 rupees.
2970,Fossil Analog Watch Ultra 870,Fossil,Jewelry & Watches,Analog Watch,8799,This analog watch from Fossil is a budget friendly option designed for daily use. It offers scratch resistant glass dial, adjustable comfortable strap and water resistant up to fifty meters. Ideal choice for customers looking for a reliable analog watch in the jewelry & watches category at around 8799 rupees.
2971,Fastrack Smart Watch Air 877,Fastrack,Jewelry & Watches,Smart Watch,9749,This smart watch from Fastrack is a premium quality product designed for daily use. It offers water resistant up to fifty meters, suitable for formal and party wear and lightweight comfortable to wear. Ideal choice for customers looking for a reliable smart watch in the jewelry & watches category at around 9749 rupees.
2972,Malabar Gold Ring Nova 884,Malabar,Jewelry & Watches,Gold Ring,71747,This gold ring from Malabar is a mid range value for money pick designed for daily use. It offers hallmarked certified purity, scratch resistant glass dial and minimal everyday design. Ideal choice for customers looking for a reliable gold ring in the jewelry & watches category at around 71747 rupees.
2973,Titan Silver Chain Elite 891,Titan,Jewelry & Watches,Silver Chain,8998,This silver chain from Titan is a entry level basic model designed for daily use. It offers elegant gift for special occasions, elegant gift for special occasions and hallmarked certified purity. Ideal choice for customers looking for a reliable silver chain in the jewelry & watches category at around 8998 rupees.
2974,Tanishq Bracelet Elite 898,Tanishq,Jewelry & Watches,Bracelet,13999,This bracelet from Tanishq is a professional grade performance designed for daily use. It offers adjustable comfortable strap, tarnish free long lasting shine and comes in premium gift box. Ideal choice for customers looking for a reliable bracelet in the jewelry & watches category at around 13999 rupees.
2975,Giva Earrings Air 905,Giva,Jewelry & Watches,Earrings,26099,This earrings from Giva is a budget friendly option designed for daily use. It offers minimal everyday design, comes in premium gift box and tarnish free long lasting shine. Ideal choice for customers looking for a reliable earrings in the jewelry & watches category at around 26099 rupees.
2976,Daniel W Pendant Ultra 912,Daniel W,Jewelry & Watches,Pendant,19249,This pendant from Daniel W is a premium quality product designed for daily use. It offers tarnish free long lasting shine, hallmarked certified purity and elegant gift for special occasions. Ideal choice for customers looking for a reliable pendant in the jewelry & watches category at around 19249 rupees.
2977,Casio Nose Pin Core 919,Casio,Jewelry & Watches,Nose Pin,2500,This nose pin from Casio is a mid range value for money pick designed for daily use. It offers suitable for formal and party wear, minimal everyday design and scratch resistant glass dial. Ideal choice for customers looking for a reliable nose pin in the jewelry & watches category at around 2500 rupees.
2978,Sonata Bangles Elite 926,Sonata,Jewelry & Watches,Bangles,23799,This bangles from Sonata is a entry level basic model designed for daily use. It offers lightweight comfortable to wear, lightweight comfortable to wear and suitable for formal and party wear. Ideal choice for customers looking for a reliable bangles in the jewelry & watches category at around 23799 rupees.
2979,Timex Cufflinks Elite 933,Timex,Jewelry & Watches,Cufflinks,9899,This cufflinks from Timex is a professional grade performance designed for daily use. It offers comes in premium gift box, water resistant up to fifty meters and adjustable comfortable strap. Ideal choice for customers looking for a reliable cufflinks in the jewelry & watches category at around 9899 rupees.
2980,Casio Analog Watch Lite 940,Casio,Jewelry & Watches,Analog Watch,20799,This analog watch from Casio is a budget friendly option designed for daily use. It offers scratch resistant glass dial, adjustable comfortable strap and water resistant up to fifty meters. Ideal choice for customers looking for a reliable analog watch in the jewelry & watches category at around 20799 rupees.
2981,Sonata Smart Watch Elite 947,Sonata,Jewelry & Watches,Smart Watch,28499,This smart watch from Sonata is a premium quality product designed for daily use. It offers water resistant up to fifty meters, suitable for formal and party wear and lightweight comfortable to wear. Ideal choice for customers looking for a reliable smart watch in the jewelry & watches category at around 28499 rupees.
2982,Timex Gold Ring Plus 954,Timex,Jewelry & Watches,Gold Ring,64747,This gold ring from Timex is a mid range value for money pick designed for daily use. It offers hallmarked certified purity, scratch resistant glass dial and minimal everyday design. Ideal choice for customers looking for a reliable gold ring in the jewelry & watches category at around 64747 rupees.
2983,Fossil Silver Chain Neo 961,Fossil,Jewelry & Watches,Silver Chain,52998,This silver chain from Fossil is a entry level basic model designed for daily use. It offers elegant gift for special occasions, elegant gift for special occasions and hallmarked certified purity. Ideal choice for customers looking for a reliable silver chain in the jewelry & watches category at around 52998 rupees.
2984,Fastrack Bracelet Lite 968,Fastrack,Jewelry & Watches,Bracelet,14999,This bracelet from Fastrack is a professional grade performance designed for daily use. It offers adjustable comfortable strap, tarnish free long lasting shine and comes in premium gift box. Ideal choice for customers looking for a reliable bracelet in the jewelry & watches category at around 14999 rupees.
2985,Malabar Earrings Core 975,Malabar,Jewelry & Watches,Earrings,16649,This earrings from Malabar is a budget friendly option designed for daily use. It offers minimal everyday design, comes in premium gift box and tarnish free long lasting shine. Ideal choice for customers looking for a reliable earrings in the jewelry & watches category at around 16649 rupees.
2986,Titan Pendant Prime 982,Titan,Jewelry & Watches,Pendant,2749,This pendant from Titan is a premium quality product designed for daily use. It offers tarnish free long lasting shine, hallmarked certified purity and elegant gift for special occasions. Ideal choice for customers looking for a reliable pendant in the jewelry & watches category at around 2749 rupees.
2987,Tanishq Nose Pin Nova 989,Tanishq,Jewelry & Watches,Nose Pin,4750,This nose pin from Tanishq is a mid range value for money pick designed for daily use. It offers suitable for formal and party wear, minimal everyday design and scratch resistant glass dial. Ideal choice for customers looking for a reliable nose pin in the jewelry & watches category at around 4750 rupees.
2988,Giva Bangles Lite 996,Giva,Jewelry & Watches,Bangles,38499,This bangles from Giva is a entry level basic model designed for daily use. It offers lightweight comfortable to wear, lightweight comfortable to wear and suitable for formal and party wear. Ideal choice for customers looking for a reliable bangles in the jewelry & watches category at around 38499 rupees.
2989,Daniel W Cufflinks Zen 103,Daniel W,Jewelry & Watches,Cufflinks,4399,This cufflinks from Daniel W is a professional grade performance designed for daily use. It offers comes in premium gift box, water resistant up to fifty meters and adjustable comfortable strap. Ideal choice for customers looking for a reliable cufflinks in the jewelry & watches category at around 4399 rupees.
2990,Tanishq Analog Watch Prime 110,Tanishq,Jewelry & Watches,Analog Watch,7599,This analog watch from Tanishq is a budget friendly option designed for daily use. It offers scratch resistant glass dial, adjustable comfortable strap and water resistant up to fifty meters. Ideal choice for customers looking for a reliable analog watch in the jewelry & watches category at around 7599 rupees.
2991,Giva Smart Watch Neo 117,Giva,Jewelry & Watches,Smart Watch,20249,This smart watch from Giva is a premium quality product designed for daily use. It offers water resistant up to fifty meters, suitable for formal and party wear and lightweight comfortable to wear. Ideal choice for customers looking for a reliable smart watch in the jewelry & watches category at around 20249 rupees.
2992,Daniel W Gold Ring Core 124,Daniel W,Jewelry & Watches,Gold Ring,8747,This gold ring from Daniel W is a mid range value for money pick designed for daily use. It offers hallmarked certified purity, scratch resistant glass dial and minimal everyday design. Ideal choice for customers looking for a reliable gold ring in the jewelry & watches category at around 8747 rupees.
2993,Casio Silver Chain Classic 131,Casio,Jewelry & Watches,Silver Chain,6998,This silver chain from Casio is a entry level basic model designed for daily use. It offers elegant gift for special occasions, elegant gift for special occasions and hallmarked certified purity. Ideal choice for customers looking for a reliable silver chain in the jewelry & watches category at around 6998 rupees.
2994,Sonata Bracelet Nova 138,Sonata,Jewelry & Watches,Bracelet,17499,This bracelet from Sonata is a professional grade performance designed for daily use. It offers adjustable comfortable strap, tarnish free long lasting shine and comes in premium gift box. Ideal choice for customers looking for a reliable bracelet in the jewelry & watches category at around 17499 rupees.
2995,Timex Earrings Elite 145,Timex,Jewelry & Watches,Earrings,25649,This earrings from Timex is a budget friendly option designed for daily use. It offers minimal everyday design, comes in premium gift box and tarnish free long lasting shine. Ideal choice for customers looking for a reliable earrings in the jewelry & watches category at around 25649 rupees.
2996,Fossil Pendant Elite 152,Fossil,Jewelry & Watches,Pendant,15949,This pendant from Fossil is a premium quality product designed for daily use. It offers tarnish free long lasting shine, hallmarked certified purity and elegant gift for special occasions. Ideal choice for customers looking for a reliable pendant in the jewelry & watches category at around 15949 rupees.
2997,Fastrack Nose Pin Classic 159,Fastrack,Jewelry & Watches,Nose Pin,4625,This nose pin from Fastrack is a mid range value for money pick designed for daily use. It offers suitable for formal and party wear, minimal everyday design and scratch resistant glass dial. Ideal choice for customers looking for a reliable nose pin in the jewelry & watches category at around 4625 rupees.
2998,Malabar Bangles Max 166,Malabar,Jewelry & Watches,Bangles,21699,This bangles from Malabar is a entry level basic model designed for daily use. It offers lightweight comfortable to wear, lightweight comfortable to wear and suitable for formal and party wear. Ideal choice for customers looking for a reliable bangles in the jewelry & watches category at around 21699 rupees.
2999,Titan Cufflinks Prime 173,Titan,Jewelry & Watches,Cufflinks,1099,This cufflinks from Titan is a professional grade performance designed for daily use. It offers comes in premium gift box, water resistant up to fifty meters and adjustable comfortable strap. Ideal choice for customers looking for a reliable cufflinks in the jewelry & watches category at around 1099 rupees.
3000,Fastrack Analog Watch Zen 180,Fastrack,Jewelry & Watches,Analog Watch,5199,This analog watch from Fastrack is a budget friendly option designed for daily use. It offers scratch resistant glass dial, adjustable comfortable strap and water resistant up to fifty meters. Ideal choice for customers looking for a reliable analog watch in the jewelry & watches category at around 5199 rupees.
3001,Malabar Smart Watch Neo 187,Malabar,Jewelry & Watches,Smart Watch,41249,This smart watch from Malabar is a premium quality product designed for daily use. It offers water resistant up to fifty meters, suitable for formal and party wear and lightweight comfortable to wear. Ideal choice for customers looking for a reliable smart watch in the jewelry & watches category at around 41249 rupees.
3002,Titan Gold Ring Sport 194,Titan,Jewelry & Watches,Gold Ring,27997,This gold ring from Titan is a mid range value for money pick designed for daily use. It offers hallmarked certified purity, scratch resistant glass dial and minimal everyday design. Ideal choice for customers looking for a reliable gold ring in the jewelry & watches category at around 27997 rupees.
